lon,lat,t,grav
-133.0,38.0,6.989999771118164,-20.522748947143555
-133.0,39.0,6.960000038146973,-12.074541091918944
-133.0,40.0,6.940000057220459,-64.81707763671875
-133.0,41.0,6.980000019073486,-7.305390357971191
-133.0,42.0,7.010000228881836,-24.97701072692871
-133.0,43.0,6.960000038146973,-10.690455436706545
-133.0,44.0,7.019999980926514,-13.607624053955078
-133.0,45.0,6.96999979019165,-21.92203521728516
-133.0,46.0,6.96999979019165,-17.947528839111328
-133.0,47.0,6.960000038146973,-10.635919570922852
-133.0,48.0,6.989999771118164,-15.996280670166016
-133.0,49.0,6.900000095367432,-2.412977933883667
-133.0,50.0,6.869999885559082,-12.899140357971191
-133.0,51.0,6.980000019073486,-3.017485857009888
-133.0,52.0,7.980000019073486,-0.581888735294342
-133.0,53.0,8.020000457763672,-54.913177490234375
-133.0,54.0,13.510000228881836,78.36128234863281
-132.0,38.0,6.960000038146973,-16.11001968383789
-132.0,39.0,6.929999828338623,-13.53318977355957
-132.0,40.0,6.980000019073486,-40.70258712768555
-132.0,41.0,7.050000190734863,-4.441544532775879
-132.0,42.0,6.909999847412109,-9.611688613891602
-132.0,43.0,6.949999809265137,-18.47945213317871
-132.0,44.0,7.050000190734863,-15.051117897033691
-132.0,45.0,7.0,-29.1260929107666
-132.0,46.0,6.980000019073486,-13.603583335876465
-132.0,47.0,6.980000019073486,-12.95730209350586
-132.0,48.0,6.929999828338623,7.718565940856934
-132.0,49.0,6.880000114440918,-13.52365779876709
-132.0,50.0,6.889999866485596,-11.162814140319824
-132.0,51.0,7.949999809265137,-0.0145263373851776
-132.0,52.0,8.010000228881836,-37.13713455200195
-132.0,53.0,17.510000228881836,73.37460327148438
-132.0,54.0,24.59000015258789,9.344508171081545
-131.0,38.0,6.980000019073486,-21.733407974243164
-131.0,39.0,6.909999847412109,17.066917419433594
-131.0,40.0,6.960000038146973,-50.1023063659668
-131.0,41.0,6.980000019073486,-3.019329071044922
-131.0,42.0,6.940000057220459,-4.66825008392334
-131.0,43.0,6.980000019073486,-20.30460548400879
-131.0,44.0,6.989999771118164,-17.977733612060547
-131.0,45.0,6.980000019073486,0.5544335842132568
-131.0,46.0,6.96999979019165,-6.824963569641113
-131.0,47.0,6.960000038146973,-24.552682876586918
-131.0,48.0,6.989999771118164,-10.06178092956543
-131.0,49.0,6.869999885559082,10.601287841796877
-131.0,50.0,7.639999866485596,4.19625186920166
-131.0,51.0,7.949999809265137,-27.52260971069336
-131.0,52.0,14.710000038146973,98.88890075683594
-131.0,53.0,20.459999084472656,-20.632444381713867
-131.0,54.0,24.59000015258789,-23.693897247314453
-130.0,38.0,6.96999979019165,-11.98977279663086
-130.0,39.0,6.920000076293945,-18.28802299499512
-130.0,40.0,6.96999979019165,-48.73817443847656
-130.0,41.0,6.940000057220459,-6.042793273925781
-130.0,42.0,6.980000019073486,-2.950242280960083
-130.0,43.0,7.0,-10.785270690917969
-130.0,44.0,6.949999809265137,-29.585655212402344
-130.0,45.0,6.989999771118164,-6.201231002807617
-130.0,46.0,6.949999809265137,19.550853729248047
-130.0,47.0,8.100000381469727,-0.6286100149154663
-130.0,48.0,9.210000038146973,3.156124353408813
-130.0,49.0,9.359999656677246,-19.15216445922852
-130.0,50.0,8.539999961853027,5.453375816345215
-130.0,51.0,8.75,-59.83774948120117
-130.0,52.0,15.649999618530272,-8.740363121032715
-130.0,53.0,21.61000061035156,-13.954124450683594
-130.0,54.0,29.8799991607666,21.068212509155277
-129.0,38.0,6.980000019073486,-24.276758193969727
-129.0,39.0,6.909999847412109,-12.61509895324707
-129.0,40.0,7.019999980926514,-52.418087005615234
-129.0,41.0,6.980000019073486,-13.469950675964355
-129.0,42.0,6.960000038146973,-1.1058553457260132
-129.0,43.0,6.96999979019165,-9.571681022644045
-129.0,44.0,6.989999771118164,14.618427276611328
-129.0,45.0,6.989999771118164,-6.093942642211914
-129.0,46.0,6.949999809265137,-8.067214012145996
-129.0,47.0,9.300000190734863,-1.3947842121124268
-129.0,48.0,10.279999732971191,6.714704513549805
-129.0,49.0,10.039999961853027,-4.754152297973633
-129.0,50.0,9.079999923706056,-27.897464752197266
-129.0,51.0,14.289999961853027,13.918925285339355
-129.0,52.0,18.90999984741211,5.817845344543457
-129.0,53.0,25.88999938964844,43.41272735595703
-129.0,54.0,29.899999618530277,4.566143989562988
-128.0,38.0,6.949999809265137,-20.31363296508789
-128.0,39.0,6.670000076293945,-11.040464401245115
-128.0,40.0,6.860000133514404,-59.36262512207031
-128.0,41.0,6.46999979019165,7.002755165100098
-128.0,42.0,6.929999828338623,-9.105090141296388
-128.0,43.0,6.929999828338623,2.5698118209838867
-128.0,44.0,6.960000038146973,-2.722144603729248
-128.0,45.0,6.96999979019165,-4.942386627197266
-128.0,46.0,6.590000152587891,-7.388973236083984
-128.0,47.0,6.289999961853027,-7.132467269897461
-128.0,48.0,11.649999618530272,1.1286373138427734
-128.0,49.0,12.59000015258789,-23.731651306152344
-128.0,50.0,16.459999084472656,-64.63866424560547
-128.0,51.0,19.690000534057617,5.037543296813965
-128.0,52.0,19.809999465942383,6.95358943939209
-128.0,53.0,28.6200008392334,4.667884826660156
-128.0,54.0,30.399999618530277,63.77660751342773
-127.0,38.0,6.639999866485596,-21.007322311401367
-127.0,39.0,6.489999771118164,-10.674177169799805
-127.0,40.0,5.670000076293945,-53.98478698730469
-127.0,41.0,6.429999828338623,16.695358276367188
-127.0,42.0,6.789999961853027,-17.425127029418945
-127.0,43.0,6.949999809265137,4.132778167724609
-127.0,44.0,6.980000019073486,-0.6968420743942261
-127.0,45.0,6.809999942779541,-4.487448692321777
-127.0,46.0,7.929999828338623,-6.80452823638916
-127.0,47.0,6.460000038146973,-7.009514808654785
-127.0,48.0,16.190000534057617,-16.668033599853516
-127.0,49.0,21.459999084472656,-41.12259292602539
-127.0,50.0,22.959999084472656,29.13425636291504
-127.0,51.0,28.3700008392334,7.20566463470459
-127.0,52.0,34.29999923706055,56.20441436767578
-127.0,53.0,28.420000076293945,-4.461596488952637
-127.0,54.0,34.0,12.086291313171388
-126.0,38.0,6.71999979019165,-24.29244804382324
-126.0,39.0,6.389999866485596,-25.107711791992188
-126.0,40.0,6.050000190734863,-32.31881332397461
-126.0,41.0,6.070000171661377,-11.437822341918944
-126.0,42.0,6.539999961853027,-17.55253791809082
-126.0,43.0,7.71999979019165,-13.559517860412598
-126.0,44.0,7.610000133514404,-23.10329818725586
-126.0,45.0,6.800000190734863,-27.158655166625977
-126.0,46.0,8.0600004196167,-26.720333099365234
-126.0,47.0,7.679999828338623,-35.517189025878906
-126.0,48.0,8.109999656677246,-25.81138229370117
-126.0,49.0,27.309999465942383,-36.872779846191406
-126.0,50.0,40.0,92.19100952148438
-126.0,51.0,40.0,52.78491973876953
-126.0,52.0,39.34000015258789,152.747802734375
-126.0,53.0,35.220001220703125,-4.5809478759765625
-126.0,54.0,34.0,-11.09742259979248
-125.0,38.0,7.059999942779541,-20.383480072021484
-125.0,39.0,7.699999809265137,-25.50465202331543
-125.0,40.0,7.510000228881836,-27.985652923583984
-125.0,41.0,7.059999942779541,-62.47869110107422
-125.0,42.0,6.630000114440918,-5.274535179138184
-125.0,43.0,12.369999885559082,-23.130523681640625
-125.0,44.0,12.039999961853027,15.206759452819824
-125.0,45.0,11.390000343322754,-30.841976165771484
-125.0,46.0,12.050000190734863,-27.688871383666992
-125.0,47.0,12.720000267028809,-17.230335235595703
-125.0,48.0,14.050000190734863,-50.556640625
-125.0,49.0,34.97999954223633,43.85764694213867
-125.0,50.0,39.9900016784668,-13.943120956420898
-125.0,51.0,37.97999954223633,-83.72003936767578
-125.0,52.0,31.799999237060547,-20.9423770904541
-125.0,53.0,38.59999847412109,-1.76912522315979
-125.0,54.0,39.09999847412109,-36.12199401855469
-124.0,38.0,6.739999771118164,-58.947750091552734
-124.0,39.0,9.789999961853027,-6.800177574157715
-124.0,40.0,14.510000228881836,21.904672622680664
-124.0,41.0,27.1299991607666,-4.529520988464356
-124.0,42.0,21.520000457763672,-0.541237473487854
-124.0,43.0,21.86000061035156,25.02921485900879
-124.0,44.0,22.959999084472656,36.05398178100586
-124.0,45.0,23.07999992370605,47.45010757446289
-124.0,46.0,22.11000061035156,-17.374553680419922
-124.0,47.0,23.3700008392334,-43.92791748046875
-124.0,48.0,23.479999542236328,32.057830810546875
-124.0,49.0,32.38999938964844,104.63037872314452
-124.0,50.0,36.97999954223633,-15.79265022277832
-124.0,51.0,35.939998626708984,32.572113037109375
-124.0,52.0,33.349998474121094,25.93834114074707
-124.0,53.0,34.33000183105469,13.417024612426758
-124.0,54.0,39.040000915527344,-43.67461013793945
-123.0,38.0,14.770000457763672,7.140003204345703
-123.0,39.0,21.989999771118164,43.143680572509766
-123.0,40.0,27.31999969482422,64.36381530761719
-123.0,41.0,30.25,129.13442993164062
-123.0,42.0,26.809999465942383,87.1207504272461
-123.0,43.0,34.36000061035156,-4.3133392333984375
-123.0,44.0,38.16999816894531,-36.86870193481445
-123.0,45.0,30.479999542236328,-30.094501495361328
-123.0,46.0,23.36000061035156,-8.226858139038086
-123.0,47.0,29.1299991607666,28.612144470214844
-123.0,48.0,30.06999969482422,7.4815778732299805
-123.0,49.0,33.29999923706055,-56.023197174072266
-123.0,50.0,34.45000076293945,38.700870513916016
-123.0,51.0,37.20000076293945,18.10606002807617
-123.0,52.0,33.900001525878906,17.686800003051758
-123.0,53.0,30.979999542236328,-9.524507522583008
-123.0,54.0,35.560001373291016,-4.0277204513549805
-122.0,38.0,20.82999992370605,-8.995250701904297
-122.0,39.0,20.959999084472656,-40.113502502441406
-122.0,40.0,25.899999618530277,-35.24750900268555
-122.0,41.0,33.11000061035156,-16.87649154663086
-122.0,42.0,35.45000076293945,2.2596912384033203
-122.0,43.0,39.88999938964844,51.32970428466797
-122.0,44.0,43.630001068115234,21.141571044921875
-122.0,45.0,36.04999923706055,-2.3883955478668213
-122.0,46.0,39.0099983215332,2.148956775665283
-122.0,47.0,43.5099983215332,-2.783491849899292
-122.0,48.0,35.900001525878906,-89.3829574584961
-122.0,49.0,34.970001220703125,-9.939455032348633
-122.0,50.0,33.470001220703125,0.6003710627555847
-122.0,51.0,34.849998474121094,-47.074249267578125
-122.0,52.0,35.2599983215332,8.728981018066406
-122.0,53.0,32.91999816894531,-5.030767440795898
-122.0,54.0,36.290000915527344,-23.41563415527344
-121.0,38.0,25.559999465942383,-43.58473205566406
-121.0,39.0,29.8799991607666,-1.2341814041137695
-121.0,40.0,37.52000045776367,-28.21537971496582
-121.0,41.0,36.900001525878906,32.61849594116211
-121.0,42.0,37.27999877929688,4.024035453796387
-121.0,43.0,38.369998931884766,42.20478439331055
-121.0,44.0,39.93999862670898,-21.267765045166016
-121.0,45.0,41.0,-7.069908142089844
-121.0,46.0,38.290000915527344,25.242372512817383
-121.0,47.0,43.91999816894531,57.89128112792969
-121.0,48.0,43.0099983215332,52.16868591308594
-121.0,49.0,37.119998931884766,3.82234787940979
-121.0,50.0,32.70000076293945,10.884559631347656
-121.0,51.0,33.869998931884766,19.13134384155273
-121.0,52.0,35.81999969482422,2.0140459537506104
-121.0,53.0,28.299999237060547,15.870530128479004
-121.0,54.0,34.599998474121094,-19.989234924316406
-120.0,38.0,30.38999938964844,55.00428009033203
-120.0,39.0,38.72999954223633,-8.291594505310059
-120.0,40.0,37.54999923706055,-3.8509700298309326
-120.0,41.0,37.0,29.36252784729004
-120.0,42.0,36.40999984741211,10.535408973693848
-120.0,43.0,37.84999847412109,-10.48064422607422
-120.0,44.0,35.18000030517578,6.791881561279297
-120.0,45.0,34.63999938964844,39.10929489135742
-120.0,46.0,38.66999816894531,9.16020965576172
-120.0,47.0,38.630001068115234,-31.893686294555664
-120.0,48.0,41.9900016784668,49.617149353027344
-120.0,49.0,33.810001373291016,57.4239387512207
-120.0,50.0,33.5099983215332,24.81120491027832
-120.0,51.0,33.02000045776367,-28.612667083740234
-120.0,52.0,33.0,-45.99799346923828
-120.0,53.0,34.33000183105469,82.58467864990234
-120.0,54.0,37.88999938964844,62.40114212036133
-119.0,38.0,39.59000015258789,-55.29166412353516
-119.0,39.0,39.5,2.354966402053833
-119.0,40.0,34.06999969482422,5.891718864440918
-119.0,41.0,29.81999969482422,2.5033822059631348
-119.0,42.0,28.200000762939453,-14.567606925964355
-119.0,43.0,32.83000183105469,29.629438400268555
-119.0,44.0,33.119998931884766,16.108409881591797
-119.0,45.0,34.400001525878906,-0.1022530943155288
-119.0,46.0,36.77999877929688,-34.5086669921875
-119.0,47.0,37.13999938964844,-27.777984619140625
-119.0,48.0,31.15999984741211,-43.63290023803711
-119.0,49.0,32.0,27.015356063842773
-119.0,50.0,33.20000076293945,44.8711051940918
-119.0,51.0,34.59000015258789,-95.98463439941406
-119.0,52.0,35.20000076293945,19.06119155883789
-119.0,53.0,41.27000045776367,-11.445178031921388
-119.0,54.0,41.970001220703125,-10.105059623718262
