lat,long,z_lows,z_mids,z_ups,z_lowc,z_midc,z_upc
38.0,-121.0,-1.7400000095367432,-1.7400000095367432,-0.7400000095367432,-25.299999237060547,-20.350000381469727,-11.640000343322754
38.0,-120.0,-1.2799999713897705,-1.2799999713897705,-0.7799999713897705,-30.170000076293945,-24.11000061035156,-13.420000076293944
39.0,-121.0,-2.9600000381469727,-2.9600000381469727,-0.959999978542328,-29.84000015258789,-24.200000762939453,-14.25
40.0,-122.0,-1.4700000286102295,-1.4700000286102295,-0.4699999988079071,-25.3700008392334,-20.350000381469727,-11.510000228881836
41.0,-124.0,-3.609999895095825,-3.609999895095825,-2.609999895095825,-27.739999771118164,-15.670000076293944,-8.430000305175781
44.0,-123.0,-1.3600000143051147,-1.3600000143051147,-0.6600000262260437,-37.83000183105469,-30.170000076293945,-16.68000030517578
45.0,-123.0,-0.9700000286102296,-0.9700000286102296,-0.7699999809265137,-30.25,-24.100000381469727,-13.270000457763672
48.0,-124.0,-4.010000228881836,-4.010000228881836,-1.0099999904632568,-23.489999771118164,-17.260000228881836,-10.640000343322754
48.0,-122.0,-1.6200000047683716,-1.6200000047683716,-0.9200000166893004,-35.81999969482422,-23.850000381469727,-11.199999809265137
49.0,-125.0,-4.670000076293945,-4.670000076293945,-2.1700000762939453,-35.150001525878906,-25.399999618530277,-15.029999732971191
49.0,-122.0,-1.100000023841858,-1.100000023841858,-0.8999999761581421,-34.869998931884766,-23.049999237060547,-10.550000190734863
52.0,-129.0,-3.039999961853028,-3.039999961853028,-2.25,-19.149999618530277,-14.0,-8.520000457763672
53.0,-130.0,-2.700000047683716,-2.700000047683716,-2.200000047683716,-21.809999465942383,-15.6899995803833,-9.199999809265137
54.0,-131.0,-2.5,-2.5,-2.0,-24.59000015258789,-17.520000457763672,-10.010000228881836
