long,lat,FA
-128.9166696449996,45.10000090199982,-8.326332092285156
-128.9166696449996,45.21666757099982,-4.583536148071289
-128.9166696449996,45.33333423999981,-5.879003524780273
-128.9166696449996,45.45000090899981,-4.933279991149902
-128.9166696449996,45.56666757799981,-5.931483268737793
-128.9166696449996,45.683334246999806,-8.236231803894043
-128.9166696449996,45.8000009159998,-6.043553352355957
-128.9166696449996,45.9166675849998,-7.975963592529297
-128.9166696449996,46.0333342539998,-9.118926048278809
-128.9166696449996,46.150000922999794,-9.024581909179688
-128.9166696449996,46.26666759199979,-8.819817543029785
-128.9166696449996,46.38333426099979,-7.816226005554199
-128.9166696449996,46.500000929999786,-4.948735237121582
-128.9166696449996,46.61666759899978,-10.233673095703123
-128.9166696449996,46.73333426799978,-8.707416534423828
-128.9166696449996,46.85000093699978,-5.882935523986816
-128.9166696449996,46.966667605999774,-5.478029251098633
-128.80000297599958,45.10000090199982,-8.75272274017334
-128.80000297599958,45.21666757099982,-5.599267959594727
-128.80000297599958,45.33333423999981,-2.941872358322144
-128.80000297599958,45.45000090899981,-1.9266456365585327
-128.80000297599958,45.56666757799981,-4.739668846130371
-128.80000297599958,45.683334246999806,-1.5340508222579956
-128.80000297599958,45.8000009159998,-7.4431657791137695
-128.80000297599958,45.9166675849998,-5.480074882507324
-128.80000297599958,46.0333342539998,-9.787012100219728
-128.80000297599958,46.150000922999794,-6.611700057983398
-128.80000297599958,46.26666759199979,-1.1174769401550293
-128.80000297599958,46.38333426099979,-10.745023727416992
-128.80000297599958,46.500000929999786,-10.489297866821287
-128.80000297599958,46.61666759899978,-12.195898056030272
-128.80000297599958,46.73333426799978,-10.138514518737791
-128.80000297599958,46.85000093699978,-9.437854766845703
-128.80000297599958,46.966667605999774,-7.069133758544922
-128.68333630699956,45.10000090199982,-11.992112159729004
-128.68333630699956,45.21666757099982,-7.600493431091309
-128.68333630699956,45.33333423999981,-0.5921834111213684
-128.68333630699956,45.45000090899981,-2.7879350185394287
-128.68333630699956,45.56666757799981,-2.6572036743164062
-128.68333630699956,45.683334246999806,-5.258827209472656
-128.68333630699956,45.8000009159998,-4.413478851318359
-128.68333630699956,45.9166675849998,-5.306739807128906
-128.68333630699956,46.0333342539998,4.143548965454102
-128.68333630699956,46.150000922999794,-10.612760543823242
-128.68333630699956,46.26666759199979,-8.141467094421387
-128.68333630699956,46.38333426099979,-8.978875160217285
-128.68333630699956,46.500000929999786,-10.774044036865234
-128.68333630699956,46.61666759899978,-10.054034233093262
-128.68333630699956,46.73333426799978,-9.588858604431152
-128.68333630699956,46.85000093699978,-12.248720169067385
-128.68333630699956,46.966667605999774,-9.680928230285645
-128.56666963799955,45.10000090199982,-8.945996284484863
-128.56666963799955,45.21666757099982,-6.667681694030762
-128.56666963799955,45.33333423999981,-5.193661689758301
-128.56666963799955,45.45000090899981,-3.140823602676392
-128.56666963799955,45.56666757799981,-4.2403564453125
-128.56666963799955,45.683334246999806,-2.6718344688415527
-128.56666963799955,45.8000009159998,-4.861985206604004
-128.56666963799955,45.9166675849998,-4.667392730712891
-128.56666963799955,46.0333342539998,11.42506504058838
-128.56666963799955,46.150000922999794,-4.403268814086914
-128.56666963799955,46.26666759199979,-7.817137718200684
-128.56666963799955,46.38333426099979,-8.942122459411621
-128.56666963799955,46.500000929999786,-9.081664085388184
-128.56666963799955,46.61666759899978,-7.7030744552612305
-128.56666963799955,46.73333426799978,-9.055829048156738
-128.56666963799955,46.85000093699978,-8.41766357421875
-128.56666963799955,46.966667605999774,-10.06052589416504
-128.45000296899954,45.10000090199982,-10.848078727722168
-128.45000296899954,45.21666757099982,-3.0723445415496826
-128.45000296899954,45.33333423999981,-5.703444480895996
-128.45000296899954,45.45000090899981,-3.432048320770264
-128.45000296899954,45.56666757799981,-4.742822647094727
-128.45000296899954,45.683334246999806,-3.4984326362609863
-128.45000296899954,45.8000009159998,-1.9918427467346191
-128.45000296899954,45.9166675849998,-2.363677263259888
-128.45000296899954,46.0333342539998,-1.6581714153289795
-128.45000296899954,46.150000922999794,-7.381833076477051
-128.45000296899954,46.26666759199979,-7.003353118896484
-128.45000296899954,46.38333426099979,-7.526280403137207
-128.45000296899954,46.500000929999786,-6.371940612792969
-128.45000296899954,46.61666759899978,-7.086578369140625
-128.45000296899954,46.73333426799978,-6.8908281326293945
-128.45000296899954,46.85000093699978,-2.8847527503967285
-128.45000296899954,46.966667605999774,-5.500654220581055
-128.33333629999953,45.10000090199982,-5.922931671142578
-128.33333629999953,45.21666757099982,-2.8857169151306152
-128.33333629999953,45.33333423999981,-4.214304924011231
-128.33333629999953,45.45000090899981,-5.642650604248047
-128.33333629999953,45.56666757799981,-4.914121627807617
-128.33333629999953,45.683334246999806,-1.9475401639938357
-128.33333629999953,45.8000009159998,-4.417767524719238
-128.33333629999953,45.9166675849998,-4.964883804321289
-128.33333629999953,46.0333342539998,-5.640677452087402
-128.33333629999953,46.150000922999794,-4.016526699066162
-128.33333629999953,46.26666759199979,-4.474414825439453
-128.33333629999953,46.38333426099979,-5.491498947143555
-128.33333629999953,46.500000929999786,-5.429618835449219
-128.33333629999953,46.61666759899978,-8.27527141571045
-128.33333629999953,46.73333426799978,-9.525394439697266
-128.33333629999953,46.85000093699978,2.644766330718994
-128.33333629999953,46.966667605999774,-8.264679908752441
-128.21666963099952,45.10000090199982,-9.322394371032717
-128.21666963099952,45.21666757099982,-7.4395751953125
-128.21666963099952,45.33333423999981,-7.793059349060059
-128.21666963099952,45.45000090899981,-5.283980369567871
-128.21666963099952,45.56666757799981,-4.378054618835449
-128.21666963099952,45.683334246999806,-4.886967658996582
-128.21666963099952,45.8000009159998,-6.533028602600098
-128.21666963099952,45.9166675849998,-7.658310890197754
-128.21666963099952,46.0333342539998,-5.870013236999512
-128.21666963099952,46.150000922999794,-7.979415893554687
-128.21666963099952,46.26666759199979,-8.690291404724121
-128.21666963099952,46.38333426099979,-11.273475646972656
-128.21666963099952,46.500000929999786,-10.536359786987305
-128.21666963099952,46.61666759899978,-12.507145881652832
-128.21666963099952,46.73333426799978,-11.29348087310791
-128.21666963099952,46.85000093699978,-10.832659721374512
-128.21666963099952,46.966667605999774,-11.272856712341309
-128.1000029619995,45.10000090199982,-10.404295921325684
-128.1000029619995,45.21666757099982,-12.911789894104004
-128.1000029619995,45.33333423999981,-9.508238792419434
-128.1000029619995,45.45000090899981,-13.403971672058104
-128.1000029619995,45.56666757799981,-8.197488784790039
-128.1000029619995,45.683334246999806,-7.210604667663574
-128.1000029619995,45.8000009159998,-7.770066261291504
-128.1000029619995,45.9166675849998,-6.730405807495117
-128.1000029619995,46.0333342539998,-6.281786918640137
-128.1000029619995,46.150000922999794,-8.956904411315918
-128.1000029619995,46.26666759199979,-13.797232627868652
-128.1000029619995,46.38333426099979,-13.064271926879885
-128.1000029619995,46.500000929999786,-12.778441429138184
-128.1000029619995,46.61666759899978,-9.5745267868042
-128.1000029619995,46.73333426799978,-11.43448543548584
-128.1000029619995,46.85000093699978,-7.844744682312012
-128.1000029619995,46.966667605999774,-10.475403785705566
-127.98333629299952,45.10000090199982,-7.423428535461426
-127.98333629299952,45.21666757099982,-7.396086692810059
-127.98333629299952,45.33333423999981,-5.789030075073242
-127.98333629299952,45.45000090899981,-13.828804969787598
-127.98333629299952,45.56666757799981,-6.808950424194336
-127.98333629299952,45.683334246999806,-5.85457706451416
-127.98333629299952,45.8000009159998,-8.337236404418945
-127.98333629299952,45.9166675849998,-10.443933486938477
-127.98333629299952,46.0333342539998,-7.388973236083984
-127.98333629299952,46.150000922999794,-8.150397300720215
-127.98333629299952,46.26666759199979,-7.456796646118164
-127.98333629299952,46.38333426099979,-12.159422874450684
-127.98333629299952,46.500000929999786,-10.190115928649902
-127.98333629299952,46.61666759899978,-10.90251350402832
-127.98333629299952,46.73333426799978,-9.28341007232666
-127.98333629299952,46.85000093699978,-8.483508110046387
-127.98333629299952,46.966667605999774,-7.132467269897461
-127.86666962399951,45.10000090199982,-6.8306169509887695
-127.86666962399951,45.21666757099982,-15.14770221710205
-127.86666962399951,45.33333423999981,-15.89342975616455
-127.86666962399951,45.45000090899981,-14.781920433044434
-127.86666962399951,45.56666757799981,-11.722978591918944
-127.86666962399951,45.683334246999806,-12.1174955368042
-127.86666962399951,45.8000009159998,-11.598244667053224
-127.86666962399951,45.9166675849998,-8.122152328491211
-127.86666962399951,46.0333342539998,-7.3938188552856445
-127.86666962399951,46.150000922999794,-7.966601371765137
-127.86666962399951,46.26666759199979,-4.19831657409668
-127.86666962399951,46.38333426099979,-6.0896406173706055
-127.86666962399951,46.500000929999786,-8.240154266357422
-127.86666962399951,46.61666759899978,-8.589700698852539
-127.86666962399951,46.73333426799978,-5.839917182922363
-127.86666962399951,46.85000093699978,-6.078886032104492
-127.86666962399951,46.966667605999774,-7.828484535217285
-127.75000295499952,45.10000090199982,-9.391390800476074
-127.75000295499952,45.21666757099982,-17.795162200927734
-127.75000295499952,45.33333423999981,-12.215713500976562
-127.75000295499952,45.45000090899981,-13.37673282623291
-127.75000295499952,45.56666757799981,-10.32021141052246
-127.75000295499952,45.683334246999806,-7.049023628234863
-127.75000295499952,45.8000009159998,-10.62328815460205
-127.75000295499952,45.9166675849998,-8.326087951660156
-127.75000295499952,46.0333342539998,-7.277694702148437
-127.75000295499952,46.150000922999794,-7.263557434082031
-127.75000295499952,46.26666759199979,-5.076415061950684
-127.75000295499952,46.38333426099979,-4.057233810424805
-127.75000295499952,46.500000929999786,-4.707058906555176
-127.75000295499952,46.61666759899978,-4.522679328918457
-127.75000295499952,46.73333426799978,-10.458229064941406
-127.75000295499952,46.85000093699978,-9.47215747833252
-127.75000295499952,46.966667605999774,-9.270526885986328
-127.63333628599952,45.10000090199982,-8.993409156799316
-127.63333628599952,45.21666757099982,-12.12204933166504
-127.63333628599952,45.33333423999981,-7.099649429321289
-127.63333628599952,45.45000090899981,-5.632911682128906
-127.63333628599952,45.56666757799981,-9.342623710632324
-127.63333628599952,45.683334246999806,-10.241192817687988
-127.63333628599952,45.8000009159998,-8.704767227172852
-127.63333628599952,45.9166675849998,-2.644075632095337
-127.63333628599952,46.0333342539998,-7.110342979431152
-127.63333628599952,46.150000922999794,-5.931593894958496
-127.63333628599952,46.26666759199979,-6.032253265380859
-127.63333628599952,46.38333426099979,-5.739419937133789
-127.63333628599952,46.500000929999786,-4.655054092407227
-127.63333628599952,46.61666759899978,-3.004929780960083
-127.63333628599952,46.73333426799978,-5.539200782775879
-127.63333628599952,46.85000093699978,-3.651047945022583
-127.63333628599952,46.966667605999774,-6.723939895629883
-127.51666961699952,45.10000090199982,-8.488273620605469
-127.51666961699952,45.21666757099982,-7.391718864440918
-127.51666961699952,45.33333423999981,-9.673142433166504
-127.51666961699952,45.45000090899981,-6.948390960693359
-127.51666961699952,45.56666757799981,-7.458233833312988
-127.51666961699952,45.683334246999806,-5.848645210266113
-127.51666961699952,45.8000009159998,-7.493641853332519
-127.51666961699952,45.9166675849998,-4.287635803222656
-127.51666961699952,46.0333342539998,-3.046884775161743
-127.51666961699952,46.150000922999794,-5.257298469543457
-127.51666961699952,46.26666759199979,-4.004351615905762
-127.51666961699952,46.38333426099979,-6.17152214050293
-127.51666961699952,46.500000929999786,0.6072384119033813
-127.51666961699952,46.61666759899978,-3.2954964637756348
-127.51666961699952,46.73333426799978,-5.937817573547363
-127.51666961699952,46.85000093699978,-8.574712753295898
-127.51666961699952,46.966667605999774,-6.712485313415527
-127.40000294799952,45.10000090199982,-9.867147445678713
-127.40000294799952,45.21666757099982,-10.55217456817627
-127.40000294799952,45.33333423999981,-9.289400100708008
-127.40000294799952,45.45000090899981,-4.03549337387085
-127.40000294799952,45.56666757799981,-4.792502403259277
-127.40000294799952,45.683334246999806,-6.362067222595215
-127.40000294799952,45.8000009159998,-8.764150619506836
-127.40000294799952,45.9166675849998,-1.1174371242523191
-127.40000294799952,46.0333342539998,-7.040185928344727
-127.40000294799952,46.150000922999794,-5.405885696411133
-127.40000294799952,46.26666759199979,-3.5202107429504395
-127.40000294799952,46.38333426099979,-6.184398651123047
-127.40000294799952,46.500000929999786,-6.637699127197266
-127.40000294799952,46.61666759899978,-4.8069257736206055
-127.40000294799952,46.73333426799978,-6.0763044357299805
-127.40000294799952,46.85000093699978,-6.702265739440918
-127.40000294799952,46.966667605999774,-6.033424377441406
-127.28333627899951,45.10000090199982,-7.839395523071289
-127.28333627899951,45.21666757099982,-10.204028129577637
-127.28333627899951,45.33333423999981,-12.5595064163208
-127.28333627899951,45.45000090899981,-10.726322174072266
-127.28333627899951,45.56666757799981,-6.3886260986328125
-127.28333627899951,45.683334246999806,-8.686875343322754
-127.28333627899951,45.8000009159998,-10.34493923187256
-127.28333627899951,45.9166675849998,-5.973881721496582
-127.28333627899951,46.0333342539998,-5.502647399902344
-127.28333627899951,46.150000922999794,-1.2703030109405518
-127.28333627899951,46.26666759199979,-2.0834264755249023
-127.28333627899951,46.38333426099979,-3.1839849948883057
-127.28333627899951,46.500000929999786,-3.599548578262329
-127.28333627899951,46.61666759899978,-4.195791721343994
-127.28333627899951,46.73333426799978,-4.262265682220459
-127.28333627899951,46.85000093699978,-4.982996940612793
-127.28333627899951,46.966667605999774,-3.527906656265259
-127.16666960999952,45.10000090199982,-6.001690864562988
-127.16666960999952,45.21666757099982,-10.38893985748291
-127.16666960999952,45.33333423999981,-14.277299880981444
-127.16666960999952,45.45000090899981,-13.609458923339844
-127.16666960999952,45.56666757799981,-12.478251457214355
-127.16666960999952,45.683334246999806,-11.191949844360352
-127.16666960999952,45.8000009159998,-6.687557220458984
-127.16666960999952,45.9166675849998,-8.429305076599121
-127.16666960999952,46.0333342539998,-7.281376838684082
-127.16666960999952,46.150000922999794,-6.754721641540527
-127.16666960999952,46.26666759199979,-5.213109970092773
-127.16666960999952,46.38333426099979,-1.445778489112854
-127.16666960999952,46.500000929999786,-3.0481536388397217
-127.16666960999952,46.61666759899978,-6.265089988708496
-127.16666960999952,46.73333426799978,-6.721988677978516
-127.16666960999952,46.85000093699978,-7.718393325805664
-127.16666960999952,46.966667605999774,-8.749149322509766
-127.05000294099952,45.10000090199982,-7.077943801879883
-127.05000294099952,45.21666757099982,-5.014227867126465
-127.05000294099952,45.33333423999981,-3.1410813331604004
-127.05000294099952,45.45000090899981,-4.916982650756836
-127.05000294099952,45.56666757799981,-5.213861465454102
-127.05000294099952,45.683334246999806,-8.226167678833008
-127.05000294099952,45.8000009159998,-2.984104871749878
-127.05000294099952,45.9166675849998,-7.411725044250488
-127.05000294099952,46.0333342539998,-6.80452823638916
-127.05000294099952,46.150000922999794,-7.1768293380737305
-127.05000294099952,46.26666759199979,-10.35440731048584
-127.05000294099952,46.38333426099979,-6.24522590637207
-127.05000294099952,46.500000929999786,-5.146489143371582
-127.05000294099952,46.61666759899978,-9.314369201660156
-127.05000294099952,46.73333426799978,-7.2983856201171875
-127.05000294099952,46.85000093699978,-6.077028274536133
-127.05000294099952,46.966667605999774,-7.009514808654785
