lat,lon,age,q_ihfc,q_ps,q_stein,FA,ps_z,stein_z,z
48.75,-127.75,2.9062791,200.0,277.5185384,299.1586169,-25.61454201,3096.673436,3222.245155,-2546.0
47.9,-127.2,4.359262,161.0,226.597009,244.2663766,-11.43339062,3230.759601,3362.07787,-2587.0
47.9,-127.65,3.1907601,304.0,264.8582972,285.5111674,3.032176971,3125.19446,3251.988508,-2652.0
48.68,-126.87,5.5437579,60.8,200.9363601,216.6047859,-33.3253479,3324.081515,3459.399294,-1256.0
48.69,-126.87,5.5437579,63.7,200.9363601,216.6047859,-33.3253479,3324.081515,3459.399294,-1242.0
48.69,-126.88,5.5437579,68.9,200.9363601,216.6047859,-27.44796753,3324.081515,3459.399294,-1285.0
48.69,-126.86,5.5437579,53.3,200.9363601,216.6047859,-33.3253479,3324.081515,3459.399294,-1202.0
48.67,-126.85,5.752306,59.5,197.2602906,212.6420673,-33.3253479,3339.438792,3475.41474,-1275.0
47.94,-128.9,0.43398958,84.0,718.1596621,774.159638,-4.45633316,2730.572599,2840.454282,-2399.0
47.92,-128.85,0.66285837,136.0,581.0992123,626.4116178,-10.49689579,2784.956401,2897.168818,-2578.0
47.9,-128.74,0.91232389,440.0,495.3203091,533.9439284,-8.577288628,2834.304766,2948.632113,-2630.0
47.74,-127.91,2.9722376,345.0,274.4219822,295.8206004,-0.58204329,3103.406253,3229.266521,-2635.0
47.73,-127.88,2.9722376,129.0,274.4219822,295.8206004,-0.58204329,3103.406253,3229.266521,-2641.0
47.87,-128.59,1.1679138,439.0,437.7793418,471.9160858,-5.80466938,2878.245212,2994.455721,-2628.0
47.85,-128.47,1.414219,334.0,397.8343928,428.8563473,-8.135784149,2916.22329,3034.061431,-2664.0
47.89,-128.66,0.91232389,900.0,495.3203091,533.9439284,-8.577288628,2834.304766,2948.632113,-2619.0
47.79,-128.21,2.1661963,267.0,321.4487595,346.5143873,-3.510086775,3015.130126,3137.207131,-2653.0
48.67,-126.86,5.5437579,62.2,200.9363601,216.6047859,-33.3253479,3324.081515,3459.399294,-1270.0
48.69,-126.9,5.5437579,7.5,200.9363601,216.6047859,-27.44796753,3324.081515,3459.399294,-1313.0
48.68,-126.88,5.5437579,58.0,200.9363601,216.6047859,-27.44796753,3324.081515,3459.399294,-1277.0
48.67,-126.88,5.5437579,59.4,200.9363601,216.6047859,-27.44796753,3324.081515,3459.399294,-1313.0
48.67,-126.87,5.5437579,58.8,200.9363601,216.6047859,-33.3253479,3324.081515,3459.399294,-1280.0
48.66,-126.87,5.5437579,63.8,200.9363601,216.6047859,-33.3253479,3324.081515,3459.399294,-1331.0
48.68,-126.86,5.5437579,60.7,200.9363601,216.6047859,-33.3253479,3324.081515,3459.399294,-1242.0
48.65,-126.91,5.0980859,74.2,209.5352452,225.8741866,-40.77328873,3290.262945,3424.131357,-1298.0
48.66,-126.89,5.5437579,66.6,200.9363601,216.6047859,-27.44796753,3324.081515,3459.399294,-1316.0
48.68,-126.85,5.752306,60.4,197.2602906,212.6420673,-33.3253479,3339.438792,3475.41474,-1234.0
48.68,-126.84,5.752306,42.4,197.2602906,212.6420673,-33.3253479,3339.438792,3475.41474,-1338.0
48.69,-126.84,5.752306,41.8,197.2602906,212.6420673,-33.3253479,3339.438792,3475.41474,-1369.0
48.65,-126.9,5.0980859,67.1,209.5352452,225.8741866,-40.77328873,3290.262945,3424.131357,-1295.0
48.69,-126.83,5.752306,54.2,197.2602906,212.6420673,-33.3253479,3339.438792,3475.41474,-1412.0
48.69,-126.82,5.752306,69.9,197.2602906,212.6420673,-33.3253479,3339.438792,3475.41474,-1421.0
48.7,-126.82,5.752306,77.7,197.2602906,212.6420673,-33.3253479,3339.438792,3475.41474,-1419.0
48.66,-126.9,5.5437579,65.2,200.9363601,216.6047859,-27.44796753,3324.081515,3459.399294,-1272.0
48.7,-126.81,5.752306,63.5,197.2602906,212.6420673,-33.3253479,3339.438792,3475.41474,-1413.0
48.71,-126.79,5.752306,61.1,197.2602906,212.6420673,-33.3253479,3339.438792,3475.41474,-1310.0
48.44,-128.47,1.1955065,338.0,432.697801,466.4383015,-4.410299301,2882.68727,2999.088152,-2572.0
48.44,-128.46,1.1955065,295.0,432.697801,466.4383015,-4.410299301,2882.68727,2999.088152,-2582.0
48.44,-128.45,1.3642263,293.0,405.0582202,436.6434675,-4.410299301,2908.800345,3026.320359,-2584.0
48.44,-128.44,1.3642263,292.0,405.0582202,436.6434675,-4.410299301,2908.800345,3026.320359,-2529.0
48.44,-128.43,1.3642263,303.0,405.0582202,436.6434675,-4.410299301,2908.800345,3026.320359,-2557.0
48.44,-128.42,1.3642263,330.0,405.0582202,436.6434675,-4.410299301,2908.800345,3026.320359,-2578.0
48.44,-128.41,1.3642263,310.0,405.0582202,436.6434675,-4.410299301,2908.800345,3026.320359,-2581.0
48.44,-128.4,1.3642263,368.0,405.0582202,436.6434675,-4.410299301,2908.800345,3026.320359,-2583.0
48.43,-128.4,1.3642263,369.0,405.0582202,436.6434675,-4.410299301,2908.800345,3026.320359,-2586.0
48.43,-128.39,1.3642263,389.0,405.0582202,436.6434675,1.557503343,2908.800345,3026.320359,-2581.0
48.46,-128.67,0.59159386,170.0,615.1043949,663.0684244,-10.74924183,2769.202986,2880.740257,-2474.0
48.46,-128.64,0.8665905,512.0,508.2222764,547.851953,-10.74924183,2825.81795,2939.781576,-2459.0
48.46,-128.62,0.8665905,458.0,508.2222764,547.851953,8.065933228,2825.81795,2939.781576,-2400.0
48.46,-128.61,0.8665905,1360.0,508.2222764,547.851953,8.065933228,2825.81795,2939.781576,-2345.0
48.46,-128.68,0.59159386,348.0,615.1043949,663.0684244,-10.74924183,2769.202986,2880.740257,-2472.0
48.46,-128.66,0.59159386,376.0,615.1043949,663.0684244,-10.74924183,2769.202986,2880.740257,-2475.0
48.46,-128.65,0.59159386,229.0,615.1043949,663.0684244,-10.74924183,2769.202986,2880.740257,-2478.0
48.46,-128.63,0.8665905,209.0,508.2222764,547.851953,-10.74924183,2825.81795,2939.781576,-2346.0
48.46,-128.6,0.8665905,396.0,508.2222764,547.851953,8.065933228,2825.81795,2939.781576,-2331.0
48.45,-128.59,0.8665905,155.0,508.2222764,547.851953,8.065933228,2825.81795,2939.781576,-2406.0
48.45,-128.58,0.8665905,333.0,508.2222764,547.851953,8.065933228,2825.81795,2939.781576,-2426.0
48.45,-128.57,0.8665905,145.0,508.2222764,547.851953,8.065933228,2825.81795,2939.781576,-2373.0
48.45,-128.56,0.8665905,134.0,508.2222764,547.851953,8.065933228,2825.81795,2939.781576,-2390.0
48.45,-128.55,0.8665905,233.0,508.2222764,547.851953,8.065933228,2825.81795,2939.781576,-2437.0
48.45,-128.53,1.1157724,173.0,447.8915322,482.8167951,8.065933228,2869.705449,2985.549968,-2432.0
48.45,-128.52,1.1157724,335.0,447.8915322,482.8167951,8.065933228,2869.705449,2985.549968,-2439.0
48.45,-128.51,1.1157724,137.0,447.8915322,482.8167951,8.065933228,2869.705449,2985.549968,-2456.0
48.45,-128.5,1.1157724,145.0,447.8915322,482.8167951,-4.410299301,2869.705449,2985.549968,-2488.0
48.44,-128.49,1.1955065,171.0,432.697801,466.4383015,-4.410299301,2882.68727,2999.088152,-2539.0
48.44,-128.48,1.1955065,184.0,432.697801,466.4383015,-4.410299301,2882.68727,2999.088152,-2556.0
48.36,-126.23,6.6210885,87.0,183.8636861,198.2008349,-8.39423275,3400.601655,3539.198869,-1010.0
48.35,-126.24,6.6210885,92.0,183.8636861,198.2008349,-8.39423275,3400.601655,3539.198869,-1034.0
48.35,-126.25,6.40137,83.0,186.9925025,201.5736273,-8.39423275,3385.532509,3523.483903,-1059.0
48.34,-126.26,6.5365396,90.0,185.0489864,199.4785615,-8.39423275,3394.833002,3533.182988,-1042.0
48.32,-126.31,6.5365396,103.0,185.0489864,199.4785615,-18.40250206,3394.833002,3533.182988,-1359.0
48.32,-126.33,6.5365396,66.0,185.0489864,199.4785615,-18.40250206,3394.833002,3533.182988,-1305.0
48.31,-126.35,6.5365396,76.0,185.0489864,199.4785615,-18.40250206,3394.833002,3533.182988,-1325.0
48.31,-126.37,6.2660885,91.0,189.0002579,203.7379415,-18.40250206,3376.125471,3513.673706,-1402.0
48.3,-126.39,6.2660885,79.0,189.0002579,203.7379415,-23.99115753,3376.125471,3513.673706,-1682.0
48.3,-126.42,6.2660885,95.0,189.0002579,203.7379415,-40.74657059,3376.125471,3513.673706,-1885.0
48.29,-126.44,6.2660885,93.0,189.0002579,203.7379415,-40.74657059,3376.125471,3513.673706,-2042.0
48.29,-126.46,5.9780002,89.0,193.5007695,208.5893897,-40.74657059,3355.748225,3492.423149,-2080.0
48.28,-126.48,5.9780002,124.0,193.5007695,208.5893897,-40.74657059,3355.748225,3492.423149,-2037.0
48.27,-126.5,5.9780002,119.0,193.5007695,208.5893897,-40.74657059,3355.748225,3492.423149,-2104.0
48.27,-126.52,5.9780002,118.0,193.5007695,208.5893897,-40.74657059,3355.748225,3492.423149,-2150.0
48.26,-126.55,5.7164354,103.0,197.8782263,213.3081878,-44.26250076,3336.817385,3472.680988,-2058.0
48.26,-126.57,5.7164354,91.0,197.8782263,213.3081878,-44.26250076,3336.817385,3472.680988,-2075.0
48.16,-126.61,5.7203693,106.0,197.8101742,213.2348291,-45.47949982,3337.105274,3472.981214,-2503.0
48.15,-126.63,5.9089842,112.0,194.6275181,209.8039989,-45.47949982,3350.794079,3487.256682,-2512.0
48.14,-126.64,5.9089842,115.0,194.6275181,209.8039989,-45.47949982,3350.794079,3487.256682,-2520.0
48.14,-126.65,5.7152658,116.0,197.8984727,213.3300129,-42.68918228,3336.731773,3472.591706,-2525.0
48.13,-126.66,5.7152658,114.0,197.8984727,213.3300129,-42.68918228,3336.731773,3472.591706,-2525.0
48.13,-126.67,5.7152658,122.0,197.8984727,213.3300129,-42.68918228,3336.731773,3472.591706,-2526.0
48.12,-126.68,5.7152658,127.0,197.8984727,213.3300129,-42.68918228,3336.731773,3472.591706,-2525.0
48.12,-126.69,5.7152658,120.0,197.8984727,213.3300129,-42.68918228,3336.731773,3472.591706,-2526.0
48.11,-126.7,5.7152658,118.0,197.8984727,213.3300129,-42.68918228,3336.731773,3472.591706,-2527.0
48.11,-126.71,5.7152658,124.0,197.8984727,213.3300129,-42.68918228,3336.731773,3472.591706,-2530.0
48.1,-126.72,5.7152658,123.0,197.8984727,213.3300129,-42.68918228,3336.731773,3472.591706,-2519.0
48.09,-126.73,5.7152658,141.0,197.8984727,213.3300129,-42.68918228,3336.731773,3472.591706,-2495.0
48.09,-126.74,5.7152658,142.0,197.8984727,213.3300129,-42.68918228,3336.731773,3472.591706,-2494.0
48.08,-126.75,5.4567189,136.0,202.5325674,218.3254606,-42.68918228,3317.586733,3452.626164,-2492.0
48.08,-126.76,5.4567189,121.0,202.5325674,218.3254606,-35.76579285,3317.586733,3452.626164,-2496.0
48.07,-126.77,5.4567189,78.0,202.5325674,218.3254606,-23.55309105,3317.586733,3452.626164,-2480.0
48.07,-126.78,5.4567189,135.0,202.5325674,218.3254606,-23.55309105,3317.586733,3452.626164,-2482.0
48.56,-127.08,4.5077429,109.0,222.8338121,240.2097366,-50.09257126,3243.100602,3374.947771,-2550.0
48.55,-127.09,4.3637662,108.0,226.4800342,244.1402804,-50.09257126,3231.137032,3362.471476,-2561.0
48.55,-127.1,4.3637662,118.0,226.4800342,244.1402804,-50.09257126,3231.137032,3362.471476,-2562.0
48.66,-126.88,5.5437579,97.0,200.9363601,216.6047859,-27.44796753,3324.081515,3459.399294,-1341.0
48.65,-126.89,5.0980859,107.0,209.5352452,225.8741866,-40.77328873,3290.262945,3424.131357,-1333.0
48.64,-126.91,5.0980859,96.0,209.5352452,225.8741866,-40.77328873,3290.262945,3424.131357,-1303.0
48.64,-126.92,5.0980859,103.0,209.5352452,225.8741866,-40.77328873,3290.262945,3424.131357,-1343.0
48.63,-126.93,5.0980859,84.0,209.5352452,225.8741866,-40.77328873,3290.262945,3424.131357,-1581.0
48.63,-126.94,5.0980859,84.0,209.5352452,225.8741866,-40.77328873,3290.262945,3424.131357,-1825.0
48.63,-126.95,4.8090472,109.0,215.7402309,232.5630189,-40.77328873,3267.533896,3400.428206,-1992.0
48.62,-126.96,4.8090472,102.0,215.7402309,232.5630189,-40.77328873,3267.533896,3400.428206,-2139.0
48.61,-126.97,4.8090472,109.0,215.7402309,232.5630189,-40.77328873,3267.533896,3400.428206,-2217.0
48.61,-126.98,4.8090472,110.0,215.7402309,232.5630189,-40.77328873,3267.533896,3400.428206,-2220.0
48.76,-126.67,6.336699,82.0,187.9442831,202.5996249,-26.99560928,3381.048028,3518.807229,-1042.0
48.74,-126.7,5.9347811,81.0,194.2040607,209.3475215,-26.99560928,3352.649216,3489.191325,-1229.0
48.74,-126.72,5.9347811,75.0,194.2040607,209.3475215,-26.99560928,3352.649216,3489.191325,-1232.0
48.73,-126.73,5.9347811,67.0,194.2040607,209.3475215,-26.99560928,3352.649216,3489.191325,-1288.0
48.72,-126.75,5.752306,82.0,197.2602906,212.6420673,-26.99560928,3339.438792,3475.41474,-1334.0
48.71,-126.76,5.752306,72.0,197.2602906,212.6420673,-33.3253479,3339.438792,3475.41474,-1324.0
48.71,-126.78,5.752306,92.0,197.2602906,212.6420673,-33.3253479,3339.438792,3475.41474,-1285.0
48.26,-126.37,6.2660885,95.0,189.0002579,203.7379415,-23.99115753,3376.125471,3513.673706,-2067.0
48.26,-126.38,6.2660885,92.0,189.0002579,203.7379415,-23.99115753,3376.125471,3513.673706,-2074.0
48.26,-126.39,6.2660885,95.0,189.0002579,203.7379415,-23.99115753,3376.125471,3513.673706,-2093.0
48.25,-126.39,6.2521348,103.0,189.2110485,203.965169,-23.99115753,3375.149423,3512.655827,-2097.0
48.25,-126.4,6.2521348,94.0,189.2110485,203.965169,-23.99115753,3375.149423,3512.655827,-2095.0
48.25,-126.41,6.2521348,105.0,189.2110485,203.965169,-40.74657059,3375.149423,3512.655827,-2094.0
48.24,-126.41,6.2521348,106.0,189.2110485,203.965169,-40.74657059,3375.149423,3512.655827,-2100.0
48.24,-126.42,6.2521348,100.0,189.2110485,203.965169,-40.74657059,3375.149423,3512.655827,-2097.0
48.24,-126.43,6.2521348,97.0,189.2110485,203.965169,-40.74657059,3375.149423,3512.655827,-2096.0
48.23,-126.44,6.2521348,99.0,189.2110485,203.965169,-40.74657059,3375.149423,3512.655827,-2086.0
48.23,-126.45,6.2521348,109.0,189.2110485,203.965169,-40.74657059,3375.149423,3512.655827,-2063.0
48.22,-126.46,5.9770608,101.0,193.5159749,208.6057808,-40.74657059,3355.680985,3492.353027,-2029.0
48.22,-126.47,5.9770608,91.0,193.5159749,208.6057808,-40.74657059,3355.680985,3492.353027,-1986.0
48.21,-126.48,5.9770608,100.0,193.5159749,208.6057808,-40.74657059,3355.680985,3492.353027,-1901.0
48.21,-126.49,5.9770608,89.0,193.5159749,208.6057808,-40.74657059,3355.680985,3492.353027,-1939.0
48.21,-126.5,5.9770608,66.0,193.5159749,208.6057808,-40.74657059,3355.680985,3492.353027,-2218.0
48.2,-126.5,5.9770608,129.0,193.5159749,208.6057808,-40.74657059,3355.680985,3492.353027,-2237.0
48.2,-126.51,5.9770608,46.0,193.5159749,208.6057808,-40.74657059,3355.680985,3492.353027,-2323.0
48.2,-126.52,5.9770608,67.0,193.5159749,208.6057808,-40.74657059,3355.680985,3492.353027,-2351.0
48.19,-126.53,5.9770608,94.0,193.5159749,208.6057808,-45.47949982,3355.680985,3492.353027,-2350.0
48.19,-126.54,5.9770608,121.0,193.5159749,208.6057808,-45.47949982,3355.680985,3492.353027,-2366.0
48.18,-126.54,5.9770608,97.0,193.5159749,208.6057808,-45.47949982,3355.680985,3492.353027,-2385.0
48.18,-126.55,5.7203693,120.0,197.8101742,213.2348291,-45.47949982,3337.105274,3472.981214,-2416.0
48.18,-126.56,5.7203693,110.0,197.8101742,213.2348291,-45.47949982,3337.105274,3472.981214,-2434.0
48.17,-126.57,5.7203693,112.0,197.8101742,213.2348291,-45.47949982,3337.105274,3472.981214,-2449.0
48.17,-126.58,5.7203693,114.0,197.8101742,213.2348291,-45.47949982,3337.105274,3472.981214,-2465.0
48.17,-126.59,5.7203693,130.0,197.8101742,213.2348291,-45.47949982,3337.105274,3472.981214,-2477.0
48.42,-126.97,4.6329985,147.0,219.8009571,236.9403885,-46.6350174,3253.354044,3385.640646,-2581.0
48.43,-126.98,4.6329985,147.0,219.8009571,236.9403885,-47.87159729,3253.354044,3385.640646,-2582.0
48.44,-126.99,4.6329985,145.0,219.8009571,236.9403885,-47.87159729,3253.354044,3385.640646,-2581.0
48.44,-127.0,4.6329985,145.0,219.8009571,236.9403885,-51.45562744,3253.354044,3385.640646,-2580.0
48.45,-127.0,4.6428313,139.0,219.5680815,236.689354,-51.45562744,3254.153058,3386.473903,-2576.0
48.45,-127.01,4.6428313,117.0,219.5680815,236.689354,-51.45562744,3254.153058,3386.473903,-2575.0
48.36,-126.22,6.6210885,89.0,183.8636861,198.2008349,-8.39423275,3400.601655,3539.198869,-964.0
48.62,-126.95,4.8090472,102.0,215.7402309,232.5630189,-40.77328873,3267.533896,3400.428206,-2085.0
48.75,-126.69,5.9347811,81.0,194.2040607,209.3475215,-26.99560928,3352.649216,3489.191325,-1193.0
48.74,-126.71,5.9347811,75.0,194.2040607,209.3475215,-26.99560928,3352.649216,3489.191325,-1225.0
48.72,-126.74,5.9347811,82.0,194.2040607,209.3475215,-26.99560928,3352.649216,3489.191325,-1328.0
48.72,-126.76,5.752306,72.0,197.2602906,212.6420673,-33.3253479,3339.438792,3475.41474,-1334.0
48.22,-126.48,5.9770608,100.0,193.5159749,208.6057808,-40.74657059,3355.680985,3492.353027,-1927.0
48.19,-126.52,5.9770608,94.0,193.5159749,208.6057808,-35.12231064,3355.680985,3492.353027,-2346.0
48.41,-126.97,4.6329985,147.0,219.8009571,236.9403885,-46.6350174,3253.354044,3385.640646,-2582.0
48.42,-126.98,4.6329985,142.0,219.8009571,236.9403885,-46.6350174,3253.354044,3385.640646,-2583.0
48.43,-126.99,4.6329985,145.0,219.8009571,236.9403885,-47.87159729,3253.354044,3385.640646,-2582.0
48.33,-126.27,6.5365396,103.0,185.0489864,199.4785615,-8.39423275,3394.833002,3533.182988,-1191.0
48.33,-126.28,6.5365396,66.0,185.0489864,199.4785615,-8.39423275,3394.833002,3533.182988,-1207.0
48.32,-126.29,6.5365396,76.0,185.0489864,199.4785615,-8.39423275,3394.833002,3533.182988,-1298.0
48.32,-126.3,6.5365396,91.0,185.0489864,199.4785615,-18.40250206,3394.833002,3533.182988,-1318.0
48.31,-126.31,6.5365396,79.0,185.0489864,199.4785615,-18.40250206,3394.833002,3533.182988,-1368.0
48.29,-126.51,5.9780002,95.0,193.5007695,208.5893897,-40.74657059,3355.748225,3492.423149,-2023.0
48.28,-126.52,5.9780002,93.0,193.5007695,208.5893897,-40.74657059,3355.748225,3492.423149,-2065.0
48.27,-126.53,5.9780002,124.0,193.5007695,208.5893897,-44.26250076,3355.748225,3492.423149,-2148.0
48.27,-126.54,5.9780002,119.0,193.5007695,208.5893897,-44.26250076,3355.748225,3492.423149,-2131.0
48.27,-126.55,5.7164354,118.0,197.8782263,213.3081878,-44.26250076,3336.817385,3472.680988,-2110.0
48.26,-126.56,5.7164354,103.0,197.8782263,213.3081878,-44.26250076,3336.817385,3472.680988,-2053.0
48.15,-126.62,5.9089842,112.0,194.6275181,209.8039989,-45.47949982,3350.794079,3487.256682,-2511.0
48.12,-126.67,5.7152658,127.0,197.8984727,213.3300129,-42.68918228,3336.731773,3472.591706,-2523.0
48.11,-126.69,5.7152658,118.0,197.8984727,213.3300129,-42.68918228,3336.731773,3472.591706,-2524.0
48.1,-126.73,5.7152658,141.0,197.8984727,213.3300129,-42.68918228,3336.731773,3472.591706,-2518.0
48.09,-126.75,5.4567189,136.0,202.5325674,218.3254606,-42.68918228,3317.586733,3452.626164,-2517.0
47.93,-128.85,0.66285837,166.0,581.0992123,626.4116178,-10.49689579,2784.956401,2897.168818,-2437.0
47.92,-128.84,0.66285837,149.0,581.0992123,626.4116178,-10.49689579,2784.956401,2897.168818,-2584.0
47.92,-128.83,0.66285837,113.0,581.0992123,626.4116178,-10.49689579,2784.956401,2897.168818,-2586.0
47.92,-128.82,0.66285837,111.0,581.0992123,626.4116178,-10.49689579,2784.956401,2897.168818,-2588.0
47.92,-128.81,0.66285837,98.0,581.0992123,626.4116178,-10.49689579,2784.956401,2897.168818,-2590.0
47.91,-128.81,0.66285837,88.0,581.0992123,626.4116178,-10.49689579,2784.956401,2897.168818,-2590.0
47.91,-128.8,0.66285837,96.0,581.0992123,626.4116178,-10.49689579,2784.956401,2897.168818,-2594.0
47.91,-128.79,0.66285837,131.0,581.0992123,626.4116178,-10.49689579,2784.956401,2897.168818,-2603.0
47.9,-128.78,0.66285837,166.0,581.0992123,626.4116178,-10.49689579,2784.956401,2897.168818,-2608.0
47.88,-128.73,0.91232389,247.0,495.3203091,533.9439284,-8.577288628,2834.304766,2948.632113,-2631.0
47.88,-128.72,0.91232389,228.0,495.3203091,533.9439284,-8.577288628,2834.304766,2948.632113,-2639.0
47.88,-128.71,0.91232389,249.0,495.3203091,533.9439284,-8.577288628,2834.304766,2948.632113,-2641.0
47.87,-128.71,0.91232389,260.0,495.3203091,533.9439284,-8.577288628,2834.304766,2948.632113,-2644.0
47.87,-128.7,0.91232389,290.0,495.3203091,533.9439284,-8.577288628,2834.304766,2948.632113,-2648.0
47.87,-128.69,0.91232389,357.0,495.3203091,533.9439284,-8.577288628,2834.304766,2948.632113,-2646.0
47.86,-128.68,0.91232389,273.0,495.3203091,533.9439284,-8.577288628,2834.304766,2948.632113,-2648.0
47.86,-128.67,0.91232389,290.0,495.3203091,533.9439284,-8.577288628,2834.304766,2948.632113,-2632.0
47.86,-128.66,0.91232389,333.0,495.3203091,533.9439284,-8.577288628,2834.304766,2948.632113,-2626.0
47.85,-128.64,1.1679138,334.0,437.7793418,471.9160858,-8.577288628,2878.245212,2994.455721,-2612.0
47.85,-128.63,1.1679138,275.0,437.7793418,471.9160858,-8.577288628,2878.245212,2994.455721,-2610.0
47.96,-128.81,0.50150979,358.0,668.068433,720.1624423,-5.608677864,2747.860746,2858.483349,-2588.0
47.95,-128.81,0.50150979,390.0,668.068433,720.1624423,-10.49689579,2747.860746,2858.483349,-2587.0
47.94,-128.81,0.66285837,364.0,581.0992123,626.4116178,-10.49689579,2784.956401,2897.168818,-2589.0
47.93,-128.83,0.66285837,304.0,581.0992123,626.4116178,-10.49689579,2784.956401,2897.168818,-2585.0
47.93,-128.82,0.66285837,112.0,581.0992123,626.4116178,-10.49689579,2784.956401,2897.168818,-2587.0
47.91,-128.82,0.66285837,113.0,581.0992123,626.4116178,-10.49689579,2784.956401,2897.168818,-2587.0
47.9,-128.83,0.66285837,110.0,581.0992123,626.4116178,-10.49689579,2784.956401,2897.168818,-2587.0
47.89,-128.83,0.66285837,139.0,581.0992123,626.4116178,-10.49689579,2784.956401,2897.168818,-2588.0
47.88,-128.83,0.66285837,114.0,581.0992123,626.4116178,-10.49689579,2784.956401,2897.168818,-2592.0
47.87,-128.83,0.66285837,119.0,581.0992123,626.4116178,-10.49689579,2784.956401,2897.168818,-2562.0
47.87,-128.84,0.66285837,125.0,581.0992123,626.4116178,-10.49689579,2784.956401,2897.168818,-2566.0
47.86,-128.84,0.66285837,265.0,581.0992123,626.4116178,-10.49689579,2784.956401,2897.168818,-2552.0
47.99,-128.79,0.50150979,208.0,668.068433,720.1624423,-5.608677864,2747.860746,2858.483349,-2592.0
47.99,-128.8,0.50150979,170.0,668.068433,720.1624423,-5.608677864,2747.860746,2858.483349,-2580.0
47.98,-128.8,0.50150979,172.0,668.068433,720.1624423,-5.608677864,2747.860746,2858.483349,-2590.0
47.97,-128.81,0.50150979,177.0,668.068433,720.1624423,-5.608677864,2747.860746,2858.483349,-2586.0
47.97,-128.83,0.50150979,131.0,668.068433,720.1624423,-5.608677864,2747.860746,2858.483349,-2421.0
47.96,-128.82,0.50150979,139.0,668.068433,720.1624423,-5.608677864,2747.860746,2858.483349,-2543.0
47.94,-128.76,0.66285837,91.0,581.0992123,626.4116178,-10.49689579,2784.956401,2897.168818,-2606.0
47.94,-128.77,0.66285837,106.0,581.0992123,626.4116178,-10.49689579,2784.956401,2897.168818,-2607.0
47.95,-128.78,0.50150979,111.0,668.068433,720.1624423,-10.49689579,2747.860746,2858.483349,-2606.0
47.95,-128.79,0.50150979,85.0,668.068433,720.1624423,-10.49689579,2747.860746,2858.483349,-2599.0
47.95,-128.8,0.50150979,85.0,668.068433,720.1624423,-10.49689579,2747.860746,2858.483349,-2592.0
47.96,-128.83,0.50150979,92.0,668.068433,720.1624423,-5.608677864,2747.860746,2858.483349,-2408.0
47.82,-128.67,1.1115648,571.0,448.7384322,483.7297338,-12.46199608,2869.007707,2984.822323,-2682.0
47.83,-128.67,1.1115648,542.0,448.7384322,483.7297338,-12.46199608,2869.007707,2984.822323,-2673.0
47.84,-128.68,1.1115648,409.0,448.7384322,483.7297338,-12.46199608,2869.007707,2984.822323,-2662.0
47.85,-128.68,0.91232389,312.0,495.3203091,533.9439284,-8.577288628,2834.304766,2948.632113,-2655.0
47.88,-128.69,0.91232389,251.0,495.3203091,533.9439284,-8.577288628,2834.304766,2948.632113,-2634.0
47.88,-128.7,0.91232389,291.0,495.3203091,533.9439284,-8.577288628,2834.304766,2948.632113,-2637.0
47.89,-128.7,0.91232389,266.0,495.3203091,533.9439284,-8.577288628,2834.304766,2948.632113,-2628.0
47.86,-128.64,1.1679138,271.0,437.7793418,471.9160858,-8.577288628,2878.245212,2994.455721,-2618.0
47.87,-128.64,1.1679138,274.0,437.7793418,471.9160858,-8.577288628,2878.245212,2994.455721,-2614.0
47.88,-128.65,0.91232389,245.0,495.3203091,533.9439284,-8.577288628,2834.304766,2948.632113,-2616.0
47.89,-128.65,0.91232389,298.0,495.3203091,533.9439284,-8.577288628,2834.304766,2948.632113,-2617.0
47.9,-128.66,0.91232389,398.0,495.3203091,533.9439284,-8.577288628,2834.304766,2948.632113,-2614.0
47.9,-128.67,0.91232389,387.0,495.3203091,533.9439284,-8.577288628,2834.304766,2948.632113,-2619.0
47.75,-127.22,4.6330013,146.0,219.8008907,236.9403169,-5.541047096,3253.354272,3385.640884,-2617.0
47.75,-127.23,4.6330013,140.0,219.8008907,236.9403169,-10.34975338,3253.354272,3385.640884,-2618.0
47.75,-127.24,4.6330013,146.0,219.8008907,236.9403169,-10.34975338,3253.354272,3385.640884,-2616.0
47.76,-127.25,4.2658925,142.0,229.0634015,246.925091,-10.34975338,3222.8913,3353.872355,-2618.0
47.76,-127.26,4.2658925,143.0,229.0634015,246.925091,-10.34975338,3222.8913,3353.872355,-2616.0
47.76,-127.27,4.2658925,147.0,229.0634015,246.925091,-10.34975338,3222.8913,3353.872355,-2613.0
47.77,-127.33,4.2658925,161.0,229.0634015,246.925091,-10.34975338,3222.8913,3353.872355,-2613.0
47.78,-127.35,4.2658925,154.0,229.0634015,246.925091,-4.742084503,3222.8913,3353.872355,-2620.0
47.78,-127.36,4.1103892,158.0,233.3561151,251.5525379,-4.742084503,3209.593318,3340.00446,-2623.0
47.78,-127.37,4.1103892,181.0,233.3561151,251.5525379,-4.742084503,3209.593318,3340.00446,-2625.0
47.79,-127.39,4.1103892,155.0,233.3561151,251.5525379,-4.742084503,3209.593318,3340.00446,-2629.0
47.79,-127.4,4.1103892,145.0,233.3561151,251.5525379,-4.742084503,3209.593318,3340.00446,-2630.0
47.84,-127.72,3.3711357,1164.0,257.6751524,277.7679021,-0.975069642,3142.622847,3270.163826,-2660.0
47.84,-127.74,3.3711357,759.0,257.6751524,277.7679021,-0.975069642,3142.622847,3270.163826,-2629.0
47.84,-127.75,3.1612465,310.0,266.091792,286.8408464,-0.975069642,3122.296309,3248.966151,-2664.0
47.84,-127.77,3.1612465,253.0,266.091792,286.8408464,-0.975069642,3122.296309,3248.966151,-2659.0
47.85,-127.78,2.9645884,194.0,274.7757845,296.2019911,-0.518282652,3102.629305,3228.456275,-2654.0
47.85,-127.79,2.9645884,213.0,274.7757845,296.2019911,-0.518282652,3102.629305,3228.456275,-2647.0
47.85,-127.8,2.9645884,209.0,274.7757845,296.2019911,-0.518282652,3102.629305,3228.456275,-2639.0
47.85,-127.81,2.9645884,237.0,274.7757845,296.2019911,3.526834726,3102.629305,3228.456275,-2634.0
47.85,-127.82,2.9645884,255.0,274.7757845,296.2019911,3.526834726,3102.629305,3228.456275,-2628.0
47.85,-127.83,2.9645884,258.0,274.7757845,296.2019911,3.526834726,3102.629305,3228.456275,-2619.0
47.86,-127.84,2.9645884,269.0,274.7757845,296.2019911,3.526834726,3102.629305,3228.456275,-2618.0
47.86,-127.87,2.6994836,213.0,287.9521412,310.4058013,3.526834726,3075.053685,3199.698843,-2614.0
47.86,-127.91,2.6994836,221.0,287.9521412,310.4058013,3.526834726,3075.053685,3199.698843,-2615.0
47.85,-127.63,3.4528952,1741.0,254.6061914,274.4596325,3.032176971,3150.368866,3278.241818,-2587.0
47.85,-127.64,3.4528952,366.0,254.6061914,274.4596325,3.032176971,3150.368866,3278.241818,-2645.0
47.85,-127.65,3.1907601,460.0,264.8582972,285.5111674,3.032176971,3125.19446,3251.988508,-2648.0
47.86,-127.67,3.1907601,215.0,264.8582972,285.5111674,3.032176971,3125.19446,3251.988508,-2655.0
47.86,-127.68,3.1907601,171.0,264.8582972,285.5111674,3.032176971,3125.19446,3251.988508,-2658.0
47.86,-127.7,3.1907601,202.0,264.8582972,285.5111674,-0.518282652,3125.19446,3251.988508,-2660.0
47.86,-127.71,3.1907601,326.0,264.8582972,285.5111674,-0.518282652,3125.19446,3251.988508,-2663.0
47.87,-127.72,3.1907601,1004.0,264.8582972,285.5111674,-0.518282652,3125.19446,3251.988508,-2668.0
47.87,-127.73,3.1907601,253.0,264.8582972,285.5111674,-0.518282652,3125.19446,3251.988508,-2668.0
47.87,-127.74,3.1907601,300.0,264.8582972,285.5111674,-0.518282652,3125.19446,3251.988508,-2668.0
47.87,-127.62,3.4528952,720.0,254.6061914,274.4596325,3.032176971,3150.368866,3278.241818,-2605.0
47.9,-127.64,3.4528952,262.0,254.6061914,274.4596325,3.032176971,3150.368866,3278.241818,-2649.0
47.91,-127.64,3.4528952,225.0,254.6061914,274.4596325,3.032176971,3150.368866,3278.241818,-2651.0
47.92,-127.65,3.1907601,197.0,264.8582972,285.5111674,3.032176971,3125.19446,3251.988508,-2654.0
47.93,-127.65,3.1907601,157.0,264.8582972,285.5111674,3.032176971,3125.19446,3251.988508,-2656.0
47.94,-127.66,3.1907601,153.0,264.8582972,285.5111674,3.032176971,3125.19446,3251.988508,-2653.0
47.87,-127.69,3.1907601,196.0,264.8582972,285.5111674,3.032176971,3125.19446,3251.988508,-2661.0
47.88,-127.69,3.1907601,246.0,264.8582972,285.5111674,3.032176971,3125.19446,3251.988508,-2658.0
47.89,-127.7,3.1907601,223.0,264.8582972,285.5111674,-0.518282652,3125.19446,3251.988508,-2663.0
47.9,-127.71,3.1907601,512.0,264.8582972,285.5111674,-0.518282652,3125.19446,3251.988508,-2656.0
47.91,-127.71,3.1907601,429.0,264.8582972,285.5111674,-0.518282652,3125.19446,3251.988508,-2664.0
47.92,-127.71,3.1907601,277.0,264.8582972,285.5111674,-0.518282652,3125.19446,3251.988508,-2661.0
47.92,-127.72,3.1907601,340.0,264.8582972,285.5111674,-0.518282652,3125.19446,3251.988508,-2660.0
47.93,-127.72,3.1907601,273.0,264.8582972,285.5111674,-0.518282652,3125.19446,3251.988508,-2652.0
47.94,-127.73,3.1907601,277.0,264.8582972,285.5111674,-0.518282652,3125.19446,3251.988508,-2640.0
47.95,-127.73,3.0129824,195.0,272.5601513,293.8135893,-0.518282652,3107.52806,3233.564977,-2634.0
47.96,-127.74,3.0129824,178.0,272.5601513,293.8135893,-0.881052673,3107.52806,3233.564977,-2627.0
47.76,-127.63,3.5786738,159.0,250.0918862,269.5933151,-0.419886947,3162.108405,3290.48448,-2649.0
47.83,-127.66,3.3711357,222.0,257.6751524,277.7679021,-0.419886947,3142.622847,3270.163826,-2652.0
47.84,-127.67,3.3711357,196.0,257.6751524,277.7679021,-0.419886947,3142.622847,3270.163826,-2654.0
47.85,-127.67,3.1907601,260.0,264.8582972,285.5111674,3.032176971,3125.19446,3251.988508,-2653.0
47.82,-127.49,3.8465323,208.0,241.2270285,260.0372019,-0.675474346,3186.440243,3315.85911,-2632.0
47.82,-127.51,3.8465323,216.0,241.2270285,260.0372019,-0.675474346,3186.440243,3315.85911,-2634.0
47.82,-127.52,3.8465323,146.0,241.2270285,260.0372019,-0.675474346,3186.440243,3315.85911,-2636.0
47.83,-127.53,3.8465323,132.0,241.2270285,260.0372019,-0.675474346,3186.440243,3315.85911,-2641.0
47.83,-127.54,3.8465323,132.0,241.2270285,260.0372019,-0.675474346,3186.440243,3315.85911,-2642.0
47.83,-127.55,3.5786738,160.0,250.0918862,269.5933151,-0.675474346,3162.108405,3290.48448,-2643.0
47.83,-127.56,3.5786738,251.0,250.0918862,269.5933151,-0.675474346,3162.108405,3290.48448,-2643.0
47.84,-127.57,3.5786738,275.0,250.0918862,269.5933151,-0.675474346,3162.108405,3290.48448,-2642.0
47.84,-127.58,3.5786738,393.0,250.0918862,269.5933151,-0.419886947,3162.108405,3290.48448,-2643.0
47.84,-127.59,3.5786738,237.0,250.0918862,269.5933151,-0.419886947,3162.108405,3290.48448,-2643.0
47.84,-127.6,3.5786738,197.0,250.0918862,269.5933151,-0.419886947,3162.108405,3290.48448,-2645.0
47.84,-127.61,3.5786738,253.0,250.0918862,269.5933151,-0.419886947,3162.108405,3290.48448,-2645.0
47.89,-127.49,3.7126944,221.0,245.5364981,264.6827112,-1.241449118,3174.392367,3303.294896,-2630.0
47.91,-127.59,3.4528952,205.0,254.6061914,274.4596325,3.032176971,3150.368866,3278.241818,-2641.0
47.72,-127.82,3.251128,184.0,262.3877919,282.8480193,-3.409561634,3131.080962,3258.127288,-2667.0
47.72,-127.81,3.251128,172.0,262.3877919,282.8480193,-3.409561634,3131.080962,3258.127288,-2669.0
47.72,-127.8,3.251128,218.0,262.3877919,282.8480193,1.003651619,3131.080962,3258.127288,-2669.0
47.71,-127.79,3.251128,269.0,262.3877919,282.8480193,1.003651619,3131.080962,3258.127288,-2666.0
47.71,-127.78,3.251128,1234.0,262.3877919,282.8480193,1.003651619,3131.080962,3258.127288,-2671.0
47.71,-127.77,3.251128,227.0,262.3877919,282.8480193,1.003651619,3131.080962,3258.127288,-2671.0
47.71,-127.76,3.251128,197.0,262.3877919,282.8480193,1.003651619,3131.080962,3258.127288,-2670.0
47.76,-127.76,3.1612465,179.0,266.091792,286.8408464,-0.975069642,3122.296309,3248.966151,-2663.0
47.7,-127.75,3.251128,178.0,262.3877919,282.8480193,1.003651619,3131.080962,3258.127288,-2667.0
47.85,-127.73,3.1907601,266.0,264.8582972,285.5111674,-0.518282652,3125.19446,3251.988508,-2651.0
47.85,-127.72,3.1907601,452.0,264.8582972,285.5111674,-0.518282652,3125.19446,3251.988508,-2661.0
47.85,-127.71,3.1907601,255.0,264.8582972,285.5111674,-0.518282652,3125.19446,3251.988508,-2659.0
47.85,-127.7,3.1907601,208.0,264.8582972,285.5111674,-0.518282652,3125.19446,3251.988508,-2659.0
47.79,-127.85,3.1612465,220.0,266.091792,286.8408464,-0.58204329,3122.296309,3248.966151,-2628.0
47.92,-128.72,0.91232389,171.0,495.3203091,533.9439284,-8.577288628,2834.304766,2948.632113,-2614.0
47.92,-128.71,0.91232389,170.0,495.3203091,533.9439284,-8.577288628,2834.304766,2948.632113,-2613.0
47.92,-128.7,0.91232389,168.0,495.3203091,533.9439284,-8.577288628,2834.304766,2948.632113,-2610.0
47.92,-128.69,0.91232389,236.0,495.3203091,533.9439284,-8.577288628,2834.304766,2948.632113,-2604.0
47.92,-128.68,0.91232389,276.0,495.3203091,533.9439284,-8.577288628,2834.304766,2948.632113,-2604.0
47.91,-128.67,0.91232389,284.0,495.3203091,533.9439284,-8.577288628,2834.304766,2948.632113,-2609.0
47.91,-128.66,0.91232389,313.0,495.3203091,533.9439284,-8.577288628,2834.304766,2948.632113,-2608.0
47.91,-128.65,0.91232389,338.0,495.3203091,533.9439284,-8.577288628,2834.304766,2948.632113,-2605.0
47.91,-128.64,1.1679138,342.0,437.7793418,471.9160858,-8.577288628,2878.245212,2994.455721,-2600.0
47.9,-128.63,1.1679138,360.0,437.7793418,471.9160858,-8.577288628,2878.245212,2994.455721,-2602.0
47.9,-128.62,1.1679138,327.0,437.7793418,471.9160858,-5.80466938,2878.245212,2994.455721,-2597.0
47.9,-128.61,1.1679138,336.0,437.7793418,471.9160858,-5.80466938,2878.245212,2994.455721,-2596.0
47.9,-128.6,1.1679138,346.0,437.7793418,471.9160858,-5.80466938,2878.245212,2994.455721,-2596.0
47.9,-128.59,1.1679138,311.0,437.7793418,471.9160858,-5.80466938,2878.245212,2994.455721,-2603.0
47.9,-128.58,1.1679138,330.0,437.7793418,471.9160858,-5.80466938,2878.245212,2994.455721,-2610.0
47.89,-128.58,1.1679138,357.0,437.7793418,471.9160858,-5.80466938,2878.245212,2994.455721,-2616.0
47.89,-128.57,1.1679138,616.0,437.7793418,471.9160858,-5.80466938,2878.245212,2994.455721,-2608.0
47.89,-128.56,1.1679138,697.0,437.7793418,471.9160858,-5.80466938,2878.245212,2994.455721,-2618.0
47.89,-128.55,1.1679138,381.0,437.7793418,471.9160858,-5.80466938,2878.245212,2994.455721,-2629.0
47.89,-128.54,1.414219,358.0,397.8343928,428.8563473,-5.80466938,2916.22329,3034.061431,-2646.0
47.89,-128.53,1.414219,175.0,397.8343928,428.8563473,-5.80466938,2916.22329,3034.061431,-2656.0
47.88,-128.52,1.414219,262.0,397.8343928,428.8563473,-5.80466938,2916.22329,3034.061431,-2663.0
47.92,-128.52,1.414219,177.0,397.8343928,428.8563473,-5.80466938,2916.22329,3034.061431,-2617.0
47.92,-128.53,1.414219,179.0,397.8343928,428.8563473,-5.80466938,2916.22329,3034.061431,-2610.0
47.92,-128.54,1.414219,213.0,397.8343928,428.8563473,-5.80466938,2916.22329,3034.061431,-2602.0
47.92,-128.55,1.1679138,267.0,437.7793418,471.9160858,-5.80466938,2878.245212,2994.455721,-2590.0
47.93,-128.56,1.1679138,453.0,437.7793418,471.9160858,-5.80466938,2878.245212,2994.455721,-2591.0
47.93,-128.57,1.1679138,290.0,437.7793418,471.9160858,-5.80466938,2878.245212,2994.455721,-2586.0
47.93,-128.58,1.1679138,257.0,437.7793418,471.9160858,-5.80466938,2878.245212,2994.455721,-2583.0
47.93,-128.59,1.1679138,245.0,437.7793418,471.9160858,-5.80466938,2878.245212,2994.455721,-2582.0
47.93,-128.6,1.1679138,265.0,437.7793418,471.9160858,-5.80466938,2878.245212,2994.455721,-2582.0
47.93,-128.61,1.1679138,268.0,437.7793418,471.9160858,-5.80466938,2878.245212,2994.455721,-2583.0
47.94,-128.61,1.1679138,295.0,437.7793418,471.9160858,-5.80466938,2878.245212,2994.455721,-2582.0
47.94,-128.62,1.1679138,289.0,437.7793418,471.9160858,-5.80466938,2878.245212,2994.455721,-2585.0
47.94,-128.63,1.1679138,293.0,437.7793418,471.9160858,-8.577288628,2878.245212,2994.455721,-2591.0
47.94,-128.64,1.1679138,265.0,437.7793418,471.9160858,-8.577288628,2878.245212,2994.455721,-2594.0
47.91,-128.55,1.1679138,239.0,437.7793418,471.9160858,-5.80466938,2878.245212,2994.455721,-2595.0
47.91,-128.56,1.1679138,439.0,437.7793418,471.9160858,-5.80466938,2878.245212,2994.455721,-2589.0
47.91,-128.57,1.1679138,395.0,437.7793418,471.9160858,-5.80466938,2878.245212,2994.455721,-2594.0
47.91,-128.58,1.1679138,305.0,437.7793418,471.9160858,-5.80466938,2878.245212,2994.455721,-2595.0
47.91,-128.59,1.1679138,338.0,437.7793418,471.9160858,-5.80466938,2878.245212,2994.455721,-2590.0
47.92,-128.6,1.1679138,309.0,437.7793418,471.9160858,-5.80466938,2878.245212,2994.455721,-2585.0
47.72,-127.79,3.251128,1354.0,262.3877919,282.8480193,1.003651619,3131.080962,3258.127288,-2666.0
47.72,-127.78,3.251128,598.0,262.3877919,282.8480193,1.003651619,3131.080962,3258.127288,-2669.0
47.73,-127.78,3.251128,274.0,262.3877919,282.8480193,-0.975069642,3131.080962,3258.127288,-2668.0
47.73,-127.77,3.251128,268.0,262.3877919,282.8480193,-0.975069642,3131.080962,3258.127288,-2668.0
47.74,-127.77,3.251128,272.0,262.3877919,282.8480193,-0.975069642,3131.080962,3258.127288,-2667.0
47.69,-127.76,3.251128,150.0,262.3877919,282.8480193,1.003651619,3131.080962,3258.127288,-2665.0
47.69,-127.77,3.251128,162.0,262.3877919,282.8480193,1.003651619,3131.080962,3258.127288,-2666.0
47.69,-127.78,3.251128,184.0,262.3877919,282.8480193,1.003651619,3131.080962,3258.127288,-2668.0
47.69,-127.79,3.251128,231.0,262.3877919,282.8480193,1.003651619,3131.080962,3258.127288,-2668.0
47.69,-127.8,3.251128,288.0,262.3877919,282.8480193,1.003651619,3131.080962,3258.127288,-2668.0
47.7,-127.8,3.251128,234.0,262.3877919,282.8480193,1.003651619,3131.080962,3258.127288,-2662.0
47.7,-127.81,3.251128,227.0,262.3877919,282.8480193,-3.409561634,3131.080962,3258.127288,-2667.0
47.72,-127.74,3.4946105,162.0,253.0820072,272.816597,1.003651619,3154.285707,3282.326523,-2668.0
47.72,-127.75,3.251128,169.0,262.3877919,282.8480193,1.003651619,3131.080962,3258.127288,-2669.0
47.72,-127.76,3.251128,177.0,262.3877919,282.8480193,1.003651619,3131.080962,3258.127288,-2671.0
47.72,-127.77,3.251128,189.0,262.3877919,282.8480193,1.003651619,3131.080962,3258.127288,-2671.0
47.73,-127.79,3.251128,252.0,262.3877919,282.8480193,-0.975069642,3131.080962,3258.127288,-2668.0
47.73,-127.8,3.251128,186.0,262.3877919,282.8480193,-0.975069642,3131.080962,3258.127288,-2667.0
47.73,-127.81,3.251128,185.0,262.3877919,282.8480193,-0.58204329,3131.080962,3258.127288,-2665.0
47.73,-127.82,3.251128,180.0,262.3877919,282.8480193,-0.58204329,3131.080962,3258.127288,-2665.0
47.73,-127.73,3.4946105,161.0,253.0820072,272.816597,-0.975069642,3154.285707,3282.326523,-2665.0
47.73,-127.74,3.4946105,161.0,253.0820072,272.816597,-0.975069642,3154.285707,3282.326523,-2667.0
47.74,-127.74,3.4946105,164.0,253.0820072,272.816597,-0.975069642,3154.285707,3282.326523,-2666.0
47.74,-127.75,3.251128,170.0,262.3877919,282.8480193,-0.975069642,3131.080962,3258.127288,-2666.0
47.74,-127.76,3.251128,200.0,262.3877919,282.8480193,-0.975069642,3131.080962,3258.127288,-2666.0
47.74,-127.78,3.251128,272.0,262.3877919,282.8480193,-0.975069642,3131.080962,3258.127288,-2667.0
47.75,-127.79,3.251128,211.0,262.3877919,282.8480193,-0.975069642,3131.080962,3258.127288,-2664.0
47.75,-127.8,3.251128,219.0,262.3877919,282.8480193,-0.975069642,3131.080962,3258.127288,-2662.0
47.75,-127.81,3.251128,205.0,262.3877919,282.8480193,-0.58204329,3131.080962,3258.127288,-2662.0
47.75,-127.82,3.251128,192.0,262.3877919,282.8480193,-0.58204329,3131.080962,3258.127288,-2661.0
47.75,-127.83,3.251128,171.0,262.3877919,282.8480193,-0.58204329,3131.080962,3258.127288,-2658.0
47.69,-127.81,3.251128,221.0,262.3877919,282.8480193,-3.409561634,3131.080962,3258.127288,-2667.0
47.7,-127.79,3.251128,278.0,262.3877919,282.8480193,1.003651619,3131.080962,3258.127288,-2669.0
47.7,-127.76,3.251128,178.0,262.3877919,282.8480193,1.003651619,3131.080962,3258.127288,-2668.0
47.7,-127.77,3.251128,192.0,262.3877919,282.8480193,1.003651619,3131.080962,3258.127288,-2669.0
47.71,-127.8,3.251128,318.0,262.3877919,282.8480193,1.003651619,3131.080962,3258.127288,-2666.0
47.71,-127.81,3.251128,188.0,262.3877919,282.8480193,-3.409561634,3131.080962,3258.127288,-2669.0
47.73,-127.75,3.251128,177.0,262.3877919,282.8480193,-0.975069642,3131.080962,3258.127288,-2668.0
47.72,-127.64,3.5783212,138.0,250.1042077,269.6065974,-2.04963398,3162.075786,3290.450463,-2650.0
47.72,-127.65,3.4946105,171.0,253.0820072,272.816597,-2.04963398,3154.285707,3282.326523,-2650.0
47.72,-127.66,3.4946105,193.0,253.0820072,272.816597,-2.04963398,3154.285707,3282.326523,-2650.0
47.72,-127.67,3.4946105,200.0,253.0820072,272.816597,-2.04963398,3154.285707,3282.326523,-2651.0
47.72,-127.68,3.4946105,189.0,253.0820072,272.816597,-2.04963398,3154.285707,3282.326523,-2653.0
47.73,-127.69,3.4946105,255.0,253.0820072,272.816597,-0.419886947,3154.285707,3282.326523,-2654.0
47.73,-127.7,3.4946105,189.0,253.0820072,272.816597,-0.975069642,3154.285707,3282.326523,-2658.0
47.73,-127.71,3.4946105,177.0,253.0820072,272.816597,-0.975069642,3154.285707,3282.326523,-2660.0
47.73,-127.72,3.4946105,170.0,253.0820072,272.816597,-0.975069642,3154.285707,3282.326523,-2662.0
47.7,-127.78,3.251128,252.0,262.3877919,282.8480193,1.003651619,3131.080962,3258.127288,-2670.0
47.94,-128.59,1.1679138,228.0,437.7793418,471.9160858,-5.80466938,2878.245212,2994.455721,-2582.0
47.94,-128.6,1.1679138,219.0,437.7793418,471.9160858,-5.80466938,2878.245212,2994.455721,-2582.0
47.95,-128.61,0.97481376,257.0,479.1812693,516.5464137,-5.80466938,2845.5643,2960.374199,-2586.0
47.95,-128.62,0.97481376,277.0,479.1812693,516.5464137,-5.80466938,2845.5643,2960.374199,-2586.0
47.95,-128.63,0.97481376,234.0,479.1812693,516.5464137,-8.577288628,2845.5643,2960.374199,-2589.0
47.95,-128.64,0.97481376,226.0,479.1812693,516.5464137,-8.577288628,2845.5643,2960.374199,-2590.0
47.95,-128.65,0.74019408,192.0,549.9052365,592.7852277,-8.577288628,2801.120864,2914.026044,-2588.0
47.95,-128.58,0.97481376,201.0,479.1812693,516.5464137,-5.80466938,2845.5643,2960.374199,-2582.0
47.95,-128.59,0.97481376,206.0,479.1812693,516.5464137,-5.80466938,2845.5643,2960.374199,-2582.0
47.95,-128.6,0.97481376,236.0,479.1812693,516.5464137,-5.80466938,2845.5643,2960.374199,-2584.0
47.96,-128.57,0.97481376,220.0,479.1812693,516.5464137,-6.473732948,2845.5643,2960.374199,-2585.0
47.96,-128.58,0.97481376,204.0,479.1812693,516.5464137,-6.473732948,2845.5643,2960.374199,-2586.0
47.96,-128.59,0.97481376,209.0,479.1812693,516.5464137,-6.473732948,2845.5643,2960.374199,-2585.0
47.89,-128.67,0.91232389,329.0,495.3203091,533.9439284,-8.577288628,2834.304766,2948.632113,-2623.0
47.89,-128.68,0.91232389,349.0,495.3203091,533.9439284,-8.577288628,2834.304766,2948.632113,-2631.0
47.9,-128.69,0.91232389,298.0,495.3203091,533.9439284,-8.577288628,2834.304766,2948.632113,-2623.0
47.9,-128.7,0.91232389,275.0,495.3203091,533.9439284,-8.577288628,2834.304766,2948.632113,-2622.0
47.9,-128.71,0.91232389,214.0,495.3203091,533.9439284,-8.577288628,2834.304766,2948.632113,-2624.0
47.9,-128.72,0.91232389,236.0,495.3203091,533.9439284,-8.577288628,2834.304766,2948.632113,-2626.0
47.9,-128.73,0.91232389,211.0,495.3203091,533.9439284,-8.577288628,2834.304766,2948.632113,-2628.0
47.91,-128.74,0.91232389,126.0,495.3203091,533.9439284,-8.577288628,2834.304766,2948.632113,-2624.0
47.91,-128.75,0.66285837,142.0,581.0992123,626.4116178,-10.49689579,2784.956401,2897.168818,-2624.0
47.91,-128.76,0.66285837,185.0,581.0992123,626.4116178,-10.49689579,2784.956401,2897.168818,-2619.0
47.91,-128.77,0.66285837,114.0,581.0992123,626.4116178,-10.49689579,2784.956401,2897.168818,-2614.0
47.91,-128.78,0.66285837,141.0,581.0992123,626.4116178,-10.49689579,2784.956401,2897.168818,-2608.0
47.92,-128.78,0.66285837,100.0,581.0992123,626.4116178,-10.49689579,2784.956401,2897.168818,-2607.0
47.92,-128.79,0.66285837,83.0,581.0992123,626.4116178,-10.49689579,2784.956401,2897.168818,-2602.0
47.92,-128.8,0.66285837,79.0,581.0992123,626.4116178,-10.49689579,2784.956401,2897.168818,-2595.0
47.93,-128.84,0.66285837,130.0,581.0992123,626.4116178,-10.49689579,2784.956401,2897.168818,-2578.0
47.94,-128.57,1.1679138,252.0,437.7793418,471.9160858,-5.80466938,2878.245212,2994.455721,-2585.0
47.94,-128.58,1.1679138,226.0,437.7793418,471.9160858,-5.80466938,2878.245212,2994.455721,-2584.0
47.86,-128.49,1.414219,418.0,397.8343928,428.8563473,-8.135784149,2916.22329,3034.061431,-2663.0
47.86,-128.5,1.414219,393.0,397.8343928,428.8563473,-8.135784149,2916.22329,3034.061431,-2665.0
47.86,-128.51,1.414219,452.0,397.8343928,428.8563473,-5.80466938,2916.22329,3034.061431,-2666.0
47.86,-128.52,1.414219,304.0,397.8343928,428.8563473,-5.80466938,2916.22329,3034.061431,-2667.0
47.86,-128.53,1.414219,288.0,397.8343928,428.8563473,-5.80466938,2916.22329,3034.061431,-2666.0
47.86,-128.54,1.414219,367.0,397.8343928,428.8563473,-5.80466938,2916.22329,3034.061431,-2667.0
47.87,-128.54,1.414219,276.0,397.8343928,428.8563473,-5.80466938,2916.22329,3034.061431,-2666.0
47.87,-128.55,1.1679138,269.0,437.7793418,471.9160858,-5.80466938,2878.245212,2994.455721,-2662.0
47.87,-128.56,1.1679138,302.0,437.7793418,471.9160858,-5.80466938,2878.245212,2994.455721,-2650.0
47.87,-128.57,1.1679138,394.0,437.7793418,471.9160858,-5.80466938,2878.245212,2994.455721,-2629.0
47.87,-128.58,1.1679138,448.0,437.7793418,471.9160858,-5.80466938,2878.245212,2994.455721,-2619.0
47.88,-128.59,1.1679138,411.0,437.7793418,471.9160858,-5.80466938,2878.245212,2994.455721,-2620.0
47.88,-128.6,1.1679138,474.0,437.7793418,471.9160858,-5.80466938,2878.245212,2994.455721,-2609.0
47.88,-128.61,1.1679138,386.0,437.7793418,471.9160858,-5.80466938,2878.245212,2994.455721,-2607.0
47.88,-128.62,1.1679138,283.0,437.7793418,471.9160858,-5.80466938,2878.245212,2994.455721,-2605.0
47.88,-128.63,1.1679138,280.0,437.7793418,471.9160858,-8.577288628,2878.245212,2994.455721,-2607.0
47.89,-128.64,1.1679138,349.0,437.7793418,471.9160858,-8.577288628,2878.245212,2994.455721,-2609.0
47.75,-127.71,3.4946105,164.0,253.0820072,272.816597,-0.975069642,3154.285707,3282.326523,-2663.0
47.75,-127.72,3.4946105,158.0,253.0820072,272.816597,-0.975069642,3154.285707,3282.326523,-2664.0
47.76,-127.72,3.3711357,155.0,257.6751524,277.7679021,-0.975069642,3142.622847,3270.163826,-2663.0
47.76,-127.73,3.3711357,157.0,257.6751524,277.7679021,-0.975069642,3142.622847,3270.163826,-2662.0
47.76,-127.74,3.3711357,162.0,257.6751524,277.7679021,-0.975069642,3142.622847,3270.163826,-2663.0
47.76,-127.75,3.1612465,204.0,266.091792,286.8408464,-0.975069642,3122.296309,3248.966151,-2664.0
47.76,-127.77,3.1612465,297.0,266.091792,286.8408464,-0.975069642,3122.296309,3248.966151,-2664.0
47.77,-127.77,3.1612465,245.0,266.091792,286.8408464,-0.975069642,3122.296309,3248.966151,-2660.0
47.77,-127.78,3.1612465,235.0,266.091792,286.8408464,-0.975069642,3122.296309,3248.966151,-2657.0
47.77,-127.79,3.1612465,213.0,266.091792,286.8408464,-0.975069642,3122.296309,3248.966151,-2657.0
47.77,-127.7,3.3711357,208.0,257.6751524,277.7679021,-0.975069642,3142.622847,3270.163826,-2661.0
47.77,-127.71,3.3711357,205.0,257.6751524,277.7679021,-0.975069642,3142.622847,3270.163826,-2660.0
47.77,-127.72,3.3711357,180.0,257.6751524,277.7679021,-0.975069642,3142.622847,3270.163826,-2660.0
47.78,-127.73,3.3711357,196.0,257.6751524,277.7679021,-0.975069642,3142.622847,3270.163826,-2659.0
47.78,-127.74,3.3711357,203.0,257.6751524,277.7679021,-0.975069642,3142.622847,3270.163826,-2660.0
47.78,-127.75,3.1612465,334.0,266.091792,286.8408464,-0.975069642,3122.296309,3248.966151,-2659.0
47.78,-127.76,3.1612465,361.0,266.091792,286.8408464,-0.975069642,3122.296309,3248.966151,-2658.0
47.78,-127.77,3.1612465,243.0,266.091792,286.8408464,-0.975069642,3122.296309,3248.966151,-2655.0
47.79,-127.77,3.1612465,229.0,266.091792,286.8408464,-0.975069642,3122.296309,3248.966151,-2654.0
47.79,-127.78,3.1612465,215.0,266.091792,286.8408464,-0.975069642,3122.296309,3248.966151,-2655.0
47.79,-127.79,3.1612465,193.0,266.091792,286.8408464,-0.975069642,3122.296309,3248.966151,-2654.0
47.79,-127.8,3.1612465,207.0,266.091792,286.8408464,-0.975069642,3122.296309,3248.966151,-2650.0
47.77,-127.8,3.1612465,193.0,266.091792,286.8408464,-0.975069642,3122.296309,3248.966151,-2656.0
47.77,-127.81,3.1612465,180.0,266.091792,286.8408464,-0.58204329,3122.296309,3248.966151,-2655.0
48.33,-129.5,1.0923868,252.24,452.6603315,487.9574513,0.952193856,2865.810583,2981.48818,-2581.0
48.71,-129.33,1.0676979,273.61,457.8639649,493.5668487,-25.78291321,2861.653139,2977.152559,-2811.0
48.81,-128.53,1.6490558,338.97,368.4198177,397.1481103,-8.860430717,2949.454487,3068.716822,-2279.0
48.7,-128.64,0.59841609,185.2,611.5881019,659.2779413,-31.13194656,2770.750754,2882.354358,-2532.0
48.82,-128.75,0.68546021,87.99,571.4385487,615.9976442,-29.66418266,2789.773835,2902.192714,-2530.0
48.33,-128.65,0.80387408,256.43,527.6751548,568.8217096,0.947541118,2813.806588,2927.255442,-2464.0
48.36,-128.57,1.033847,300.0,465.2994327,501.5821124,2.668863773,2855.873935,2971.125675,-2549.0
48.39,-128.44,1.3642263,272.35,405.0582202,436.6434675,-2.548873425,2908.800345,3026.320359,-2662.0
48.36,-128.25,1.6470286,274.86,368.6464777,397.3924446,5.411941528,2949.178142,3068.428634,-2575.0
48.48,-128.27,1.6329716,321.79,370.229775,399.0992028,8.752602577,2947.25722,3066.425387,-2513.0
48.46,-128.45,1.3784287,433.25,402.9660939,434.3882034,-4.410299301,2910.922761,3028.533737,-2576.0
48.46,-128.56,0.8665905,423.19,508.2222764,547.851953,8.065933228,2825.81795,2939.781576,-2373.0
48.45,-128.81,0.34311613,527.94,807.6814184,870.6620372,-13.25694942,2705.016404,2813.802821,-2436.0
48.47,-128.99,0.2075969,366.63,1038.365445,1119.334125,-29.15257072,2659.46981,2766.30423,-2925.0
48.47,-129.08,0.41323298,202.38,735.975185,793.3643629,-29.15257072,2724.9912,2834.63368,-2896.0
48.47,-129.22,0.6946314,319.28,567.6536744,611.9176365,-2.554271936,2791.705925,2904.207607,-2532.0
48.55,-129.45,1.1500742,237.57,441.1616258,475.5621104,-13.8628149,2875.345294,2991.431521,-2783.0
48.53,-129.34,0.93639433,234.64,488.9126467,527.0366153,12.00231552,2838.686146,2953.201266,-2557.0
48.55,-129.23,0.6946314,193.16,567.6536744,611.9176365,-8.629146576,2791.705925,2904.207607,-2614.0
48.55,-128.93,0.15120271,419.0,1216.692613,1311.566721,-19.70304871,2636.096774,2741.929493,-2947.0
48.55,-128.67,0.59159386,104.75,615.1043949,663.0684244,-24.77534676,2769.202986,2880.740257,-2501.0
48.56,-128.69,0.44956386,360.34,705.6103838,760.6318039,-24.77534676,2734.673332,2844.730761,-2513.0
48.56,-128.54,0.96464723,190.23,481.6997248,519.261251,1.792574644,2843.757597,2958.490066,-2433.0
48.57,-128.39,1.2363625,351.96,425.488422,458.6667563,-3.286632776,2889.171436,3005.850211,-2610.0
48.56,-128.28,1.5076998,295.4,385.3037363,415.3485871,-3.286632776,2929.759497,3048.177761,-2458.0
48.64,-128.26,1.5076998,199.03,385.3037363,415.3485871,2.654664516,2929.759497,3048.177761,-2551.0
48.67,-128.43,1.2233963,162.99,427.7372546,461.0909463,-10.13027668,2887.125363,3003.71645,-2512.0
48.66,-128.5,0.88008928,227.1,504.3096674,543.6342503,-10.13027668,2828.345758,2942.417719,-2527.0
48.65,-128.68,0.44956386,217.88,705.6103838,760.6318039,-24.77534676,2734.673332,2844.730761,-2573.0
48.64,-129.47,1.3595402,224.17,405.7557025,437.3953375,-13.8628149,2908.097629,3025.587527,-2816.0
48.72,-129.49,1.4873363,171.37,387.9324152,418.1822427,-26.31522369,2926.847393,3045.140853,-2808.0
48.82,-129.51,1.4191555,307.55,397.1418611,428.109814,-23.59581757,2916.949096,3034.818343,-2806.0
49.0,-129.12,1.4348531,134.92,394.9634782,425.7615673,-1.22399497,2919.248739,3037.216542,-2425.0
48.47,-129.4,1.1500742,597.49,441.1616258,475.5621104,12.00231552,2875.345294,2991.431521,-2351.0
48.34,-128.97,0.12862568,114.39,1319.158005,1422.022062,2.990579128,2625.525479,2730.905142,-2487.0
48.36,-128.81,0.53057241,328.08,649.5137174,700.1608847,-3.627408266,2754.941405,2865.867466,-2439.0
48.54,-129.08,0.41323298,423.19,735.975185,793.3643629,-29.15257072,2724.9912,2834.63368,-2672.0
48.65,-129.08,0.54729426,234.64,639.5142297,689.3816663,-30.70441246,2758.927687,2870.024587,-2790.0
48.63,-129.0,0.29284939,316.76,874.2557495,942.4276387,-30.70441246,2689.404462,2797.521796,-2882.0
48.69,-129.08,0.52265346,45.67,654.4157515,705.4451649,-13.6266613,2753.031715,2863.875931,-2692.0
48.8,-129.11,0.14601907,238.83,1238.100417,1334.643842,-9.584189415,2633.743546,2739.475412,-2583.0
48.91,-129.07,0.62740594,207.41,597.2915159,643.8665496,-4.754152298,2777.231361,2889.112705,-2170.0
48.83,-128.94,0.31936482,136.59,837.1766791,902.4572515,-4.243466377,2697.793302,2806.270158,-2417.0
48.71,-128.91,0.24071789,275.28,964.2873622,1039.479651,-11.20665169,2671.720533,2779.079985,-2747.0
48.7,-128.76,0.14280756,129.89,1251.944451,1349.567393,-19.29531097,2632.264606,2737.93309,-2543.0
48.82,-128.79,0.68546021,146.65,571.4385487,615.9976442,-29.66418266,2789.773835,2902.192714,-2588.0
49.0,-128.92,2.0014477,163.83,334.4171458,360.4940102,-12.48082924,2995.153858,3116.374738,-2424.0
48.89,-128.94,1.2405514,343.16,424.7694532,457.8917244,-4.243466377,2889.830151,3006.537157,-2185.0
48.89,-128.8,1.5536753,175.98,379.5600789,409.1570563,-29.66418266,2936.262793,3054.959769,-2571.0
48.9,-128.7,1.8434017,146.65,348.4581825,375.6299256,-30.76771736,2975.201755,3095.567545,-2573.0
48.72,-128.25,1.5736516,199.86,377.1432725,406.5517944,-6.987557411,2939.058448,3057.875239,-2525.0
48.71,-128.4,1.2233963,157.54,427.7372546,461.0909463,-10.13027668,2887.125363,3003.71645,-2530.0
48.71,-128.54,0.88008928,263.97,504.3096674,543.6342503,0.323105454,2828.345758,2942.417719,-2000.0
48.7,-128.67,0.33493531,87.99,817.4857512,881.230883,-31.13194656,2702.557586,2811.238625,-2550.0
48.65,-129.22,0.81750315,400.98,523.2580779,564.0602022,-8.629146576,2816.455583,2930.017965,-2820.0
48.64,-129.3,1.0900034,313.83,453.1549545,488.4906436,-8.629146576,2865.411298,2981.071782,-2806.0
48.71,-129.19,0.7853657,350.7,533.8566956,575.4852688,-20.09845352,2810.173013,2923.466143,-2849.0
48.8,-129.22,0.54567164,201.96,640.46436,690.405885,-17.66074944,2758.543567,2869.624005,-2766.0
48.9,-129.19,0.37818527,460.9,769.3223584,829.3118507,-1.22399497,2715.238694,2824.46321,-2263.0
48.82,-129.32,0.79428655,298.75,530.8502848,572.244427,-17.66074944,2811.929643,2925.298057,-2809.0
48.91,-129.43,0.2667374,258.94,916.0489941,987.4797975,-3.570052385,2680.763192,2788.510186,-2460.0
48.91,-129.31,0.1802076,196.09,1114.484692,1201.388927,-3.492266893,2648.57803,2754.94566,-2427.0
48.82,-128.67,1.0121025,87.99,470.2712296,506.9415954,-38.92121506,2852.111568,2967.202064,-2525.0
48.9,-128.53,2.3829148,320.12,306.4830082,330.3816507,-21.02902031,3040.284243,3163.439282,-2448.0
48.92,-128.4,2.6493433,149.58,290.664197,313.3293353,-19.92098999,3069.68812,3194.103325,-2508.0
48.91,-128.26,2.8614984,190.23,279.6816063,301.4903545,-16.00354195,3092.058742,3217.432688,-2468.0
48.81,-128.24,2.5568075,297.07,295.8772975,318.9489379,-16.03022385,3059.650711,3183.635742,-2471.0
48.81,-128.41,1.9969267,294.14,334.7954885,360.9018549,-2.498618126,2994.594299,3115.791198,-2505.0
48.65,-128.78,0.16636826,138.27,1159.913016,1250.359617,-20.98010063,2642.758929,2748.877169,-2554.0
48.72,-128.39,1.2233963,154.19,427.7372546,461.0909463,-7.863620758,2887.125363,3003.71645,-2520.0
48.7,-128.56,0.59841609,195.67,611.5881019,659.2779413,0.323105454,2770.750754,2882.354358,-2205.0
48.71,-128.61,0.59841609,408.11,611.5881019,659.2779413,0.323105454,2770.750754,2882.354358,-2306.0
48.71,-128.52,0.88008928,667.05,504.3096674,543.6342503,0.323105454,2828.345758,2942.417719,-2304.0
48.89,-128.3,2.8614984,70.0,279.6816063,301.4903545,-9.438058853,3092.058742,3217.432688,-2468.0
48.47,-128.78,0.34311613,404.0,807.6814184,870.6620372,-13.25694942,2705.016404,2813.802821,-2498.0
48.47,-128.8,0.34311613,397.0,807.6814184,870.6620372,-13.25694942,2705.016404,2813.802821,-2473.0
48.57,-128.69,0.44956386,371.0,705.6103838,760.6318039,-24.77534676,2734.673332,2844.730761,-2523.0
48.57,-128.7,0.44956386,338.0,705.6103838,760.6318039,-24.77534676,2734.673332,2844.730761,-2544.0
48.56,-128.7,0.44956386,359.0,705.6103838,760.6318039,-24.77534676,2734.673332,2844.730761,-2534.0
48.55,-128.71,0.59159386,587.0,615.1043949,663.0684244,-24.77534676,2769.202986,2880.740257,-2533.0
48.55,-128.72,0.59159386,413.0,615.1043949,663.0684244,-24.77534676,2769.202986,2880.740257,-2538.0
48.54,-128.72,0.59159386,335.0,615.1043949,663.0684244,-10.74924183,2769.202986,2880.740257,-2540.0
48.53,-128.72,0.59159386,302.0,615.1043949,663.0684244,-10.74924183,2769.202986,2880.740257,-2544.0
48.52,-128.73,0.59159386,278.0,615.1043949,663.0684244,-10.74924183,2769.202986,2880.740257,-2539.0
48.51,-128.74,0.59159386,306.0,615.1043949,663.0684244,-10.74924183,2769.202986,2880.740257,-2539.0
48.52,-128.82,0.34311613,165.0,807.6814184,870.6620372,-13.25694942,2705.016404,2813.802821,-2502.0
48.52,-128.8,0.34311613,159.0,807.6814184,870.6620372,-13.25694942,2705.016404,2813.802821,-2512.0
48.53,-128.79,0.34311613,161.0,807.6814184,870.6620372,-13.25694942,2705.016404,2813.802821,-2528.0
48.52,-128.78,0.34311613,150.0,807.6814184,870.6620372,-13.25694942,2705.016404,2813.802821,-2528.0
48.52,-128.77,0.34311613,169.0,807.6814184,870.6620372,-13.25694942,2705.016404,2813.802821,-2541.0
48.51,-128.77,0.34311613,133.0,807.6814184,870.6620372,-13.25694942,2705.016404,2813.802821,-2533.0
48.5,-128.77,0.34311613,230.0,807.6814184,870.6620372,-13.25694942,2705.016404,2813.802821,-2534.0
48.49,-128.76,0.34311613,263.0,807.6814184,870.6620372,-13.25694942,2705.016404,2813.802821,-2521.0
48.48,-128.76,0.34311613,272.0,807.6814184,870.6620372,-13.25694942,2705.016404,2813.802821,-2511.0
48.47,-128.75,0.34311613,309.0,807.6814184,870.6620372,-13.25694942,2705.016404,2813.802821,-2511.0
48.46,-128.74,0.59159386,424.0,615.1043949,663.0684244,-10.74924183,2769.202986,2880.740257,-2492.0
48.45,-128.74,0.59159386,412.0,615.1043949,663.0684244,-10.74924183,2769.202986,2880.740257,-2481.0
48.51,-128.78,0.34311613,151.0,807.6814184,870.6620372,-13.25694942,2705.016404,2813.802821,-2526.0
48.5,-128.76,0.34311613,299.0,807.6814184,870.6620372,-13.25694942,2705.016404,2813.802821,-2533.0
48.5,-128.75,0.34311613,246.0,807.6814184,870.6620372,-13.25694942,2705.016404,2813.802821,-2529.0
48.49,-128.74,0.59159386,206.0,615.1043949,663.0684244,-10.74924183,2769.202986,2880.740257,-2520.0
48.49,-128.73,0.59159386,341.0,615.1043949,663.0684244,-10.74924183,2769.202986,2880.740257,-2523.0
48.49,-128.72,0.59159386,390.0,615.1043949,663.0684244,-10.74924183,2769.202986,2880.740257,-2500.0
48.48,-128.72,0.59159386,570.0,615.1043949,663.0684244,-10.74924183,2769.202986,2880.740257,-2476.0
48.48,-128.71,0.59159386,744.0,615.1043949,663.0684244,-10.74924183,2769.202986,2880.740257,-2447.0
48.45,-128.72,0.59159386,774.0,615.1043949,663.0684244,-10.74924183,2769.202986,2880.740257,-2447.0
48.46,-128.71,0.59159386,2894.0,615.1043949,663.0684244,-10.74924183,2769.202986,2880.740257,-2447.0
48.45,-128.7,0.59159386,1313.0,615.1043949,663.0684244,-10.74924183,2769.202986,2880.740257,-2461.0
48.44,-128.69,0.79336768,581.0,531.1576085,572.5757148,-10.74924183,2811.749163,2925.109842,-2476.0
48.44,-128.68,0.79336768,1507.0,531.1576085,572.5757148,-10.74924183,2811.749163,2925.109842,-2473.0
48.43,-128.68,0.79336768,3200.0,531.1576085,572.5757148,-10.74924183,2811.749163,2925.109842,-2481.0
48.43,-128.67,0.79336768,883.0,531.1576085,572.5757148,-10.74924183,2811.749163,2925.109842,-2479.0
48.43,-128.66,0.79336768,466.0,531.1576085,572.5757148,-10.74924183,2811.749163,2925.109842,-2477.0
48.4,-128.73,0.79336768,841.0,531.1576085,572.5757148,0.947541118,2811.749163,2925.109842,-2458.0
48.4,-128.72,0.79336768,995.0,531.1576085,572.5757148,0.947541118,2811.749163,2925.109842,-2471.0
48.4,-128.71,0.79336768,654.0,531.1576085,572.5757148,0.947541118,2811.749163,2925.109842,-2478.0
48.4,-128.7,0.79336768,683.0,531.1576085,572.5757148,0.947541118,2811.749163,2925.109842,-2478.0
48.4,-128.69,0.79336768,616.0,531.1576085,572.5757148,0.947541118,2811.749163,2925.109842,-2479.0
48.39,-128.68,0.79336768,788.0,531.1576085,572.5757148,0.947541118,2811.749163,2925.109842,-2469.0
48.39,-128.67,0.79336768,589.0,531.1576085,572.5757148,0.947541118,2811.749163,2925.109842,-2470.0
48.39,-128.66,0.79336768,648.0,531.1576085,572.5757148,0.947541118,2811.749163,2925.109842,-2425.0
48.39,-128.65,0.79336768,548.0,531.1576085,572.5757148,0.947541118,2811.749163,2925.109842,-2409.0
48.39,-128.64,1.033847,699.0,465.2994327,501.5821124,0.947541118,2855.873935,2971.125675,-2430.0
48.39,-128.63,1.033847,902.0,465.2994327,501.5821124,0.947541118,2855.873935,2971.125675,-2373.0
48.38,-128.62,1.033847,465.0,465.2994327,501.5821124,2.668863773,2855.873935,2971.125675,-2430.0
48.38,-128.61,1.033847,355.0,465.2994327,501.5821124,2.668863773,2855.873935,2971.125675,-2442.0
48.4,-128.84,0.53057241,1319.0,649.5137174,700.1608847,-3.627408266,2754.941405,2865.867466,-2347.0
48.4,-128.83,0.53057241,1429.0,649.5137174,700.1608847,-3.627408266,2754.941405,2865.867466,-2372.0
48.39,-128.83,0.53057241,1497.0,649.5137174,700.1608847,-3.627408266,2754.941405,2865.867466,-2384.0
48.39,-128.82,0.53057241,952.0,649.5137174,700.1608847,-3.627408266,2754.941405,2865.867466,-2408.0
48.39,-128.81,0.53057241,763.0,649.5137174,700.1608847,-3.627408266,2754.941405,2865.867466,-2421.0
48.39,-128.79,0.53057241,602.0,649.5137174,700.1608847,-3.627408266,2754.941405,2865.867466,-2425.0
48.38,-128.79,0.53057241,598.0,649.5137174,700.1608847,-3.627408266,2754.941405,2865.867466,-2423.0
48.39,-128.78,0.53057241,586.0,649.5137174,700.1608847,-3.627408266,2754.941405,2865.867466,-2419.0
48.39,-128.77,0.53057241,539.0,649.5137174,700.1608847,-3.627408266,2754.941405,2865.867466,-2427.0
48.39,-128.76,0.53057241,487.0,649.5137174,700.1608847,-3.627408266,2754.941405,2865.867466,-2437.0
48.39,-128.75,0.53057241,530.0,649.5137174,700.1608847,-3.627408266,2754.941405,2865.867466,-2445.0
48.39,-128.73,0.79336768,914.0,531.1576085,572.5757148,0.947541118,2811.749163,2925.109842,-2461.0
48.39,-128.72,0.79336768,758.0,531.1576085,572.5757148,0.947541118,2811.749163,2925.109842,-2473.0
48.39,-128.71,0.79336768,620.0,531.1576085,572.5757148,0.947541118,2811.749163,2925.109842,-2481.0
48.44,-128.76,0.53057241,573.0,649.5137174,700.1608847,-13.25694942,2754.941405,2865.867466,-2464.0
48.44,-128.75,0.53057241,594.0,649.5137174,700.1608847,-13.25694942,2754.941405,2865.867466,-2461.0
48.44,-128.74,0.79336768,567.0,531.1576085,572.5757148,-10.74924183,2811.749163,2925.109842,-2446.0
48.44,-128.73,0.79336768,661.0,531.1576085,572.5757148,-10.74924183,2811.749163,2925.109842,-2436.0
48.44,-128.72,0.79336768,704.0,531.1576085,572.5757148,-10.74924183,2811.749163,2925.109842,-2449.0
48.44,-128.7,0.79336768,857.0,531.1576085,572.5757148,-10.74924183,2811.749163,2925.109842,-2465.0
48.44,-128.67,0.79336768,727.0,531.1576085,572.5757148,-10.74924183,2811.749163,2925.109842,-2478.0
48.44,-128.66,0.79336768,419.0,531.1576085,572.5757148,-10.74924183,2811.749163,2925.109842,-2475.0
48.44,-128.65,0.79336768,218.0,531.1576085,572.5757148,-10.74924183,2811.749163,2925.109842,-2471.0
48.44,-128.63,1.033847,290.0,465.2994327,501.5821124,-10.74924183,2855.873935,2971.125675,-2365.0
48.29,-128.69,0.80387408,532.0,527.6751548,568.8217096,-1.013275385,2813.806588,2927.255442,-2472.0
48.3,-128.7,0.80387408,1101.0,527.6751548,568.8217096,-1.013275385,2813.806588,2927.255442,-2447.0
48.31,-128.7,0.80387408,387.0,527.6751548,568.8217096,0.947541118,2813.806588,2927.255442,-2479.0
48.32,-128.71,0.80387408,278.0,527.6751548,568.8217096,0.947541118,2813.806588,2927.255442,-2486.0
48.33,-128.72,0.80387408,322.0,527.6751548,568.8217096,0.947541118,2813.806588,2927.255442,-2492.0
48.34,-128.72,0.80387408,395.0,527.6751548,568.8217096,0.947541118,2813.806588,2927.255442,-2494.0
48.34,-128.73,0.80387408,422.0,527.6751548,568.8217096,0.947541118,2813.806588,2927.255442,-2486.0
48.35,-128.73,0.79336768,502.0,531.1576085,572.5757148,0.947541118,2811.749163,2925.109842,-2482.0
48.36,-128.74,0.79336768,550.0,531.1576085,572.5757148,0.947541118,2811.749163,2925.109842,-2470.0
48.37,-128.74,0.79336768,788.0,531.1576085,572.5757148,0.947541118,2811.749163,2925.109842,-2466.0
48.38,-128.75,0.53057241,673.0,649.5137174,700.1608847,-3.627408266,2754.941405,2865.867466,-2450.0
48.4,-128.76,0.53057241,587.0,649.5137174,700.1608847,-3.627408266,2754.941405,2865.867466,-2428.0
48.29,-128.78,0.54432315,313.0,641.2572029,691.2605515,-5.456256866,2758.223906,2869.290645,-2500.0
48.31,-128.78,0.54432315,292.0,641.2572029,691.2605515,-3.627408266,2758.223906,2869.290645,-2481.0
48.33,-128.78,0.54432315,322.0,641.2572029,691.2605515,-3.627408266,2758.223906,2869.290645,-2467.0
48.34,-128.78,0.54432315,353.0,641.2572029,691.2605515,-3.627408266,2758.223906,2869.290645,-2463.0
48.35,-128.78,0.53057241,354.0,649.5137174,700.1608847,-3.627408266,2754.941405,2865.867466,-2457.0
48.36,-128.8,0.53057241,303.0,649.5137174,700.1608847,-3.627408266,2754.941405,2865.867466,-2437.0
48.36,-128.83,0.53057241,469.0,649.5137174,700.1608847,-3.627408266,2754.941405,2865.867466,-2421.0
48.36,-128.84,0.53057241,1022.0,649.5137174,700.1608847,-3.627408266,2754.941405,2865.867466,-2407.0
48.36,-128.85,0.53057241,1289.0,649.5137174,700.1608847,-3.627408266,2754.941405,2865.867466,-2391.0
48.37,-128.86,0.25480604,1150.0,937.2507568,1010.334811,2.990579128,2676.674106,2784.245854,-2362.0
48.37,-128.87,0.25480604,1095.0,937.2507568,1010.334811,2.990579128,2676.674106,2784.245854,-2344.0
48.38,-128.88,0.25480604,1158.0,937.2507568,1010.334811,2.990579128,2676.674106,2784.245854,-2311.0
48.38,-128.9,0.25480604,1076.0,937.2507568,1010.334811,2.990579128,2676.674106,2784.245854,-2363.0
48.35,-128.77,0.53057241,367.0,649.5137174,700.1608847,-3.627408266,2754.941405,2865.867466,-2460.0
48.36,-128.77,0.53057241,341.0,649.5137174,700.1608847,-3.627408266,2754.941405,2865.867466,-2455.0
48.41,-128.73,0.79336768,858.0,531.1576085,572.5757148,0.947541118,2811.749163,2925.109842,-2454.0
48.42,-128.73,0.79336768,861.0,531.1576085,572.5757148,0.947541118,2811.749163,2925.109842,-2449.0
48.41,-128.74,0.79336768,740.0,531.1576085,572.5757148,0.947541118,2811.749163,2925.109842,-2445.0
48.41,-128.75,0.53057241,624.0,649.5137174,700.1608847,-3.627408266,2754.941405,2865.867466,-2429.0
48.42,-128.75,0.53057241,679.0,649.5137174,700.1608847,-3.627408266,2754.941405,2865.867466,-2430.0
48.42,-128.77,0.53057241,763.0,649.5137174,700.1608847,-3.627408266,2754.941405,2865.867466,-2437.0
48.42,-128.78,0.53057241,706.0,649.5137174,700.1608847,-3.627408266,2754.941405,2865.867466,-2444.0
48.42,-128.79,0.53057241,788.0,649.5137174,700.1608847,-3.627408266,2754.941405,2865.867466,-2439.0
48.43,-128.8,0.53057241,959.0,649.5137174,700.1608847,-13.25694942,2754.941405,2865.867466,-2424.0
48.43,-128.81,0.53057241,1153.0,649.5137174,700.1608847,-13.25694942,2754.941405,2865.867466,-2411.0
48.43,-128.82,0.53057241,1665.0,649.5137174,700.1608847,-13.25694942,2754.941405,2865.867466,-2393.0
48.43,-128.83,0.53057241,1124.0,649.5137174,700.1608847,-13.25694942,2754.941405,2865.867466,-2348.0
48.43,-128.84,0.53057241,888.0,649.5137174,700.1608847,-13.25694942,2754.941405,2865.867466,-2327.0
48.43,-128.85,0.53057241,1018.0,649.5137174,700.1608847,-13.25694942,2754.941405,2865.867466,-2314.0
48.43,-128.86,0.25480604,897.0,937.2507568,1010.334811,-8.025933266,2676.674106,2784.245854,-2300.0
48.44,-128.77,0.53057241,546.0,649.5137174,700.1608847,-13.25694942,2754.941405,2865.867466,-2465.0
48.44,-128.78,0.53057241,550.0,649.5137174,700.1608847,-13.25694942,2754.941405,2865.867466,-2463.0
48.45,-128.78,0.34311613,502.0,807.6814184,870.6620372,-13.25694942,2705.016404,2813.802821,-2469.0
48.45,-128.79,0.34311613,477.0,807.6814184,870.6620372,-13.25694942,2705.016404,2813.802821,-2460.0
48.46,-128.8,0.34311613,426.0,807.6814184,870.6620372,-13.25694942,2705.016404,2813.802821,-2464.0
48.46,-128.81,0.34311613,477.0,807.6814184,870.6620372,-13.25694942,2705.016404,2813.802821,-2449.0
48.46,-128.82,0.34311613,429.0,807.6814184,870.6620372,-13.25694942,2705.016404,2813.802821,-2435.0
48.46,-128.83,0.34311613,840.0,807.6814184,870.6620372,-13.25694942,2705.016404,2813.802821,-2392.0
48.46,-128.84,0.34311613,1246.0,807.6814184,870.6620372,-13.25694942,2705.016404,2813.802821,-2351.0
48.46,-128.85,0.34311613,1171.0,807.6814184,870.6620372,-13.25694942,2705.016404,2813.802821,-2318.0
48.47,-128.86,0.15120271,1531.0,1216.692613,1311.566721,-8.025933266,2636.096774,2741.929493,-2286.0
48.47,-128.57,0.8665905,416.0,508.2222764,547.851953,8.065933228,2825.81795,2939.781576,-2388.0
48.47,-128.58,0.8665905,421.0,508.2222764,547.851953,8.065933228,2825.81795,2939.781576,-2396.0
48.47,-128.59,0.8665905,461.0,508.2222764,547.851953,8.065933228,2825.81795,2939.781576,-2364.0
48.47,-128.6,0.8665905,518.0,508.2222764,547.851953,8.065933228,2825.81795,2939.781576,-2299.0
48.48,-128.61,0.8665905,619.0,508.2222764,547.851953,8.065933228,2825.81795,2939.781576,-2337.0
48.48,-128.62,0.8665905,358.0,508.2222764,547.851953,8.065933228,2825.81795,2939.781576,-2391.0
48.48,-128.63,0.8665905,363.0,508.2222764,547.851953,-10.74924183,2825.81795,2939.781576,-2423.0
48.48,-128.64,0.8665905,549.0,508.2222764,547.851953,-10.74924183,2825.81795,2939.781576,-2453.0
48.48,-128.65,0.59159386,411.0,615.1043949,663.0684244,-10.74924183,2769.202986,2880.740257,-2471.0
48.45,-128.61,0.8665905,924.0,508.2222764,547.851953,8.065933228,2825.81795,2939.781576,-2374.0
48.45,-128.63,0.8665905,387.0,508.2222764,547.851953,-10.74924183,2825.81795,2939.781576,-2362.0
48.45,-128.64,0.8665905,631.0,508.2222764,547.851953,-10.74924183,2825.81795,2939.781576,-2440.0
48.45,-128.65,0.59159386,470.0,615.1043949,663.0684244,-10.74924183,2769.202986,2880.740257,-2478.0
48.45,-128.66,0.59159386,396.0,615.1043949,663.0684244,-10.74924183,2769.202986,2880.740257,-2475.0
48.43,-128.73,0.79336768,697.0,531.1576085,572.5757148,-10.74924183,2811.749163,2925.109842,-2446.0
48.45,-128.73,0.59159386,680.0,615.1043949,663.0684244,-10.74924183,2769.202986,2880.740257,-2453.0
48.46,-128.72,0.59159386,1760.0,615.1043949,663.0684244,-10.74924183,2769.202986,2880.740257,-2447.0
48.47,-128.71,0.59159386,1488.0,615.1043949,663.0684244,-10.74924183,2769.202986,2880.740257,-2440.0
48.47,-128.7,0.59159386,963.0,615.1043949,663.0684244,-10.74924183,2769.202986,2880.740257,-2450.0
48.48,-128.7,0.59159386,1062.0,615.1043949,663.0684244,-10.74924183,2769.202986,2880.740257,-2438.0
48.48,-128.69,0.59159386,1088.0,615.1043949,663.0684244,-10.74924183,2769.202986,2880.740257,-2453.0
48.49,-128.69,0.59159386,896.0,615.1043949,663.0684244,-10.74924183,2769.202986,2880.740257,-2446.0
48.5,-128.69,0.59159386,637.0,615.1043949,663.0684244,-10.74924183,2769.202986,2880.740257,-2441.0
48.51,-128.69,0.59159386,519.0,615.1043949,663.0684244,-10.74924183,2769.202986,2880.740257,-2439.0
48.51,-128.68,0.59159386,418.0,615.1043949,663.0684244,-10.74924183,2769.202986,2880.740257,-2454.0
48.45,-128.67,0.59159386,176.0,615.1043949,663.0684244,-10.74924183,2769.202986,2880.740257,-2477.0
48.45,-128.68,0.59159386,411.0,615.1043949,663.0684244,-10.74924183,2769.202986,2880.740257,-2472.0
48.45,-128.69,0.59159386,466.0,615.1043949,663.0684244,-10.74924183,2769.202986,2880.740257,-2467.0
48.46,-128.7,0.59159386,729.0,615.1043949,663.0684244,-10.74924183,2769.202986,2880.740257,-2455.0
48.47,-128.72,0.59159386,832.0,615.1043949,663.0684244,-10.74924183,2769.202986,2880.740257,-2451.0
48.48,-128.68,0.59159386,421.0,615.1043949,663.0684244,-10.74924183,2769.202986,2880.740257,-2465.0
48.48,-128.67,0.59159386,427.0,615.1043949,663.0684244,-10.74924183,2769.202986,2880.740257,-2476.0
48.47,-128.73,0.59159386,618.0,615.1043949,663.0684244,-10.74924183,2769.202986,2880.740257,-2492.0
48.47,-128.68,0.59159386,406.0,615.1043949,663.0684244,-10.74924183,2769.202986,2880.740257,-2469.0
48.42,-128.68,0.79336768,842.0,531.1576085,572.5757148,0.947541118,2811.749163,2925.109842,-2473.0
48.41,-128.68,0.79336768,529.0,531.1576085,572.5757148,0.947541118,2811.749163,2925.109842,-2472.0
48.4,-128.68,0.79336768,484.0,531.1576085,572.5757148,0.947541118,2811.749163,2925.109842,-2470.0
48.38,-128.68,0.79336768,1405.0,531.1576085,572.5757148,0.947541118,2811.749163,2925.109842,-2474.0
48.42,-128.72,0.79336768,901.0,531.1576085,572.5757148,0.947541118,2811.749163,2925.109842,-2462.0
48.42,-128.71,0.79336768,757.0,531.1576085,572.5757148,0.947541118,2811.749163,2925.109842,-2464.0
48.43,-128.7,0.79336768,641.0,531.1576085,572.5757148,-10.74924183,2811.749163,2925.109842,-2474.0
48.43,-128.69,0.79336768,663.0,531.1576085,572.5757148,-10.74924183,2811.749163,2925.109842,-2484.0
48.42,-128.66,0.79336768,491.0,531.1576085,572.5757148,0.947541118,2811.749163,2925.109842,-2469.0
48.42,-128.67,0.79336768,485.0,531.1576085,572.5757148,0.947541118,2811.749163,2925.109842,-2468.0
48.41,-128.67,0.79336768,454.0,531.1576085,572.5757148,0.947541118,2811.749163,2925.109842,-2465.0
48.4,-128.67,0.79336768,451.0,531.1576085,572.5757148,0.947541118,2811.749163,2925.109842,-2464.0
48.4,-128.66,0.79336768,321.0,531.1576085,572.5757148,0.947541118,2811.749163,2925.109842,-2434.0
48.41,-128.65,0.79336768,414.0,531.1576085,572.5757148,0.947541118,2811.749163,2925.109842,-2410.0
48.4,-128.64,1.033847,433.0,465.2994327,501.5821124,0.947541118,2855.873935,2971.125675,-2411.0
48.49,-128.63,0.8665905,1239.0,508.2222764,547.851953,-10.74924183,2825.81795,2939.781576,-2431.0
48.49,-128.64,0.8665905,507.0,508.2222764,547.851953,-10.74924183,2825.81795,2939.781576,-2457.0
48.47,-128.64,0.8665905,493.0,508.2222764,547.851953,-10.74924183,2825.81795,2939.781576,-2451.0
48.44,-128.64,1.033847,479.0,465.2994327,501.5821124,-10.74924183,2855.873935,2971.125675,-2368.0
48.43,-128.65,0.79336768,469.0,531.1576085,572.5757148,-10.74924183,2811.749163,2925.109842,-2471.0
48.42,-128.65,0.79336768,742.0,531.1576085,572.5757148,0.947541118,2811.749163,2925.109842,-2420.0
48.41,-128.66,0.79336768,566.0,531.1576085,572.5757148,0.947541118,2811.749163,2925.109842,-2463.0
48.42,-128.59,1.033847,401.0,465.2994327,501.5821124,2.668863773,2855.873935,2971.125675,-2441.0
48.42,-128.6,1.033847,407.0,465.2994327,501.5821124,2.668863773,2855.873935,2971.125675,-2397.0
48.42,-128.61,1.033847,463.0,465.2994327,501.5821124,2.668863773,2855.873935,2971.125675,-2368.0
48.42,-128.62,1.033847,432.0,465.2994327,501.5821124,2.668863773,2855.873935,2971.125675,-2366.0
48.42,-128.63,1.033847,458.0,465.2994327,501.5821124,0.947541118,2855.873935,2971.125675,-2395.0
48.42,-128.64,1.033847,450.0,465.2994327,501.5821124,0.947541118,2855.873935,2971.125675,-2377.0
48.44,-128.71,0.79336768,819.0,531.1576085,572.5757148,-10.74924183,2811.749163,2925.109842,-2456.0
48.45,-128.71,0.59159386,882.0,615.1043949,663.0684244,-10.74924183,2769.202986,2880.740257,-2455.0
48.47,-128.66,0.59159386,160.0,615.1043949,663.0684244,-10.74924183,2769.202986,2880.740257,-2476.0
48.45,-128.6,0.8665905,433.0,508.2222764,547.851953,8.065933228,2825.81795,2939.781576,-2363.0
48.46,-128.69,0.59159386,405.0,615.1043949,663.0684244,-10.74924183,2769.202986,2880.740257,-2466.0
47.98,-128.79,0.50150979,170.0,668.068433,720.1624423,-5.608677864,2747.860746,2858.483349,-2591.0
47.97,-128.8,0.50150979,174.0,668.068433,720.1624423,-5.608677864,2747.860746,2858.483349,-2590.0
47.94,-128.82,0.66285837,362.0,581.0992123,626.4116178,-10.49689579,2784.956401,2897.168818,-2587.0
47.94,-128.78,0.66285837,900.0,581.0992123,626.4116178,-10.49689579,2784.956401,2897.168818,-2607.0
47.95,-128.82,0.50150979,233.0,668.068433,720.1624423,-10.49689579,2747.860746,2858.483349,-2587.0
47.84,-128.67,1.1115648,403.0,448.7384322,483.7297338,-12.46199608,2869.007707,2984.822323,-2666.0
47.93,-127.66,3.1907601,123.0,264.8582972,285.5111674,3.032176971,3125.19446,3251.988508,-2657.0
47.95,-127.66,3.0129824,150.0,272.5601513,293.8135893,3.032176971,3107.52806,3233.564977,-2651.0
47.88,-127.62,3.4528952,184.0,254.6061914,274.4596325,3.032176971,3150.368866,3278.241818,-2645.0
47.88,-127.63,3.4528952,114.0,254.6061914,274.4596325,3.032176971,3150.368866,3278.241818,-2647.0
47.89,-127.63,3.4528952,120.0,254.6061914,274.4596325,3.032176971,3150.368866,3278.241818,-2646.0
47.89,-127.64,3.4528952,187.0,254.6061914,274.4596325,3.032176971,3150.368866,3278.241818,-2648.0
47.87,-127.68,3.1907601,184.0,264.8582972,285.5111674,3.032176971,3125.19446,3251.988508,-2659.0
47.9,-127.7,3.1907601,489.0,264.8582972,285.5111674,-0.518282652,3125.19446,3251.988508,-2659.0
47.75,-127.62,3.5783212,74.0,250.1042077,269.6065974,-0.419886947,3162.075786,3290.450463,-2648.0
47.79,-127.64,3.5786738,159.0,250.0918862,269.5933151,-0.419886947,3162.108405,3290.48448,-2649.0
47.8,-127.64,3.5786738,260.0,250.0918862,269.5933151,-0.419886947,3162.108405,3290.48448,-2647.0
47.8,-127.65,3.3711357,179.0,257.6751524,277.7679021,-0.419886947,3142.622847,3270.163826,-2649.0
47.81,-127.65,3.3711357,128.0,257.6751524,277.7679021,-0.419886947,3142.622847,3270.163826,-2651.0
47.82,-127.65,3.3711357,117.0,257.6751524,277.7679021,-0.419886947,3142.622847,3270.163826,-2653.0
47.82,-127.66,3.3711357,236.0,257.6751524,277.7679021,-0.419886947,3142.622847,3270.163826,-2653.0
47.76,-127.62,3.5786738,69.0,250.0918862,269.5933151,-0.419886947,3162.108405,3290.48448,-2648.0
47.77,-127.63,3.5786738,63.0,250.0918862,269.5933151,-0.419886947,3162.108405,3290.48448,-2650.0
47.78,-127.63,3.5786738,74.0,250.0918862,269.5933151,-0.419886947,3162.108405,3290.48448,-2655.0
47.78,-127.64,3.5786738,87.0,250.0918862,269.5933151,-0.419886947,3162.108405,3290.48448,-2654.0
47.82,-127.5,3.8465323,89.0,241.2270285,260.0372019,-0.675474346,3186.440243,3315.85911,-2632.0
47.76,-127.29,4.2658925,131.0,229.0634015,246.925091,-10.34975338,3222.8913,3353.872355,-2613.0
47.77,-127.3,4.2658925,101.0,229.0634015,246.925091,-10.34975338,3222.8913,3353.872355,-2610.0
47.77,-127.31,4.2658925,111.0,229.0634015,246.925091,-10.34975338,3222.8913,3353.872355,-2610.0
47.76,-127.28,4.2658925,164.0,229.0634015,246.925091,-10.34975338,3222.8913,3353.872355,-2612.0
47.79,-127.41,4.1103892,108.0,233.3561151,251.5525379,-4.742084503,3209.593318,3340.00446,-2631.0
47.78,-127.34,4.2658925,106.0,229.0634015,246.925091,-10.34975338,3222.8913,3353.872355,-2616.0
47.78,-127.38,4.1103892,133.0,233.3561151,251.5525379,-4.742084503,3209.593318,3340.00446,-2629.0
47.86,-127.85,2.9645884,102.0,274.7757845,296.2019911,3.526834726,3102.629305,3228.456275,-2613.0
47.86,-127.86,2.6994836,97.0,287.9521412,310.4058013,3.526834726,3075.053685,3199.698843,-2613.0
47.86,-127.88,2.6994836,95.0,287.9521412,310.4058013,3.526834726,3075.053685,3199.698843,-2614.0
47.86,-127.89,2.6994836,257.0,287.9521412,310.4058013,3.526834726,3075.053685,3199.698843,-2615.0
47.86,-127.9,2.6994836,217.0,287.9521412,310.4058013,3.526834726,3075.053685,3199.698843,-2615.0
47.84,-127.76,3.1612465,137.0,266.091792,286.8408464,-0.975069642,3122.296309,3248.966151,-2663.0
47.85,-127.66,3.1907601,216.0,264.8582972,285.5111674,3.032176971,3125.19446,3251.988508,-2649.0
47.85,-127.74,3.1907601,233.0,264.8582972,285.5111674,-0.518282652,3125.19446,3251.988508,-2652.0
47.89,-128.52,1.414219,207.0,397.8343928,428.8563473,-5.80466938,2916.22329,3034.061431,-2661.0
47.91,-128.6,1.1679138,299.0,437.7793418,471.9160858,-5.80466938,2878.245212,2994.455721,-2589.0
48.46,-128.58,0.8665905,395.96,508.2222764,547.851953,8.065933228,2825.81795,2939.781576,-2411.0
48.46,-128.57,0.8665905,333.11,508.2222764,547.851953,8.065933228,2825.81795,2939.781576,-2388.0
48.46,-128.55,0.8665905,145.39,508.2222764,547.851953,8.065933228,2825.81795,2939.781576,-2429.0
48.46,-128.54,1.1157724,133.66,447.8915322,482.8167951,8.065933228,2869.705449,2985.549968,-2473.0
48.46,-128.53,1.1157724,232.96,447.8915322,482.8167951,8.065933228,2869.705449,2985.549968,-2436.0
48.46,-128.51,1.1157724,173.47,447.8915322,482.8167951,8.065933228,2869.705449,2985.549968,-2450.0
48.46,-128.5,1.1157724,334.36,447.8915322,482.8167951,-4.410299301,2869.705449,2985.549968,-2476.0
48.46,-128.49,1.1157724,389.25,447.8915322,482.8167951,-4.410299301,2869.705449,2985.549968,-2505.0
48.46,-128.48,1.1157724,144.56,447.8915322,482.8167951,-4.410299301,2869.705449,2985.549968,-2532.0
48.46,-128.47,1.1157724,183.94,447.8915322,482.8167951,-4.410299301,2869.705449,2985.549968,-2555.0
48.47,-128.47,1.1157724,183.94,447.8915322,482.8167951,-4.410299301,2869.705449,2985.549968,-2539.0
48.47,-128.46,1.1157724,338.13,447.8915322,482.8167951,-4.410299301,2869.705449,2985.549968,-2556.0
48.02,-129.2,0.28132188,25.0,891.9877775,961.542358,2.136907578,2685.639248,2793.595215,-2451.0
48.01,-129.16,0.28132188,335.0,891.9877775,961.542358,2.136907578,2685.639248,2793.595215,-2267.0
48.0,-129.15,0.28132188,302.0,891.9877775,961.542358,2.136907578,2685.639248,2793.595215,-2330.0
47.99,-129.26,0.55420947,252.0,635.5119009,685.0672477,-1.18818295,2760.558362,2871.725149,-2407.0
48.0,-129.3,0.55420947,270.0,635.5119009,685.0672477,-1.18818295,2760.558362,2871.725149,-2430.0
48.05,-129.38,0.81750041,179.0,523.2589548,564.0611474,-4.333324432,2816.455052,2930.017412,-2521.0
47.95,-129.1,0.02951305,1789.8,2753.934535,2968.678241,4.241880417,2560.127769,2662.704674,-2190.0
47.95,-129.09,0.02951305,264.8,2753.934535,2968.678241,-1.580559015,2560.127769,2662.704674,-2131.0
47.95,-129.08,0.02951305,688.4,2753.934535,2968.678241,-1.580559015,2560.127769,2662.704674,-2267.0
47.99,-129.45,0.81750041,89.0,523.2589548,564.0611474,-10.64793491,2816.455052,2930.017412,-2611.0
47.84,-128.38,1.6586365,350.0,367.3542341,395.9994356,-5.461304665,2950.758218,3070.076428,-2660.0
47.79,-128.13,2.4378891,296.0,303.0077149,326.6353643,-1.540216565,3046.480937,3169.901549,-2650.0
48.44,-128.6,1.033847,418.0,465.2994327,501.5821124,8.065933228,2855.873935,2971.125675,-2365.0
48.17,-126.7,5.5965943,120.0,199.9856095,215.5798985,-42.68918228,3327.999276,3463.48496,-2530.0
48.7,-126.9,5.5437579,75.0,200.9363601,216.6047859,-27.44796753,3324.081515,3459.399294,-1322.0
47.96,-129.1,0.02951305,1471.0,2753.934535,2968.678241,2.136907578,2560.127769,2662.704674,-2174.0
47.96,-129.09,0.02951305,39.0,2753.934535,2968.678241,6.714704514,2560.127769,2662.704674,-2117.0
48.49,-128.71,0.59159386,10450.0,615.1043949,663.0684244,-10.74924183,2769.202986,2880.740257,-2463.0
