long,lat,FA,age,q_ihfc,q_ps,q_stein,ps_z,stein_z,bathy,z
-129.9666696659997,45.10000090199982,-2.550823211669922,1.126497717465312,112.31126546504034,445.7542585521082,480.51286314420787,2871.478088707128,3063.1839442209134,-2594.9921553287563,-2620.1562324672077
-129.9666696659997,45.21666757099982,-0.0335992276668548,1.3266812654596323,122.41514659772837,410.74980015048175,442.77886014441015,2903.1357773986388,3242.4303607443735,-2494.482786033992,-2562.282581640766
-129.9666696659997,45.33333423999981,5.402774810791016,1.5268648134539402,132.51902773041576,382.87795841151933,412.7336542531793,2932.48229980903,3450.9303978757634,-2410.496421697094,-2505.307924014411
-129.9666696659997,45.45000090899981,4.748456954956055,1.7270483614482723,142.62290886310436,360.00489794029863,388.0770198744142,2959.960242061652,3688.684055615124,-2382.0160502223466,-2457.766162269986
-129.9666696659997,45.56666757799981,3.1678214073181152,1.9272319094425927,152.7267899957924,340.7953576402224,367.3695761827805,2985.8867243573523,3955.6913339624157,-2430.997303359959,-2294.2362143043256
-129.9666696659997,45.683334246999806,3.723914384841919,1.8776910726265141,153.66657139846689,345.26184601680166,372.18434817172727,2979.6010387778033,3886.8891739407777,-2405.0025735523727,-2209.20054980889
-129.9666696659997,45.8000009159998,12.739927291870115,1.6840210344566613,149.3172642877549,364.5750156239517,393.00350187867167,2954.1944261227136,3635.1132982397567,-2127.9853289298994,-2245.2877955559784
-129.9666696659997,45.9166675849998,25.099245071411133,1.4903509962868082,144.96795717704293,387.53985984302204,417.75907703169344,2927.279764375911,3410.7183236285746,-1592.4922754729325,-2278.980969993878
-129.9666696659997,46.0333342539998,19.550853729248047,1.2966809581169552,140.61865006633093,415.47423070910435,447.8716878872648,2898.551649562923,3213.7042501072333,-1890.4550381801744,-2255.86897849737
-129.9666696659997,46.150000922999794,15.83944606781006,1.1027034671308908,133.85695959091802,450.53785695415945,485.6694724647064,2867.5339096240427,3043.823551794208,-1929.0201225097114,-2306.516975901527
-129.9666696659997,46.26666759199979,-1.4903594255447388,1.0617487053500974,133.64396429718226,459.14492560487196,494.947694985937,2860.644168683464,3011.468264359102,-2132.0829608542804,-2443.3443233180437
-129.9666696659997,46.38333426099979,-5.334891319274902,1.2571095595520667,173.37065319461055,421.9627310260564,454.866142354033,2892.4231403028216,3176.818422321775,-2550.002440414559,-2434.8191523667474
-129.9666696659997,46.500000929999786,-0.1766729205846786,1.4524704137540354,213.09734209203882,392.560873743427,423.17161481205517,2921.814681684824,3370.0296605332487,-2534.4811517156004,-2553.8149878217137
-129.9666696659997,46.61666759899978,4.286661148071289,1.6478312679560048,252.8240309894671,368.5566818453165,397.29564670826255,2949.287580870661,3591.1019789935253,-2383.014899933076,-2602.255858573212
-129.9666696659997,46.73333426799978,-10.786880493164062,1.8431921221579735,292.5507198868953,348.47799248659067,375.65128027352966,2975.1747415050086,3840.035377702603,-2723.4965480960936,-2626.194299191532
-129.9666696659997,46.85000093699978,1.519764423370361,2.031922367479087,332.93125902550685,331.8998861524058,357.7804620203889,2998.90930039055,4106.978605223563,-2654.9882588017426,-2671.864273276481
-129.9666696659997,46.966667605999774,-0.6286100149154663,2.2348327241061465,297.43715926852406,316.47408141869977,341.15179845366697,3023.2274923042587,4422.98421622853,-2690.000244415881,-2692.49578865801
-129.85000299699968,45.10000090199982,-4.000527858734131,1.0977330772273122,106.31614190716108,451.5566928240553,486.7677541558513,2866.704652220756,3039.831536726215,-2399.5094204790657,-2657.962944923917
-129.85000299699968,45.21666757099982,-8.73755168914795,1.2979166252216325,116.4200230398491,415.27640980164114,447.6584414879063,2898.741503470168,3214.87446159975,-2713.6029503036666,-2659.112324470784
-129.85000299699968,45.33333423999981,-1.5383338928222656,1.4981001732159402,126.52390417253648,386.53625254036393,416.67721138662,2928.3891586150994,3419.171007081215,-2550.686082289013,-2602.1376668444295
-129.85000299699968,45.45000090899981,-0.0194444358348846,1.698283721210273,136.62778530522513,363.04088364409506,391.34974280416174,2956.1137531891122,3652.7211731706516,-2547.200036288326,-2545.1630092180676
-129.85000299699968,45.56666757799981,5.727469444274902,1.8724517213354244,145.7769776301501,345.7445512396711,372.70469332658695,2978.931452155305,3879.7175387871775,-2450.2918750728363,-2484.361596576439
-129.85000299699968,45.683334246999806,2.025423049926758,1.678781683165571,141.4276705194381,365.1434780306262,393.616291310024,2953.4873274831198,3628.682398002263,-2401.902959535617,-2417.113167884577
-129.85000299699968,45.8000009159998,7.437213897705078,1.4851116449957182,137.0783634087261,388.22286229683033,418.4953380058005,2926.5280489158663,3405.028158307189,-2037.2875391538505,-2361.793781729339
-129.85000299699968,45.9166675849998,15.329435348510742,1.2914416068258652,132.72905629801411,416.31616273268554,448.77927129103944,2897.7456433905572,3208.754819701955,-1893.681439889588,-2318.2970313406145
-129.85000299699968,46.0333342539998,1.895655870437622,1.0969291277114697,121.76966005102445,451.72213755652547,486.94609978142006,2866.570345424524,3039.1875315959737,-2297.2090582867077,-2301.664232105281
-129.85000299699968,46.150000922999794,12.664342880249023,0.9010561972484901,100.13568211618187,498.40767335303633,537.2720361973038,2832.233929879144,2896.344328768967,-2196.3988720960133,-2352.3122295094386
-129.85000299699968,46.26666759199979,7.949176788330078,0.709927472094464,70.07751072145457,561.5050516161903,605.2895622319472,2794.900178588572,2783.958910706569,-2165.2160004455936,-2402.588627041357
-129.85000299699968,46.38333426099979,-5.84415340423584,0.9052883262964332,109.80419961888285,497.2413065008472,536.0147194922602,2833.013242936843,2899.134638110938,-2568.601414623655,-2503.153527244453
-129.85000299699968,46.500000929999786,-5.624360084533691,1.1006491804984022,149.53088851631114,450.95811004408046,486.12249565317586,2867.1914005134845,3042.1714457641087,-2692.183690851006,-2622.1493626994193
-129.85000299699968,46.61666759899978,-4.899521827697754,1.2909266436691311,189.75885512616802,416.39919073058263,448.8687735677429,2897.6663348203724,3208.2694337572193,-2646.924119372566,-2670.590233450918
-129.85000299699968,46.73333426799978,-12.56739330291748,1.477888315258888,230.3137948939792,389.1704452556815,419.5168106936963,2925.489504711002,3397.2161634182453,-2760.711893726654,-2680.2150195856034
-129.85000299699968,46.85000093699978,-6.968404769897461,1.6787464096390987,204.60561619323383,365.14731417598085,393.6204265866981,2953.4825632599227,3628.6391703748,-2663.100041422431,-2694.6525338702118
-129.85000299699968,46.966667605999774,-7.4227705001831055,1.8870516085961135,143.38697697602817,344.40446254968833,371.26010846634944,2980.7949896297005,3899.7517773293903,-2657.6785745327634,-2715.2837148611147
-129.73333632799967,45.10000090199982,-2.604438066482544,1.0689684369893124,100.32101834928181,457.59178373274955,493.27344368373554,2861.8682543843697,3017.0831345369716,-2633.5044767990353,-2681.1188784675874
-129.73333632799967,45.21666757099982,-3.94455623626709,1.2691519849836326,110.42489948196985,419.9560500946848,452.70298635215363,2894.298260407645,3187.922567760582,-2601.900267552257,-2663.9661620938205
-129.73333632799967,45.33333423999981,-8.780770301818848,1.4693355329779405,120.52878061465724,390.3014532518805,420.7360113632712,2924.256529460417,3388.0156215921224,-2714.3983409922484,-2606.9915044674663
-129.73333632799967,45.45000090899981,-6.760111808776856,1.669519080972273,130.63266174734588,366.15499705114627,394.70668560542276,2952.2345491214746,3617.362296031634,-2698.501283519943,-2606.4676181062637
-129.73333632799967,45.56666757799981,1.6291723251342771,1.6735423318744815,133.53807675112128,365.71460787624903,394.23195617935966,2952.7791245791086,3622.2715368501954,-2246.392588353382,-2549.341263518337
-129.73333632799967,45.683334246999806,-4.700138092041016,1.479872293704628,129.18876964040928,388.90948870852054,419.2355055233546,2925.7750062871432,3399.358032071228,-2531.299778463618,-2479.9357707216836
-129.73333632799967,45.8000009159998,-10.676965713500977,1.2862022555347754,124.8394625296973,417.1632339529121,449.69239463088195,2896.9380005781886,3203.8254283821016,-2566.0915108501677,-2424.6163845664455
-129.73333632799967,45.9166675849998,-2.586660623550415,1.0911547882920487,109.68236051113085,452.91580650069,488.2328475151823,2865.604241722899,3034.575851784623,-2377.654280182156,-2406.6511898151507
-129.73333632799967,46.0333342539998,7.021282196044922,0.8952818578290689,88.04838257628829,500.01239113217156,539.0018851438855,2831.1676729151877,2892.558305809622,-2162.9161824295024,-2452.477978262502
-129.73333632799967,46.150000922999794,2.750472068786621,0.6994089273660893,66.41440464144574,565.7115858913858,609.8241096640995,2792.70735146618,2778.548089402975,-2357.9841340016674,-2502.7543569893583
-129.73333632799967,46.26666759199979,10.67819881439209,0.5035359969031096,44.780426706603166,666.7229389415323,718.7120306047862,2748.3609462468503,2692.545202564681,-2226.5892846092024,-2469.8243631325104
-129.73333632799967,46.38333426099979,3.2391912937164307,0.5499309198591756,46.58645122682924,637.9793028604325,687.7270504155507,2759.5506456989638,2710.384766065263,-2193.311096382672,-2478.1996861616885
-129.73333632799967,46.500000929999786,-7.478543281555176,0.7368925914489323,87.14139099464037,551.1357258229003,594.1116669449942,2800.44856873098,2798.198902336298,-2526.6819554592753,-2581.834837626995
-129.73333632799967,46.61666759899978,-7.74266242980957,0.9238542630386889,127.6963307624515,492.21962521054155,530.6014622808983,2836.410682384254,2911.529945257187,-2481.308931262448,-2630.2757083784936
-129.73333632799967,46.73333426799978,-8.28957748413086,1.122660095172051,111.77407311794352,446.51547608388955,481.33343817776995,2870.844794568531,3060.033476591477,-2746.200574975937,-2644.9414698752116
-129.73333632799967,46.85000093699978,-10.611400604248049,1.3309652941290657,50.555433900737874,410.0882193469433,442.0656912177866,2903.78614207376,3246.5860441742657,-2686.9980687201837,-2665.9795067534933
-129.73333632799967,46.966667605999774,-9.399166107177734,1.526491352086055,48.924035890782974,382.9247917529592,412.7841395206874,2932.429405372185,3450.514184517632,-2715.403616351752,-2688.3880011061096
-129.61666965899963,45.10000090199982,-6.294925689697266,1.0402037967513058,94.32589479140111,463.8755066189655,500.0471527786705,2856.966336090723,2994.9387376531786,-2712.001436319821,-2685.972716090625
-129.61666965899963,45.21666757099982,-5.490874290466309,1.240387344745626,104.42977592408911,424.79754252497304,457.92200410674644,2889.804373668818,3161.574679226863,-2676.5974082563916,-2668.819999716859
-129.61666965899963,45.33333423999981,-5.134280204772949,1.440570892739934,114.53365705677652,394.17887098741363,424.91577871705704,2920.083246941177,3357.4642414084788,-2642.50400367903,-2668.296128097542
-129.61666965899963,45.45000090899981,-6.7024335861206055,1.6407544407342665,124.63753818946518,369.3506475777275,398.1515235507148,2948.3217806330044,3582.6074241980637,-2692.6014580156752,-2676.840836857054
-129.61666965899963,45.56666757799981,-8.374359130859375,1.4746329424134899,121.29917587208949,389.5997712392764,419.97961425337394,2925.020629435387,3393.7079449206394,-2704.7995756480154,-2619.714482269128
-129.61666965899963,45.683334246999806,-8.137147903442383,1.2809629042436368,116.94986876137747,418.0154968666614,450.6111144972216,2896.1287111152706,3198.916076147627,-2683.2952898087997,-2544.9154396456365
-129.61666965899963,45.8000009159998,-3.818450689315796,1.0853804488725785,97.59506097122906,454.118988488759,489.5298500920023,2864.6355783338904,3029.9885123601166,-2499.3052792475028,-2512.9705661387015
-129.61666965899963,45.9166675849998,-13.64630126953125,0.8895075184095989,75.96108303638648,501.6327094736472,540.7485511387243,2830.0979718283284,2888.796623237129,-2682.400287263964,-2557.464935972408
-129.61666965899963,46.0333342539998,-2.79842472076416,0.693634587946619,54.32710510154393,568.0614113493889,612.357167592434,2791.496547189604,2775.612063682495,-2548.8924980650636,-2602.920086937376
-129.61666965899963,46.150000922999794,-7.238382339477539,0.5741625135272422,58.4836440044464,624.3717453723418,673.0584156609654,2765.207292333916,2720.326846058071,-2603.3908904653576,-2569.990093080528
-129.61666965899963,46.26666759199979,5.321294784545898,0.49789554778255285,77.22486350458192,670.4888152627423,722.7715588731853,2746.9659988811472,2690.4834914231164,-2411.6748723534884,-2537.06009922368
-129.61666965899963,46.38333426099979,4.5127668380737305,0.3969216332941135,138.9173366894017,750.9452491835752,809.5017486132637,2720.5060091664827,2657.5045757865564,-2307.674282994514,-2545.435422252858
-129.61666965899963,46.500000929999786,4.870002746582031,0.3698202108184003,25.07886663090865,777.9744568166974,838.6386142721533,2712.8449572464756,2649.9199507403646,-2404.710158669978,-2556.8810247761994
-129.61666965899963,46.61666759899978,-4.898591041564941,0.5663061789372329,20.195778406535183,628.6877654594771,677.7109862862999,2763.3866111248085,2717.0564812304087,-2560.3025883674504,-2595.002161723989
-129.61666965899963,46.73333426799978,-8.412191390991211,0.7567548182377486,42.60403137418922,543.8549198059682,586.263125112646,2804.4707953714515,2809.0274170480075,-2725.103661775343,-2616.268442758486
-129.61666965899963,46.85000093699978,-7.491781234741211,0.9472034575382642,65.01228434184327,486.1149993100256,524.0208156272707,2840.6353234009025,2927.4759523399416,-2701.197452352214,-2639.0837957132553
-129.61666965899963,46.966667605999774,-10.891923904418944,1.1334041832393504,103.5452491044323,444.39406824791786,479.04660920507456,2872.6150995958437,3068.8808405433274,-2765.7001436319824,-2671.7806204346116
-129.50000298999964,45.10000090199982,-7.572392463684082,1.1618829392438723,85.45061958780632,438.91403831645397,473.13926267508987,2877.2673588549296,3092.7397670446826,-2711.702507999751,-2702.8206439940172
-129.50000298999964,45.21666757099982,-6.245412826538086,1.211622704507633,98.43465236621132,429.8104373325487,463.3257896913262,2885.258071040939,3135.8307959986128,-2723.898855360101,-2700.597528192474
-129.50000298999964,45.33333423999981,-5.024229049682617,1.4118062525019413,108.53853349889872,398.1741929860835,429.2226441612589,2915.8680871760753,3327.516866530305,-2642.701004639879,-2699.1999209207434
-129.50000298999964,45.45000090899981,-4.9253997802734375,1.4693935911224483,113.40958210377563,390.29374245126485,420.72769929712734,2924.264911243553,3388.0778968555796,-2667.2994316800305,-2707.7446296802555
-129.50000298999964,45.56666757799981,-10.743717193603516,1.2754790399161864,107.14173936618621,418.9131523863863,451.5787665512956,2895.279878554086,3193.7990751619136,-2675.8016470398215,-2650.6182750923285
-129.50000298999964,45.683334246999806,-12.107461929321287,1.0796061094532068,85.50776143134367,455.3318105541108,490.8372444509472,2863.6643348034254,3025.4255133225715,-2714.500219279953,-2594.7021069759376
-129.50000298999964,45.8000009159998,12.883122444152832,0.9018644624787183,69.99433235308719,498.1842828607648,537.0312263722014,2832.3829066808985,2896.87622066894,-2011.1710440049744,-2588.6803933944234
-129.50000298999964,45.9166675849998,-3.261615037918091,0.8255974967340292,88.73555185322269,520.6866888391995,561.2883037121974,2818.018385238839,2848.7880977139257,-2673.801148159862,-2619.7908923607492
-129.50000298999964,46.0333342539998,-6.425348281860352,0.7493305309893399,107.4767713533582,546.5425074981752,589.1602829796919,2802.9735797824524,2804.9461293055597,-2639.9881817621863,-2650.516177722342
-129.50000298999964,46.150000922999794,-4.124182224273682,0.6730635652446504,126.2179908534937,576.6769836098064,621.6445568098162,2787.141579612688,2765.3503154438413,-2485.5097187987153,-2625.490506104974
-129.50000298999964,46.26666759199979,-4.16058349609375,0.5922781989705737,152.81412475036672,614.7489355664309,662.6852474800272,2769.3586445130272,2728.0396147161764,-2568.7006118400377,-2592.560512248126
-129.50000298999964,46.38333426099979,0.1962025463581085,0.48741078992220555,221.27515824175774,677.6619317661105,730.5040138807857,2744.3518401106694,2686.7127865183948,-2446.7274288754415,-2600.9358352773033
-129.50000298999964,46.500000929999786,-4.775571823120117,0.38683082648967126,62.71366548543166,760.6767129694458,819.9920432915951,2717.6850390931468,2654.617902237779,-2657.493047200811,-2598.2993435550443
-129.50000298999964,46.61666759899978,-1.718087077140808,0.2915544216672955,60.07225352889711,876.1951458753737,944.5182634602144,2688.985228666803,2631.026452989719,-2563.201460000191,-2576.9505999902185
-129.50000298999964,46.73333426799978,-3.4050450325012207,0.3676216698390705,82.21612572033112,780.2973055923447,841.1425919558726,2712.211344077752,2649.3281776293725,-2474.8222743966176,-2592.1089568714883
-129.50000298999964,46.85000093699978,-3.753267526626587,0.558070309139586,104.62437868798517,633.3097880036513,682.693420539272,2761.4643625230774,2713.676501529251,-2704.406357839316,-2617.4831809382777
-129.50000298999964,46.966667605999774,-7.645126342773437,0.7313327873691917,143.3081266889904,553.2267061501656,596.3656957614459,2799.3129907851076,2795.219390746635,-2687.500266720023,-2650.180005659634
-129.38333632099963,45.10000090199982,-8.269964218139648,1.3767677537041014,96.97871896572494,403.2090917499815,434.6501495058861,2910.6751146937836,3291.8536483883945,-2763.5020159196492,-2735.0657523187515
-129.38333632099963,45.21666757099982,-9.041242599487305,1.3064064372643822,92.92464607247872,413.92485290951834,446.2014941688931,2900.043483342607,3222.944689453923,-2748.994174624884,-2734.797506413979
-129.38333632099963,45.33333423999981,-3.266148328781128,1.3830416122639415,102.54340994101946,402.2935183707278,433.6631824103549,2911.609763613951,3298.1734969575796,-2680.988052353834,-2729.4223229845966
-129.38333632099963,45.45000090899981,-6.740702629089356,1.2697047004967652,95.05443982629262,419.86463455145866,452.6044424940328,2894.3841094806608,3188.434759659207,-2686.499295152018,-2728.024717800848
-129.38333632099963,45.56666757799981,-13.115939140319824,1.1532994456855294,100.24624020187998,440.54433129902196,474.8966811041638,2875.8712307379715,3085.4863581677705,-2703.498422512198,-2689.781230398836
-129.38333632099963,45.683334246999806,-11.844712257385254,1.07703247994084,118.98745970201549,455.875506398477,491.4233360963856,2863.230613787925,3023.3996214393433,-2682.995908704532,-2680.059458825923
-129.38333632099963,45.8000009159998,-2.427204370498657,1.0007655141961507,137.728679202151,472.9274183031585,509.8049058833257,2850.1339393561107,2965.559039257564,-2702.9992735041305,-2674.037745244409
-129.38333632099963,45.9166675849998,-5.546473503112793,0.9244985484514614,156.46989870228649,492.04808075741045,530.4165412964118,2836.527966423749,2911.9646116224335,-2686.9959075845336,-2671.6830852267494
-129.38333632099963,46.0333342539998,-7.851187705993652,0.8482315827067721,175.21111820242203,513.6927538333557,553.7490022477119,2822.3482106070696,2862.616338533951,-2693.996821632484,-2689.024504991471
-129.38333632099963,46.150000922999794,-5.389314651489258,0.7719646169620827,193.95233770255751,538.4705570216398,580.4589055722457,2807.5153095015844,2817.5142199921165,-2689.9977835842556,-2669.9278855071243
-129.38333632099963,46.26666759199979,-6.163139343261719,0.6827673555986876,235.17194630274278,572.5643249557552,617.2112051433353,2789.2040820265843,2770.152510582997,-2656.498917472157,-2644.902211814752
-129.38333632099963,46.38333426099979,-0.5679190158843994,0.5817987907493958,155.41637004219595,620.2606813135355,668.6267829315715,2766.965076118209,2723.5487890148725,-2584.9989129599476,-2639.1954442569154
-129.38333632099963,46.500000929999786,-4.053005695343018,0.48652238592701985,152.77495808566135,678.2803647520299,731.1706704500177,2744.1290484069027,2686.396971682964,-2595.5269467002468,-2618.1202487863516
-129.38333632099963,46.61666759899978,-4.348401069641113,0.3912459811046441,150.13354612912678,756.3724716901004,815.3521699508001,2718.923805661511,2655.8717974716456,-2671.997016896499,-2596.7715052215253
-129.38333632099963,46.73333426799978,-0.2608173787593841,0.2959695762822682,147.49213417259222,869.6352267218724,937.4468211263103,2690.4108008873914,2631.9732663809173,-2476.523809053589,-2575.272268122782
-129.38333632099963,46.85000093699978,0.2504987120628357,0.20069317145989227,144.85072221605762,1056.0740251668876,1138.4235681190876,2656.7957700444654,2614.70137841078,-2629.0026270719277,-2594.5385728474594
-129.38333632099963,46.966667605999774,-0.4144266545772552,0.41155041579709045,185.27149164280638,737.4781143625631,794.9844862718716,2724.5326834452917,2661.8214168311065,-2511.991477553042,-2592.7809672834414
-129.26666965199962,45.10000090199982,-6.298620223999023,1.604530951612281,115.42388937690413,373.4965627683858,402.62072500060606,2943.3452848204256,3539.6996447588613,-2779.102155583658,-2762.6824256283817
-129.26666965199962,45.21666757099982,-9.986771583557127,1.5341696351725616,111.3698164836579,381.965349935806,411.74988325563663,2933.515605611423,3459.0919113622112,-2804.304802511357,-2762.017269856538
-129.26666965199962,45.33333423999981,-5.422812461853027,1.425015131141279,101.5167531464139,396.3245006217556,427.2287182326404,2917.8089917232596,3341.1938652532826,-2759.5996391040644,-2754.333215394845
-129.26666965199962,45.45000090899981,-6.318815231323242,1.3481248606005125,149.9698902422947,407.4699633246794,439.2432713001639,2906.380727180267,3263.36583351574,-2742.7998502720525,-2748.9580319654615
-129.26666965199962,45.56666757799981,-6.456138610839844,1.2626426914391187,168.36864756152818,421.0371568586807,453.86839463836856,2893.285811721313,3181.907296679287,-2739.7956105926596,-2740.157935923167
-129.26666965199962,45.683334246999806,-7.217313766479492,1.1771605222777248,186.7674048807616,436.05655007246986,470.05895591149846,2879.7396002249716,3105.7830167513457,-2707.0989209441586,-2730.430665263458
-129.26666965199962,45.8000009159998,-9.959954261779783,1.0996665659135831,205.46302605121483,451.1595434086207,486.3396361983777,2867.027457180541,3041.382293008683,-2725.7000471680876,-2723.7933369915245
-129.26666965199962,45.9166675849998,-10.754799842834473,1.0233996001688936,224.2042455513503,467.66841243530433,504.1358182226424,2854.071251333244,2982.2815606934355,-2709.5986441441573,-2721.4386769738653
-129.26666965199962,46.0333342539998,-13.016749382019045,0.9471326344242044,242.94546505148583,486.133173921063,524.0404074409631,2840.622588383338,2927.426982924837,-2717.4003642559323,-2712.2434169170933
-129.26666965199962,46.150000922999794,-10.757699012756348,0.8708656686795151,261.6866845516213,506.9732840367481,546.5055679813368,2826.620642968629,2876.818559702886,-2708.699934927987,-2693.146797432746
-129.26666965199962,46.26666759199979,-8.536713600158691,0.7767667550091202,248.11907459896025,536.8035064936954,578.6618633526367,2808.4703024419323,2820.2288059659004,-2703.5945981449845,-2680.8876924939796
-129.26666965199962,46.38333426099979,-8.236719131469727,0.6814903501867445,245.4776626424257,573.100521498189,617.7892127133578,2788.933500823072,2769.5166205501428,-2653.5002226399483,-2667.7782473865427
-129.26666965199962,46.500000929999786,-4.603943824768066,0.5858255497581604,242.9683494130536,618.1252784814193,666.3248676741393,2767.887345437172,2725.2649247835498,-2640.5990933440517,-2646.703051915979
-129.26666965199962,46.61666759899978,-0.6002475023269653,0.4700272803148951,247.30670795878302,690.0795005071974,743.889868069708,2739.9548745880666,2680.637860147679,-2529.0747776669095,-2625.354308351153
-129.26666965199962,46.73333426799978,-2.522423028945923,0.3542290108716296,251.64506650451239,794.9111628235571,856.8959947445746,2708.309994555649,2645.799540132229,-2670.4184604134716,-2603.8550712524093
-129.26666965199962,46.85000093699978,-2.5434529781341557,0.23843074142836437,255.98342505024186,968.9012904785801,1044.4533602533284,2670.9027964223365,2620.749964737199,-2546.9783905634577,-2585.6683124549554
-129.26666965199962,46.966667605999774,-4.025468826293945,0.2614817915005654,284.8958190815475,925.2091796864737,997.3542673097783,2678.9735160821824,2624.956045459516,-2596.22063644513,-2577.1257308179934
-129.1500029829996,45.10000090199982,-8.559361457824707,1.8322941495204608,133.86905978808332,349.5127808799753,376.7667584189741,2973.7679108131497,3825.4151753839215,-2809.899430672046,-2785.0308365941446
-129.1500029829996,45.21666757099982,-6.525546073913574,1.7619328330807413,129.81498689483712,356.42321614347145,384.21604907706234,2964.582363044908,3733.1086675250936,-2727.111089966573,-2783.1084846419626
-129.1500029829996,45.33333423999981,-5.915492057800293,1.579643921607582,109.64422548991332,376.4272531803922,405.77994202174386,2939.8936012229874,3510.7753454612,-2765.39927843213,-2772.3455138451295
-129.1500029829996,45.45000090899981,-5.981330871582031,1.4623839066984778,122.52737957408951,391.2280269949457,421.7348365985941,2923.2517319167914,3380.5768420583063,-2781.7975591043564,-2764.661460191603
-129.1500029829996,45.56666757799981,-7.3633317947387695,1.3892069330893007,150.07147697898358,401.39983344225203,432.69981056254454,2912.526180143078,3304.412004574334,-2774.3011375838823,-2755.8558652016495
-129.1500029829996,45.683334246999806,-6.354745864868164,1.3160299594801228,177.61557438387766,412.4086549089543,444.5670675125757,2901.5142214620982,3232.1562218009776,-2739.4001521919445,-2744.8973235569606
-129.1500029829996,45.8000009159998,-10.19212818145752,1.2428529858709458,205.1596717887717,424.37596479598426,457.4675529877549,2890.191607763661,3163.809493738239,-2720.599350608104,-2738.2599952850273
-129.1500029829996,45.9166675849998,-9.715993881225586,1.1696760122617682,232.70376919366578,437.4494423504264,471.56046182802385,2878.53046310973,3099.3718203861163,-2724.3001431839807,-2731.30342618723
-129.1500029829996,46.0333342539998,-10.948991775512695,1.096499038652591,260.2478665985598,451.8107202614846,487.0415899048868,2866.4984750786043,3038.8432017446103,-2721.900429551943,-2720.3072590078905
-129.1500029829996,46.150000922999794,-8.602049827575684,1.0233220650434136,287.7919640034539,467.68612926339534,504.15491655682206,2854.0578384499036,2982.2236378137213,-2709.904127951308,-2708.04815170057
-129.1500029829996,46.26666759199979,-8.680072784423828,0.8915583870247614,280.74320212038526,501.05541969164807,540.1262459993112,2830.4782934029604,2890.129870478081,-2745.5980655684516,-2704.741907614289
-129.1500029829996,46.38333426099979,-5.93734073638916,0.7409710270053953,275.8543537378547,549.6168586652777,592.4743629986101,2801.278858880209,2800.398892944422,-2682.6989182561656,-2697.3815573809397
-129.1500029829996,46.500000929999786,-8.302607536315918,0.5978983626037495,335.32589964272745,611.8528353917645,659.5633179410889,2770.6336073346383,2730.481094981549,-2683.496913120432,-2683.970763627872
-129.1500029829996,46.61666759899978,-2.8816802501678467,0.4657413923397274,372.7321711038202,693.2473855477873,747.3047754581645,2738.8583692517736,2679.17399125657,-2640.00143183981,-2662.6220200630464
-129.1500029829996,46.73333426799978,-1.5204007625579834,0.3499431228964619,377.07052964954954,799.764140295592,862.1273931106525,2707.045967250793,2644.697969080823,-2656.8980574722814,-2643.442708206993
-129.1500029829996,46.85000093699978,-0.9386685490608216,0.23414485345319658,381.408888195279,977.7286713227945,1053.9690742642174,2669.3598079475073,2620.010691525496,-2633.5994694083106,-2625.628635571625
-129.1500029829996,46.966667605999774,-2.6864476203918457,0.11834658400993124,385.74724674100844,1375.253616091136,1482.4918437433776,2620.4053841869895,2605.1121585905894,-2619.901861391753,-2609.5838346621094
-129.0333363139996,45.10000090199982,-6.514573097229004,2.06005734742864,152.3142301992625,329.6256534992464,355.32889140124263,3002.3514955287865,4149.000240263575,-2830.6996441920337,-2809.767998082802
-129.0333363139996,45.21666757099982,-3.359922170639038,1.9541746196892258,142.9502475648268,338.4378868610602,364.8282767736541,2989.2712855992368,3993.8614321466985,-2800.3984213442423,-2800.9488601240682
-129.0333363139996,45.33333423999981,-5.462383270263672,1.8028023721914004,124.546453917983,352.35999775686406,379.83599288450733,2969.9396669716725,3786.2851835103133,-2766.8934752649593,-2790.185889327235
-129.0333363139996,45.45000090899981,-7.293041229248047,1.6939974495860943,104.41560067255604,363.4998892784971,391.844540346427,2955.5378003791743,3647.41398610953,-2815.799638768064,-2779.4170026654556
-129.0333363139996,45.56666757799981,-8.624028205871582,1.6136958921072062,122.42605401532622,372.434420900879,401.4757604376677,2944.609656646291,3550.4652677543404,-2796.699965471856,-2767.7129537220294
-129.0333363139996,45.683334246999806,-8.93272876739502,1.5405189184980288,149.9701514202203,381.1773978222365,410.90048895631656,2934.4117488236343,3466.2174664613726,-2776.000057520044,-2756.75441207734
-129.0333363139996,45.8000009159998,-8.986175537109375,1.4673419448888514,177.51424882511435,390.566502656716,421.02172854027776,2923.9686170565983,3385.878719879022,-2764.300792127876,-2745.151182720622
-129.0333363139996,45.9166675849998,-7.934155464172363,1.394164971279674,205.0583462300084,400.6854530479644,431.9297248885495,2913.261671319468,3309.449028007288,-2741.79952820797,-2736.3937057799412
-129.0333363139996,46.0333342539998,-8.067214012145996,1.3209879976704966,232.60244363490247,411.6339847029108,443.73199080482294,2902.269846887181,3236.9283908461703,-2723.699206752126,-2728.8165609343305
-129.0333363139996,46.150000922999794,-9.177742958068848,1.2478110240613192,260.1465410397965,423.5320203056714,456.5578001910183,2890.9691169996827,3168.31680839567,-2719.0976185763802,-2725.51031684805
-129.0333363139996,46.26666759199979,-9.907258987426758,1.1300626115060386,257.2017275914596,445.05061528434237,479.7543518462462,2872.065410794244,3066.1201496622043,-2772.9117104615652,-2726.728048613403
-129.0333363139996,46.38333426099979,-6.752837181091309,0.9988796343164541,246.83703170895208,473.37365011164155,510.2859335343383,2849.8038810587523,2964.182591206043,-2709.001430719808,-2720.549782778565
-129.0333363139996,46.500000929999786,-6.041335105895996,0.8433850788518287,232.38866340944134,515.1666046154742,555.3377795741776,2821.4259979518597,2859.6239127989156,-2687.0009385598523,-2712.888085408602
-129.0333363139996,46.61666759899978,-8.602972030639648,0.6922771978822628,223.04175906643889,568.6180549250016,612.957216595078,2791.2111892434377,2774.925417328317,-2696.099490096092,-2699.819950412338
-129.0333363139996,46.73333426799978,-5.558188438415527,0.541169316912697,213.69485472343646,643.1230516821652,693.2718936250217,2757.4747391916444,2706.8954437922307,-2683.0995319361546,-2681.013325021289
-129.0333363139996,46.85000093699978,-5.703667640686035,0.39006143594313125,204.34795038043404,757.5200834320268,816.5892690773059,2718.592145108267,2655.5339921906566,-2682.89879342447,-2663.6533583573805
-129.0333363139996,46.966667605999774,-1.3947842121124268,0.24497185568075824,246.5454100621993,955.8782129409717,1030.414781474807,2673.231210585428,2621.904091677621,-2641.489503841848,-2647.6085574478648
-128.9166696449996,45.10000090199982,-8.326332092285156,2.2878205453368197,170.7594006104417,312.7877104264257,337.17797510565674,3029.3940090365213,4510.454839397821,-2813.6996364800916,-2815.843225348114
-128.9166696449996,45.21666757099982,-4.583536148071289,2.1645986130114996,155.17184472001026,321.56736805033,346.64224458003343,3014.940122823915,4310.202811739728,-2786.4001377600102,-2807.0240873893804
-128.9166696449996,45.33333423999981,-5.879003524780273,2.055793690406207,135.04099147458572,329.9672935184212,355.69717150317933,3001.8313731471562,4142.5950095926,-2779.1001429599805,-2796.255200428228
-128.9166696449996,45.45000090899981,-4.933279991149902,1.9469887678009008,114.91013822915878,339.0618567461771,365.5009019931802,2988.3708878051702,3983.6293206091477,-2789.998570400195,-2784.161678759019
-128.9166696449996,45.56666757799981,-5.931483268737793,1.8381848511251113,94.78063105166889,348.9523019842976,376.16257502929926,2974.5288655738723,3833.3070946206344,-2782.7999486401986,-2771.125031356263
-128.9166696449996,45.683334246999806,-8.236231803894043,1.765007877515934,122.32472845656295,356.1125957107365,383.8812073775812,2964.987596604148,3737.067274808055,-2764.800209599988,-2759.1671779787875
-128.9166696449996,45.8000009159998,-6.043553352355957,1.691830903906757,149.868825861457,363.73256239757444,392.0953566302415,2955.2464011154593,3644.7365097060933,-2785.3992528002063,-2745.2539222606
-128.9166696449996,45.9166675849998,-7.975963592529297,1.6186539302975795,177.41292326635107,371.86358848345776,400.86041618910895,2945.292158544762,3556.3147993147477,-2759.000107200094,-2730.7223326861695
-128.9166696449996,46.0333342539998,-9.118926048278809,1.5454769566884017,204.95702067124515,380.56547984362527,410.24085541547953,2935.1102471722875,3471.8021436340177,-2749.100688719982,-2723.145187840559
-128.9166696449996,46.150000922999794,-9.024581909179688,1.4722999830792247,232.5011180761392,389.9083227086892,420.31222565786504,2924.6842920655354,3391.198542663906,-2727.8016369597963,-2724.36292651611
-128.9166696449996,46.26666759199979,-8.819817543029785,1.3615068847764404,234.31405894794,405.4625413226957,437.0793164411682,2908.3926950682567,3276.6008640121813,-2733.899412880118,-2751.7686286243647
-128.9166696449996,46.38333426099979,-7.816226005554199,1.245164698213241,233.7376598781497,423.98184387538157,457.0426996782229,2890.554318285078,3165.908820871912,-2715.1988563201558,-2742.4794820666734
-128.9166696449996,46.500000929999786,-4.948735237121582,1.1179414777156949,226.58453629392753,447.4568121011245,482.34817680593596,2870.0646308689506,3056.17449887296,-2706.197070720568,-2733.5736378687047
-128.9166696449996,46.61666759899978,-10.233673095703123,0.9463196516484618,193.3810290414998,486.34194748398664,524.2654605516054,2840.476368235648,2926.865122330064,-2726.7992230400832,-2724.035689203134
-128.9166696449996,46.73333426799978,-8.707416534423828,0.7952117706788959,184.03412469849738,530.541375547557,571.9114298736906,2812.1112652695583,2830.8120424825865,-2709.300668319527,-2709.935329517735
-128.9166696449996,46.85000093699978,-5.882935523986816,0.6441038897093302,174.68722035549493,589.4984914510778,635.4658480805872,2780.8962913414716,2751.4274845696214,-2689.094095281061,-2692.8750862219044
-128.9166696449996,46.966667605999774,-5.478029251098633,0.5131784584124918,242.5214357114266,660.4294787628803,711.9278249320217,2750.7276633232364,2696.1235275151967,-2660.901737519715,-2678.628127823154
-128.80000297599958,45.10000090199982,-8.75272274017334,2.4968346647182846,174.3498524692138,299.40963124128706,322.7567126964061,3053.0481411486617,4875.476920172687,-2819.50014284798,-2795.939811283432
-128.80000297599958,45.21666757099982,-5.599267959594727,2.417589931226306,165.66638227661295,304.2771500381154,328.00378627696915,3044.201035073641,4733.330492581887,-2827.9998626879924,-2813.0933981909984
-128.80000297599958,45.33333423999981,-2.941872358322144,2.308785008621013,145.53552903118845,311.3643686539524,335.64364533268844,3031.8140309883465,4545.628198852093,-2786.4983539202485,-2800.999876521791
-128.80000297599958,45.45000090899981,-1.9266456365585327,2.1999800860157066,125.4046757857615,318.97106184636135,343.84348606290706,3019.131544540422,4366.568018285971,-2775.499781840045,-2788.9063548525824
-128.80000297599958,45.56666757799981,-4.739668846130371,2.0911751634104077,105.27382254033574,327.16395744740646,352.67523953955856,3006.131363894567,4196.149950883559,-2764.9997901760153,-2775.869707449827
-128.80000297599958,45.683334246999806,-1.5340508222579956,1.9894968365338395,94.6793054929056,335.42006017642035,361.5751288499092,2993.673335795438,4044.7056468410265,-2758.999428608081,-2762.5792562251486
-128.80000297599958,45.8000009159998,-7.4431657791137695,1.916319862924662,122.22340289779969,341.7642710136702,368.41404256819743,2984.5092189094767,3940.3828632194522,-2770.995394496963,-2747.666688162047
-128.80000297599958,45.9166675849998,-5.480074882507324,1.8431428893154846,149.76750030269372,348.4826466150489,375.6562973172214,2975.1683953517395,3839.969134308495,-2769.507277214594,-2730.8250743482354
-128.80000297599958,46.0333342539998,-9.787012100219728,1.7699659157063075,177.31159770758782,355.6134736556858,383.3431652543049,2965.6402309444734,3743.4644601081545,-2767.4990781761126,-2721.9978044188147
-128.80000297599958,46.150000922999794,-6.611700057983398,1.6967889420971298,204.85569511248187,363.2007581147562,391.52208381530664,2955.9129800816145,3650.86884061843,-2713.999064240151,-2749.40350652707
-128.80000297599958,46.26666759199979,-1.1174769401550293,1.592951158046843,211.42639030442038,374.85165185994157,404.0814799495637,2941.7425911780956,3526.185088051814,-2617.0025834231255,-2776.8092086353254
-128.80000297599958,46.38333426099979,-10.745023727416992,1.4601572051305596,198.18973639385368,391.52621961131393,422.05628139718107,2922.9293766440132,3378.201558248561,-2763.4987143681824,-2767.5200620776345
-128.80000297599958,46.500000929999786,-10.489297866821287,1.3737051863152034,220.6149489929736,403.65830295656366,435.13438887968897,2910.218094827145,3288.77906770189,-2765.500999935858,-2755.503338300009
-128.80000297599958,46.61666759899978,-12.195898056030272,1.2370033211149358,206.33204087890294,425.37819703671124,458.5479363476166,2889.272278535962,3158.5146840040243,-2733.500876063833,-2744.7212416632365
-128.80000297599958,46.73333426799978,-10.138514518737791,1.0492542244450949,154.37339467355832,461.8705758675796,497.88588343065896,2858.5158887616058,3001.841066043295,-2719.50071315175,-2734.1510661464604
-128.80000297599958,46.85000093699978,-9.437854766845703,0.898146343475529,145.02649033055587,499.2144019431651,538.1416711075393,2831.697041101895,2894.433401818939,-2714.9943256808697,-2721.79709071835
-128.80000297599958,46.966667605999774,-7.069133758544922,0.782468449966214,245.00203579962746,534.8441393678422,576.5497105475183,2809.600363567069,2823.473759445273,-2684.5006383997734,-2707.849855215725
-128.68333630699956,45.10000090199982,-11.992112159729004,2.6808472199070135,158.13189776663407,288.9512827238614,311.48285295541,3073.065253211717,5223.233763016355,-2827.89964553604,-2822.1014211485517
-128.68333630699956,45.21666757099982,-7.600493431091309,2.6209022544451797,156.92239320479356,292.23703086129564,315.0248140579638,3066.622031136749,5107.231948984876,-2843.6994349280585,-2815.4271698713383
-128.68333630699956,45.33333423999981,-0.5921834111213684,2.560957288983349,155.71288864295312,295.6374796777348,318.6904198607439,3060.104693696152,4993.853316138884,-2793.1992184481005,-2802.3467479142982
-128.68333630699956,45.45000090899981,-2.7879350185394287,2.452971404230513,135.89921334236422,302.07474412067,325.6296432308995,3048.1687669123785,4796.230079140005,-2785.099361744081,-2790.253226245089
-128.68333630699956,45.56666757799981,-2.6572036743164062,2.344166481625214,115.76836009693851,309.00565905458257,333.1010105038023,3035.8734869342657,4605.7175201549235,-2791.600075983975,-2786.644472773441
-128.68333630699956,45.683334246999806,-5.258827209472656,2.2353615590199145,95.63750685151275,316.4366439753965,341.1114417487667,3023.2893950577823,4423.847074333539,-2781.900142735979,-2775.062912769113
-128.68333630699956,45.8000009159998,-4.413478851318359,2.1408088219425676,94.57797993414233,323.34914438967985,348.5629585920197,3012.1026075777827,4272.8177804191,-2768.0,-2769.621478655423
-128.68333630699956,45.9166675849998,-5.306739807128906,2.06763184833339,122.1220773390364,329.02132912680344,354.67744359362405,3003.274181158581,4160.412032988532,-2764.498793040161,-2760.998876161579
-128.68333630699956,46.0333342539998,4.143548965454102,1.9944548747242123,149.66617474393047,335.0028884696534,361.1254273217791,2994.2880963099515,4051.9153402685783,-2403.1008853447324,-2753.7379440941713
-128.68333630699956,46.150000922999794,-10.612760543823242,1.9212779011150352,177.21027214882454,341.3230087394701,367.93837196111866,2985.1355922694106,3947.327702259243,-2741.3984938562385,-2781.1436462024267
-128.68333630699956,46.26666759199979,-8.141467094421387,1.8243954313172448,188.53872166090076,350.26857133338825,377.58148318657624,2972.7456402087305,3814.8728217811013,-2771.599143584126,-2781.113681583659
-128.68333630699956,46.38333426099979,-8.978875160217285,1.6916014784009619,175.30206775033406,363.7572273966518,392.12194493332265,2955.215532582224,3644.453180030837,-2767.2982359523717,-2767.5763366660003
-128.68333630699956,46.500000929999786,-10.774044036865234,1.5588075254846785,162.0654138397674,378.93473102757974,408.4829456083757,2936.9827477966073,3486.9065290502986,-2770.7018555677278,-2755.5596128883753
-128.68333630699956,46.61666759899978,-10.054034233093262,1.5022456744171664,207.49223810779745,386.0025537202235,416.10189630392097,2928.9814624387664,3423.7108542013566,-2762.300999151853,-2744.476053436413
-128.68333630699956,46.73333426799978,-9.588858604431152,1.3560651645141766,186.07954546387836,406.27526208967265,437.955410780559,2907.575738548048,3271.203146599234,-2749.500224319947,-2729.420729161281
-128.68333630699956,46.85000093699978,-12.248720169067385,1.1665590202050846,132.07754837585418,438.03347488038344,472.19003549502713,2878.0257662846843,3096.713880881974,-2740.199225728093,-2707.734594606482
-128.68333630699956,46.966667605999774,-9.680928230285645,1.1037844422583654,282.21502207068824,450.31718908815446,485.43159756825014,2867.7140113956084,3044.694134664638,-2737.6004962237976,-2693.8935689521013
-128.56666963799955,45.10000090199982,-8.945996284484863,2.864859775095742,141.91394306405437,279.5174812289045,301.31343139699334,3092.4063828565895,5595.708858800994,-2836.2997096640647,-2824.3470266002632
-128.56666963799955,45.21666757099982,-6.667681694030762,2.804914809633908,140.7044385022138,282.4885316696192,304.516155603041,3086.175796310419,5471.654687595822,-2839.7986233442884,-2817.67277532305
-128.56666963799955,45.33333423999981,-5.193661689758301,2.7449698441720773,139.49493394037336,285.55638154679525,307.8232273805867,3079.8782681831417,5350.223697576139,-2805.0,-2804.4278253520283
-128.56666963799955,45.45000090899981,-3.140823602676392,2.68502487871024,138.2854293785328,288.72640402801767,311.2404388810028,3073.5115932934614,5231.415888741923,-2794.1996392160668,-2791.347403567701
-128.56666963799955,45.56666757799981,-4.2403564453125,2.59715779984002,126.26289765354122,293.5698765339327,316.46159111168953,3064.0494929351526,5062.008452603497,-2787.899001632152,-2787.738650096052
-128.56666963799955,45.683334246999806,-2.6718344688415527,2.4883528772347203,106.13204440811548,299.919480248208,323.3063182276748,3052.1079853264696,4860.043515199444,-2769.600285247957,-2786.413225898612
-128.56666963799955,45.8000009159998,-4.861985206604004,2.379547954629421,86.00119116268975,306.69975442045006,330.61529821586237,3039.9024212226723,4666.720690959088,-2769.0,-2782.680681659208
-128.56666963799955,45.9166675849998,-4.667392730712891,2.292120807351296,94.47665437537903,312.4941612009593,336.861535775922,3029.8913085723652,4517.643495354856,-2764.300142623978,-2785.01825161424
-128.56666963799955,46.0333342539998,11.42506504058838,2.2189438337421183,122.0207517802731,317.60512683006874,342.3710394559366,3021.364190977295,4397.1547841152915,-2663.5669700543076,-2785.9763287091446
-128.56666963799955,46.150000922999794,-4.403268814086914,2.145766860132941,149.56484918516716,322.9753608745959,348.1600285390069,3012.6952704738806,4280.575127586345,-2787.1991442561302,-2785.9463688668334
-128.56666963799955,46.26666759199979,-7.817137718200684,2.0558397045876466,165.65105301738114,329.96360080350803,355.6931908412302,3001.836989282363,4142.664065200043,-2778.2992074241356,-2781.5089907921515
-128.56666963799955,46.38333426099979,-8.942122459411621,1.9230457516713635,152.41439910681447,341.16608402460594,367.76921071904235,2985.3587380275976,3949.808311502767,-2764.5016036796856,-2767.9715724240896
-128.56666963799955,46.500000929999786,-9.081664085388184,1.7902517987550806,139.17774519624777,353.5929518038251,381.1650890577102,2968.3010200154354,3769.825548575218,-2765.1991442561302,-2753.7578095775643
-128.56666963799955,46.61666759899978,-7.7030744552612305,1.6574578458387972,125.9410912856811,367.4848276597679,396.1402124893188,2950.5980316371265,3602.715776417394,-2728.3002681441308,-2738.1891031062064
-128.56666963799955,46.73333426799978,-9.055829048156738,1.6307861625191291,194.36952722262134,370.4777667972884,399.36653220829953,2946.9578334793937,3570.7041803703114,-2741.4011409918267,-2712.161484161
-128.56666963799955,46.85000093699978,-8.41766357421875,1.4932641531067838,193.65244526999908,387.16165631640797,417.35138230766574,2927.697157759531,3413.890808298108,-2736.8994898720975,-2690.5815558718305
-128.56666963799955,46.966667605999774,-10.06052589416504,1.4152310871506566,304.4865248659085,397.69211383820505,428.70297390087467,2916.3721990910963,3331.050845963735,-2736.600285247957,-2700.5184461314902
-128.45000296899954,45.10000090199982,-10.848078727722168,3.048872330284471,125.69598836147462,270.9511755082934,292.07915037913,3111.135713618381,5992.902207526606,-2837.399852064042,-2831.571017732196
-128.45000296899954,45.21666757099982,-3.0723445415496826,2.988927364822637,124.48648379963407,273.65474213073685,294.99353316634364,3105.0980104006067,5860.795679147741,-2820.300848527887,-2822.684621284003
-128.45000296899954,45.33333423999981,-5.703444480895996,2.928982399360806,123.27697923779363,276.44088713095914,297.99693355008947,3098.999452355091,5731.312331954366,-2810.300787647864,-2819.699569895128
-128.45000296899954,45.45000090899981,-3.432048320770264,2.869037433898969,122.06747467595304,279.3139017896923,301.09397743253567,3092.8381614341506,5604.452165946457,-2794.299857488022,-2806.454619924105
-128.45000296899954,45.56666757799981,-4.742822647094727,2.809092468437135,120.8579701141125,282.2783962228829,304.2896344128962,3086.612160957774,5480.2151811240365,-2775.9995625600923,-2802.601710977864
-128.45000296899954,45.683334246999806,-3.4984326362609863,2.7413441954495266,116.62658196471821,285.74515481940693,308.02672063716795,3079.495180258272,5342.963319242557,-2793.1014140958023,-2801.347371711105
-128.45000296899954,45.8000009159998,-1.9918427467346191,2.632539272844227,96.49572871929247,291.5904053192019,314.3277665600378,3067.878561774802,5129.546003419533,-2756.401111343735,-2802.101855838268
-128.45000296899954,45.9166675849998,-2.363677263259888,2.523734350238928,76.36487547386673,297.8097002918618,321.03202384242064,3056.019296341655,4924.770800760205,-2763.90187918365,-2804.4394257932995
-128.45000296899954,46.0333342539998,-1.6581714153289795,2.443432792760024,94.37532881661576,302.6637857028135,326.26461654123005,3047.101925707727,4779.182791648293,-2757.89908086413,-2796.9274595936226
-128.45000296899954,46.150000922999794,-7.381833076477051,2.3702558191508465,121.91942622150982,307.30034529125254,331.26272139437555,3038.8472305264067,4650.6111165997345,-2808.7995879680343,-2789.840569637986
-128.45000296899954,46.26666759199979,-7.003353118896484,2.287283977858049,142.76338437386153,312.82439626717854,337.21752160025284,3029.3319254377266,4509.558818308641,-2758.700632991914,-2785.403191563304
-128.45000296899954,46.38333426099979,-7.526280403137207,2.154490024941766,129.52673046329483,322.3208614761591,347.4544932046041,3013.7363409915306,4294.266952664353,-2745.2998574880226,-2771.865773195241
-128.45000296899954,46.500000929999786,-6.371940612792969,2.021696072025483,116.29007655272817,332.7382478338946,358.6841966773074,2997.652256925578,4091.848077789792,-2734.300707327774,-2756.4823405990974
-128.45000296899954,46.61666759899978,-7.086578369140625,1.8889021191091995,103.05342264216148,344.2357189601174,371.0782067485165,2981.0306742723137,3902.302193684957,-2729.1999187520305,-2741.048931196978
-128.45000296899954,46.73333426799978,-6.8908281326293945,1.7829565126321598,110.47758415282549,354.31560780691575,381.9440956481158,2967.345881331418,3760.310882967163,-2724.796782928524,-2715.0213122517716
-128.45000296899954,46.85000093699978,-2.8847527503967285,1.7455064898435833,144.55862234175032,358.0963752968988,386.01967625478306,2962.4116618402254,3712.079410721414,-2642.7998601283734,-2694.8890145324644
-128.45000296899954,46.966667605999774,-5.500654220581055,1.5939965186056329,164.1877001992623,374.72871576990445,403.9489576652016,2941.887512302837,3527.4010889843103,-2754.0009379998332,-2699.2378490410383
-128.33333629999953,45.10000090199982,-5.922931671142578,3.237127449772413,111.74437388241017,262.95459224837754,283.4590171019422,3129.720662355239,6424.832856015568,-2837.8005811198723,-2837.5956625377407
-128.33333629999953,45.21666757099982,-2.8857169151306152,3.1729399200113657,108.26852909705434,265.60101758911867,286.3118028985546,3123.4461806775244,6274.654923640632,-2829.899857600023,-2827.1679274382564
-128.33333629999953,45.33333423999981,-4.214304924011231,3.1129949545495355,107.05902453521388,268.1460788542908,289.05532054744384,3117.5288510930627,6137.119219273565,-2818.8016335997468,-2831.8788502127477
-128.33333629999953,45.45000090899981,-5.642650604248047,3.0530499890876976,105.8495199733733,270.76573323621693,291.8792478646979,3111.5542687801653,6002.206696091963,-2805.199790960024,-2828.8937961304937
-128.33333629999953,45.56666757799981,-4.914121627807617,2.993105023625864,104.64001541153277,273.4636971568412,294.78759106790113,3105.520739028952,5869.917354095849,-2792.6995728000693,-2825.111972060645
-128.33333629999953,45.683334246999806,-1.9475401639938357,2.93316005816403,103.43051084969225,276.2439515402965,297.78464150192895,3099.4264818350066,5740.251193285218,-2777.698641520231,-2824.269122179324
-128.33333629999953,45.8000009159998,-4.417767524719238,2.8732150927021958,102.22100628785174,279.1107665192219,300.87500227179044,3093.26962576557,5613.208213660066,-2795.8979414403207,-2825.023606306486
-128.33333629999953,45.9166675849998,-4.964883804321289,2.776725668453734,86.85941303046948,283.9188135458712,306.0579666486461,3083.2228513918008,5414.22498481519,-2804.497372400412,-2817.952912997818
-128.33333629999953,46.0333342539998,-5.640677452087402,2.667921751777929,66.72990585295841,289.65038829525645,312.2364727207988,3071.682092244279,5197.999362867582,-2806.199351840118,-2808.9295489584047
-128.33333629999953,46.150000922999794,-4.016526699066162,2.594744778168752,94.27400325785248,293.7063496587707,316.60870600896754,3063.787402595759,5057.435669299412,-2824.899857600023,-2798.3094923555027
-128.33333629999953,46.26666759199979,-4.474414825439453,2.518728251128451,119.87571573034191,298.1055092617431,321.3508991247861,3055.467560495872,4915.557081106894,-2801.3972774404665,-2791.2226033272664
-128.33333629999953,46.38333426099979,-5.491498947143555,2.385934298212168,106.63906181977524,306.2890133418713,330.1725287573722,3040.6264436105494,4677.829103515594,-2801.2981126403674,-2776.5155893606334
-128.33333629999953,46.500000929999786,-5.429618835449219,2.253140345295885,93.40240790920855,315.18572291606944,339.762977548476,3025.366245869247,4452.974116694022,-2804.0992920002222,-2758.270899036299
-128.33333629999953,46.61666759899978,-8.27527141571045,2.1203463923796018,80.16575399864186,324.9056406546073,350.24082585270037,3009.6493236201745,4240.992120642175,-2756.998494560142,-2742.837898260791
-128.33333629999953,46.73333426799978,-9.525394439697266,1.9875524394633186,66.92910008807517,335.5840886418343,361.75194777208657,2993.432035678934,4041.883115360055,-2758.1974368004144,-2728.951349289119
-128.33333629999953,46.85000093699978,2.644766330718994,1.8796146076513454,97.10436552426154,345.08513605502253,371.99385888743774,2979.8466311617594,3889.527141753157,-2192.173042004092,-2708.819051569812
-128.33333629999953,46.966667605999774,-8.264679908752441,1.8873424091344098,131.66052563567297,344.3779287154483,371.23150560184223,2980.8320342062966,3900.152399800806,-2718.9995491201094,-2699.1954397617496
-128.21666963099952,45.10000090199982,-9.322394371032717,3.45827143073436,115.36169752833067,254.40820895240694,274.24621200073284,3150.8749882004677,6965.269070351219,-2840.5015031677303,-2839.7408908961397
-128.21666963099952,45.21666757099982,-7.4395751953125,3.387599608938043,108.42200144359093,257.04823250364296,277.09209681514403,3144.190152125062,6788.678355324171,-2830.999356096114,-2840.9978732324216
-128.21666963099952,45.33333423999981,-7.793059349060059,3.3169277871417293,101.48230535885165,259.7721870091196,280.0284572724791,3137.4352154728053,6615.733629966219,-2819.4934717132,-2842.1724059756025
-128.21666963099952,45.45000090899981,-5.283980369567871,3.2462559653454077,94.54260927411153,262.5846160401592,283.06019123837405,3130.6079255407535,6446.434894277336,-2811.499933584001,-2846.883328750094
-128.21666963099952,45.56666757799981,-4.378054618835449,3.1771175788145927,88.42206070895304,265.4263379624276,286.1235022689051,3123.8564766072304,6284.337780008635,-2824.9987088322305,-2843.0705814095795
-128.21666963099952,45.683334246999806,-4.886967658996582,3.117172613352759,87.21255614711252,267.96633288728555,288.86155851918005,3117.943075967126,6146.619262024311,-2835.99963843207,-2842.227731528258
-128.21666963099952,45.8000009159998,-6.533028602600098,3.057227647890924,86.003051585272,270.5806712005166,291.6797552363548,3111.9725376735773,6011.523925225465,-2834.999068720163,-2837.4979246179505
-128.21666963099952,45.9166675849998,-7.658310890197754,2.9972826824290904,84.79354702343147,273.2730517443993,294.5820796875381,3105.9431727460615,5879.051769612102,-2816.5003487519552,-2828.9158322410854
-128.21666963099952,46.0333342539998,-5.870013236999512,2.9209120640632413,77.22309734164648,276.82251994120344,298.40832496318757,3098.173660275799,5714.080459386418,-2823.4986708481774,-2812.656399252582
-128.21666963099952,46.150000922999794,-7.979415893554687,2.819233737186657,66.62858029419513,281.77023685102193,303.7418502694545,3087.670088404511,5501.048785685378,-2821.4997784800503,-2801.8034567752184
-128.21666963099952,46.26666759199979,-8.690291404724121,2.7460567635774797,94.1726776990892,285.4998627786347,307.7623014453002,3079.9930633535555,5352.402128308212,-2809.0002047839794,-2791.183400172316
-128.21666963099952,46.38333426099979,-11.273475646972656,2.61737857148257,83.75139317625562,292.4336788188944,315.23679604428105,3066.241004349398,5100.4947640564915,-2805.999678592113,-2775.0838063137735
-128.21666963099952,46.500000929999786,-10.536359786987305,2.484584618566287,70.51473926568893,300.14683132659235,323.55139747373346,3051.689782191378,4853.203665287907,-2786.99874171228,-2756.839115989439
-128.21666963099952,46.61666759899978,-12.507145881652832,2.4122651798142667,62.73961553530722,304.6127903917809,328.36559887714577,3043.601402249155,4723.94350367669,-2761.499897872067,-2740.818131414141
-128.21666963099952,46.73333426799978,-11.29348087310791,2.356981976708191,82.49402945336179,308.16444385116904,332.1941998157213,3037.3362933459393,4627.7078740624465,-2753.9973952644905,-2726.931992434995
-128.21666963099952,46.85000093699978,-10.832659721374512,2.1729604981801223,64.57719096067218,320.9480514012111,345.9746354421474,3015.9337758153315,4323.44142422769,-2733.500950223914,-2714.5777332397074
-128.21666963099952,46.966667605999774,-11.272856712341309,2.1806882996631867,99.1333510720836,320.378867797849,345.3610685773133,3016.8503813568686,4335.721533005091,-2704.998695392248,-2704.9541214316455
-128.1000029619995,45.10000090199982,-10.404295921325684,3.6794154116963065,118.97902117425113,246.64439321811133,265.87699677544674,3171.363082044878,7541.40568671733,-2835.0,-2852.8968049688456
-128.1000029619995,45.21666757099982,-12.911789894104004,3.608743589899989,112.03932508951142,249.04776362271355,268.46777492765693,3164.8842679464965,7353.406058640155,-2828.8002843519535,-2874.028811900777
-128.1000029619995,45.33333423999981,-9.508238792419434,3.5380717681036753,105.09962900477214,251.5227889286178,271.1357954193903,3158.3416982029166,7169.052420232078,-2808.29957347207,-2866.360918805722
-128.1000029619995,45.45000090899981,-13.403971672058104,3.467399946307354,98.15993292003199,254.0731019765846,273.88497436963314,3151.7334527417256,6988.344771493069,-2820.199279328137,-2867.535448763668
-128.1000029619995,45.56666757799981,-8.197488784790039,3.3967281245110366,91.2202368352923,256.7025988040971,276.7195116173999,3145.057513135536,6811.283112423156,-2819.697145568489,-2858.775811315117
-128.1000029619995,45.683334246999806,-7.210604667663574,3.3260563027147194,84.28054075055257,259.4154636805753,279.6439177091199,3138.3117554005667,6637.867443022333,-2847.2996265120933,-2851.338009113034
-128.1000029619995,45.8000009159998,-7.770066261291504,3.255384480918402,77.34084466581287,262.2161971160295,282.66304409132243,3131.493942102776,6468.097763290596,-2838.5987072642347,-2846.6082022027263
-128.1000029619995,45.9166675849998,-6.730405807495117,3.1847126591220842,70.40114858107316,265.10964726973947,285.782116968473,3124.6017136883756,6301.974073227946,-2853.0998578240233,-2826.995747861086
-128.1000029619995,46.0333342539998,-6.281786918640137,3.1213502721559854,67.36608775901122,267.7869479029031,288.66818562190093,3118.3570233603787,6156.132045343209,-2840.4997790400494,-2802.612588728253
-128.1000029619995,46.150000922999794,-8.956904411315918,3.061405306694151,66.15658319717069,270.3959881035526,291.480671095275,3112.3905208851893,6020.853894927115,-2804.799841312053,-2790.361947239475
-128.1000029619995,46.26666759199979,-13.797232627868652,2.9705457225953853,66.52725473543185,274.5001197651332,295.90483085951956,3103.234490905431,5820.811789860854,-2796.9001421759767,-2779.5090043952287
-128.1000029619995,46.38333426099979,-13.064271926879885,2.848822844752972,60.863724532736,280.3031235477203,302.16033579056585,3090.745967808701,5562.2639342870425,-2796.698516528229,-2765.981767052973
-128.1000029619995,46.500000929999786,-12.778441429138184,2.8246555568648866,60.043137512494695,281.49968329454043,303.45019974326306,3088.2349069172524,5512.217840448604,-2748.9000596159017,-2749.666079740219
-128.1000029619995,46.61666759899978,-9.5745267868042,2.7606863903957723,76.33829802926289,284.74238727984834,306.945760237448,3081.5359686412203,5381.8071113325,-2754.200202767983,-2733.177541098254
-128.1000029619995,46.73333426799978,-11.43448543548584,2.524508253229567,80.29024322535864,297.76404912721557,320.9828129343718,3056.104541449377,4926.196801027832,-2724.4965214406684,-2718.1227096814882
-128.1000029619995,46.85000093699978,-7.844744682312012,2.5107100852788014,87.81346653417253,298.58114244915623,321.8636207876877,3054.582712899215,4900.83777329705,-2721.3999172960303,-2705.768450486201
-128.1000029619995,46.966667605999774,-10.475403785705566,2.4969119173280356,95.33668984298642,299.4049994490825,322.75171973068336,3053.0566967976106,4875.61772985659,-2726.0998923840702,-2698.347235106291
-127.98333629299952,45.10000090199982,-7.423428535461426,3.9005593926581996,122.59634482017073,239.55057155485505,258.23001978611256,3191.244186666788,8153.242705113747,-2836.69942497611,-2882.434073138229
-127.98333629299952,45.21666757099982,-7.396086692810059,3.8298875708618816,115.65664873543102,241.75064775303582,260.601651448269,3184.953449097514,7953.834163986448,-2842.6993646560923,-2903.5660800701608
-127.98333629299952,45.33333423999981,-5.789030075073242,3.759215749065569,108.71695265069174,244.0124768399331,263.03985130757746,3178.604398203056,7758.0716125282515,-2853.0994587680207,-2895.8981869751055
-127.98333629299952,45.45000090899981,-13.828804969787598,3.688543927269247,101.77725656595159,246.33900280214377,265.54779291404105,3172.1953816343002,7565.955050739116,-2879.8980212322977,-2888.2302938800503
-127.98333629299952,45.56666757799981,-6.808950424194336,3.618153614704762,95.06211397661802,248.72369344357253,268.1184347101467,3165.7505672557354,7378.227986554415,-2886.600284127954,-2877.318521956571
-127.98333629299952,45.683334246999806,-5.85457706451416,3.5478300783368537,88.40023723669685,251.1766439034834,270.7626590243938,3159.248954945144,7194.290866634365,-2873.7999227840237,-2864.9338326761863
-127.98333629299952,45.8000009159998,-8.337236404418945,3.4775065419689453,81.73836049677567,253.70362998714756,273.48669204234216,3152.6825808853764,7013.9638885444365,-2865.200568255909,-2844.9994222622877
-127.98333629299952,45.9166675849998,-10.443933486938477,3.4071830056010364,75.07648375685449,256.3084525106815,276.2946309565578,3146.049470386074,6837.247052284627,-2852.0,-2817.263246804267
-127.98333629299952,46.0333342539998,-7.388973236083984,3.336859469233128,68.4146070169333,258.9951911976243,279.19087361540903,3139.347546316601,6664.14035785494,-2832.400205231981,-2792.8555091931235
-127.98333629299952,46.150000922999794,-8.150397300720215,3.2665359328652195,61.75273027701213,261.76823155701936,282.18014749702155,3132.574621508,6494.643805255372,-2814.0991307681684,-2780.604867704345
-127.98333629299952,46.26666759199979,-7.456796646118164,3.1962123964973106,55.090853537090936,264.63229499666414,285.26754217067105,3125.7283904146598,6328.757394485925,-2780.800364143928,-2768.3542262155665
-127.98333629299952,46.38333426099979,-12.159422874450684,3.1309877744207224,65.43747981533514,267.3744923848261,288.2235680369685,3119.3109092907525,6178.12582190379,-2784.90350075117,-2754.714171204435
-127.98333629299952,46.500000929999786,-10.190115928649902,3.0670186079516077,81.73264033210333,270.1484334826534,291.21381289394395,3112.951694241946,6033.4101466553175,-2721.897301392652,-2740.9708392263597
-127.98333629299952,46.61666759899978,-10.90251350402832,3.003049441482493,98.02780084887152,273.0105423928659,294.29910062971106,3106.5258086690174,5891.6816710157345,-2760.4011365118176,-2726.28134140562
-127.98333629299952,46.73333426799978,-9.28341007232666,2.86234114725485,103.63113805380672,279.64043053443834,301.44596792735774,3092.145919971352,5590.443847792896,-2738.4983550402812,-2710.758956351703
-127.98333629299952,46.85000093699978,-8.483508110046387,2.848542979304084,111.15436136262062,280.3168929086409,302.17517884570816,3090.7169499555184,5561.6819433040455,-2739.8990055521595,-2698.611982451559
-127.98333629299952,46.966667605999774,-7.132467269897461,2.834744811353319,118.67758467143452,280.99828832997827,302.909707475684,3089.2845148065417,5533.059023105516,-2712.2996911840864,-2694.074521872373
-127.86666962399951,45.10000090199982,-6.8306169509887695,4.137889917415986,139.12530537487808,232.57937151972368,250.71522609841435,3211.9631415203025,8849.5785335583,-2864.600642335885,-2868.019539026754
-127.86666962399951,45.21666757099982,-15.14770221710205,4.067566381048077,132.46342863495687,234.5812706521004,252.8732274306928,3205.887300975439,8638.960136444879,-2903.3979375843537,-2889.1515459586853
-127.86666962399951,45.33333423999981,-15.89342975616455,3.997242844680173,125.8015518950361,236.63576925487493,255.08792978519554,3199.7587073222603,8431.951881161596,-2929.500217599954,-2881.483652863631
-127.86666962399951,45.45000090899981,-14.781920433044434,3.92691930831226,119.13967515511452,238.7452118256726,257.36186047656946,3193.575962147083,8228.553767708408,-2907.1009174558544,-2879.347176906831
-127.86666962399951,45.56666757799981,-11.722978591918944,3.8565957719443515,112.47779841519333,240.91209182056608,259.69770739325,3187.33760413874,8028.765796085353,-2884.7001955519945,-2869.3240008584944
-127.86666962399951,45.683334246999806,-12.1174955368042,3.786272235576442,105.81592167527215,243.139064047386,262.09833235716565,3181.0421050552704,7832.587966292416,-2855.0004904799275,-2852.866172691112
-127.86666962399951,45.8000009159998,-11.598244667053224,3.7159486992085338,99.15404493535097,245.42895834304676,264.56678586758096,3174.687865351857,7640.020278329602,-2858.0004899199284,-2833.8971297553717
-127.86666962399951,45.9166675849998,-8.122152328491211,3.6456251628406253,92.49216819542978,247.78479469513036,267.1063234018176,3168.273209434567,7451.062732196909,-2836.000489359929,-2811.4471460399573
-127.86666962399951,46.0333342539998,-7.3938188552856445,3.575301626472717,85.83029145550861,250.20979999149253,269.72042347094487,3161.7963805000054,7265.715327894336,-2825.199920992025,-2786.9917136919407
-127.86666962399951,46.150000922999794,-7.966601371765137,3.504978090104808,79.16841471558743,252.70742660917588,272.412807658202,3155.2555349158365,7083.978065421882,-2809.1999204320264,-2774.454981162583
-127.86666962399951,46.26666759199979,-4.19831657409668,3.434654553736899,72.50653797566625,255.281373086198,275.18746290271105,3148.6487360912456,6905.85094477955,-2769.5002220799506,-2762.2043396738045
-127.86666962399951,46.38333426099979,-6.0896406173706055,3.358052688053074,85.80911066100269,258.17661714446444,278.3084695678133,3141.374659841267,6715.929017345274,-2779.500709759881,-2748.5642846626724
-127.86666962399951,46.500000929999786,-8.240154266357422,3.253125978938473,118.96843201978025,262.30720389727963,282.76114731341187,3131.274846972349,6462.732451718206,-2746.4002437439167,-2736.787695634379
-127.86666962399951,46.61666759899978,-8.589700698852539,3.2454124925692724,119.71730366848541,262.6187362924771,283.0969720875032,3130.525994975414,6444.436320127515,-2748.500223759947,-2722.8678587015356
-127.86666962399951,46.73333426799978,-5.839917182922363,3.2001740412802153,126.9720328822605,264.46844393767645,285.0909144885506,3126.116059574282,6338.006571486567,-2729.7010760318044,-2706.318925128252
-127.86666962399951,46.85000093699978,-6.078886032104492,3.1863758733294496,134.4952561910744,265.04044769885616,285.70752141880513,3124.7647913277906,6305.841790239645,-2716.4997751200535,-2691.284060004909
-127.86666962399951,46.966667605999774,-7.828484535217285,3.172577705378684,142.0184794998883,265.6161790505842,286.3281466061434,3123.4105941583675,6273.815993283044,-2698.8024382075573,-2682.8878317969748
-127.75000295499952,45.10000090199982,-9.391390800476074,4.343190913133097,145.43297948738146,227.01585980205428,244.71788811834173,3229.4113289898946,9485.107167391496,-2923.5017092795656,-2876.2483780661505
-127.75000295499952,45.21666757099982,-17.795162200927734,4.278953722846665,145.85473792351416,228.7135338297407,246.54794176803404,3223.997120884273,9282.947411226116,-2890.5078592786986,-2874.7370118472118
-127.75000295499952,45.33333423999981,-12.215713500976562,4.235685001919732,143.2172363336093,229.87875236665758,247.8040206155616,3220.327295564431,9148.475013953033,-2871.2007752798786,-2872.60053492741
-127.75000295499952,45.45000090899981,-13.37673282623291,4.16536146555182,136.55535959368768,231.81114466838568,249.88709517919503,3214.3226018614405,8932.836190626962,-2865.5007091998805,-2871.3526558087556
-127.75000295499952,45.56666757799981,-10.32021141052246,4.095037929183911,129.8934828537665,233.7931027407968,252.02360050636673,3208.26700214328,8720.80750913102,-2878.4997812800457,-2857.2563416691287
-127.75000295499952,45.683334246999806,-7.049023628234863,4.024714392816002,123.23160611384533,235.82678240790145,254.2158605258958,3202.159179331838,8512.388969465203,-2882.20087631992,-2837.7987000856965
-127.75000295499952,45.8000009159998,-10.62328815460205,3.954390856448094,116.56972937392416,237.91447309192918,256.46634318241627,3195.997758555939,8307.580571629505,-2857.8003050400216,-2818.829657149957
-127.75000295499952,45.9166675849998,-8.326087951660156,3.884067320080185,109.90785263400298,240.05860865002413,258.777672118086,3189.7813035374493,8106.382315623928,-2837.695904080768,-2800.344854573821
-127.75000295499952,46.0333342539998,-7.277694702148437,3.813743783712276,103.2459758940818,242.2617793050204,261.1526395336891,3183.508312681531,7908.79420144847,-2816.100141839976,-2781.1756129276314
-127.75000295499952,46.150000922999794,-7.263557434082031,3.743420247344368,96.58409915416061,244.52674480328315,263.5942203724863,3177.177214840905,7714.816229103136,-2793.0009307198306,-2768.591185611333
-127.75000295499952,46.26666759199979,-5.076415061950684,3.673096710976459,89.92222241423943,246.85644895160718,266.1055879906585,3170.7863647202557,7524.44839858792,-2782.7974096004828,-2756.054453132043
-127.75000295499952,46.38333426099979,-4.057233810424805,3.618446460559679,94.00721461737976,248.71362846441477,268.1075848935498,3165.7775089461647,7379.001497596957,-2758.1001831200115,-2744.381140762847
-127.75000295499952,46.500000929999786,-4.707058906555176,3.5042119463821115,130.04289398080698,252.7350504558777,272.4425855311333,3155.183915730391,7082.017998285994,-2747.9003441599557,-2733.374212930295
-127.75000295499952,46.61666759899978,-4.522679328918457,3.3934052983803547,164.17769531135897,256.8282497831339,276.8549604898123,3144.7419243787344,6803.04782446269,-2725.3004255199285,-2718.427827744787
-127.75000295499952,46.73333426799978,-10.458229064941406,3.374458368506489,158.70741996510674,257.5482609456631,277.63111600277693,3142.9394607130944,6756.243787485969,-2730.5011940798136,-2700.5347614230895
-127.75000295499952,46.85000093699978,-9.47215747833252,3.36212785767587,158.7303519884973,258.02010428163163,278.13975229277713,3141.7637124092435,6725.92486194645,-2725.696772240592,-2685.4998962997465
-127.75000295499952,46.966667605999774,-9.270526885986328,3.3497973468452504,158.75328401188784,258.49455048927285,278.6511944187191,3140.5858061091762,6695.71692669999,-2693.899858160024,-2675.559908539947
-127.63333628599952,45.10000090199982,-8.993409156799316,4.5560349321107845,147.6202995883971,221.64969414625216,238.93328466497022,3247.0704646708846,10176.470820454007,-2953.5025558717093,-2887.830220908168
-127.63333628599952,45.21666757099982,-12.12204933166504,4.491797741824351,148.0420580245298,223.22897378199843,240.63571187664223,3241.7851598498605,9964.330138012294,-2854.0002081439743,-2882.7918579230936
-127.63333628599952,45.33333423999981,-7.099649429321289,4.427560551537923,148.46381646066243,224.84249937311588,242.3750554424506,3236.4619253996743,9755.2017397002,-2850.0003593279307,-2862.865268357553
-127.63333628599952,45.45000090899981,-5.632911682128906,4.363323361251486,148.88557489679516,226.49152676541493,244.15266913536433,3231.0999328089883,9549.085625517682,-2849.500708639883,-2861.617389238898
-127.63333628599952,45.56666757799981,-9.342623710632324,4.333480086423471,147.30916729233968,227.2700755823232,244.99192689663684,3228.5954368419248,9454.353125691501,-2867.4992143681393,-2846.021050343449
-127.63333628599952,45.683334246999806,-10.241192817687988,4.263156550055562,140.64729055241853,229.13689224154385,247.00431242224263,3222.6594477219587,9233.6938761528,-2862.998994528187,-2827.5155610284887
-127.63333628599952,45.8000009159998,-8.704767227172852,4.192833013687654,133.9854138124973,231.0504804013411,249.0671165523249,3216.6742943462796,9016.64476844422,-2828.9985537282832,-2809.684916965248
-127.63333628599952,45.9166675849998,-2.644075632095337,4.122509477319745,127.32353707257616,233.0128262942515,251.182480399985,3210.638734499935,8803.205802565757,-2812.999984976133,-2790.9185616766067
-127.63333628599952,46.0333342539998,-7.110342979431152,4.052185940951836,120.66166033265498,235.02603628321037,253.3526745761379,3204.5514727588043,8593.376978517417,-2803.500062496002,-2773.7113420763153
-127.63333628599952,46.150000922999794,-5.931593894958496,3.9818624045839277,113.99978359273379,237.0923463675171,255.58010943672468,3198.4111572430174,8387.158296299198,-2789.9998404160533,-2761.1269147600174
-127.63333628599952,46.26666759199979,-6.032253265380859,3.9115388682160193,107.33790685281262,239.21413262463722,257.86734633873544,3192.216376111157,8184.5497559111,-2775.001214175787,-2754.086967846764
-127.63333628599952,46.38333426099979,-5.739419937133789,3.866759687239564,97.08359597864538,240.59526048426216,259.35617048222707,3188.2427345688775,8057.418124784269,-2734.9874491384994,-2737.2561612903946
-127.63333628599952,46.500000929999786,-4.655054092407227,3.764605718888715,138.24099793718403,243.83773198106505,262.8514803591379,3179.0907160047673,7772.873519821711,-2753.5007086398828,-2726.249233457843
-127.63333628599952,46.61666759899978,-3.004929780960083,3.6768072755263184,159.61690246963803,246.7318560734613,265.9712797267291,3171.1250935943117,7534.402785597593,-2733.498888512151,-2709.3145098033146
-127.63333628599952,46.73333426799978,-5.539200782775879,3.6496752503406107,147.3510439545514,247.64727168304762,266.95807675017875,3168.6443136427056,7461.847243026312,-2736.502090239607,-2691.0925411414582
-127.63333628599952,46.85000093699978,-3.651047945022583,3.622543225154903,135.08518543946477,248.57295251333022,267.95593944600944,3166.1542952510895,7389.8290876122255,-2700.0008012159346,-2674.945511335602
-127.63333628599952,46.966667605999774,-6.723939895629883,3.609110584942737,134.1930869604884,249.03510099903872,268.45412490987206,3164.918075145717,7354.372913236182,-2687.500058016008,-2663.6793488126905
-127.51666961699952,45.10000090199982,-8.488273620605469,4.768878951088471,149.80761968941275,216.64691519760294,233.5404037442106,3264.321706814832,10900.905354299157,-2870.2996337920845,-2902.960982808718
-127.51666961699952,45.21666757099982,-7.391718864440918,4.704641760802038,150.22937812554545,218.12094939918777,235.1293787926525,3259.1565159426937,10678.783745581113,-2881.1983006082746,-2898.7394574985947
-127.51666961699952,45.33333423999981,-9.673142433166504,4.640404570515609,150.65113656167813,219.62548625563676,236.75123500317207,3253.955940283093,10459.674420992687,-2861.99673248055,-2871.3401643281286
-127.51666961699952,45.45000090899981,-6.948390960693359,4.5761673802291725,151.0728949978108,221.1615924933678,238.40712228237246,3248.719242492187,10243.577380533838,-2839.7004248479316,-2851.4135786852985
-127.51666961699952,45.56666757799981,-7.458233833312988,4.511930189942739,151.49465343394348,222.73038780736462,240.09824763575523,3243.4456592569395,10030.492624204604,-2852.299189632183,-2836.7693916891567
-127.51666961699952,45.683334246999806,-5.848645210266113,4.447692999656307,151.91641187007616,224.3330482915172,241.8258788655491,3238.1343999963,9820.420152004976,-2810.0036591993294,-2820.5932136303354
-127.51666961699952,45.8000009159998,-7.493641853332519,4.424713284146416,151.13631013320483,224.91482990844756,242.45302609995562,3236.2250860354707,9746.001991119145,-2833.8002832319544,-2802.762569567095
-127.51666961699952,45.9166675849998,-4.287635803222656,4.360951634559305,144.73922151114934,226.55310770324002,244.21905197340058,3230.901207574262,9541.533193022397,-2847.2995751520684,-2783.292217296067
-127.51666961699952,46.0333342539998,-3.046884775161743,4.290628098191396,138.07734477122816,228.40216841708516,246.21229699729156,3224.984097776252,9319.463659101173,-2792.900141615977,-2765.8034450941454
-127.51666961699952,46.150000922999794,-5.257298469543457,4.220304561823488,131.41546803130697,230.29725544796023,248.25515733489343,3219.018295193785,9101.004267010072,-2774.300061712004,-2758.763497023755
-127.51666961699952,46.26666759199979,-4.004351615905762,4.1499810254555785,124.7535912913858,232.2403104976954,250.3497260962279,3213.0025775677873,8886.155016749086,-2766.201132927817,-2753.8933185545975
-127.51666961699952,46.38333426099979,-6.17152214050293,4.07965748908767,118.09171455146463,234.23339191774718,252.49822213693744,3206.9356706329363,8674.915908318226,-2749.6015373437826,-2735.929342187292
-127.51666961699952,46.500000929999786,0.6072384119033813,4.02499949139532,146.43910189356112,235.81843022408228,254.20685706337477,3202.184048306373,8513.226630592393,-2746.9020041756453,-2718.125256998361
-127.51666961699952,46.61666759899978,-3.2954964637756348,3.960209252672282,155.05610962791707,237.73963517192632,256.27787191620865,3196.509607580796,8324.388923607172,-2715.8987990562955,-2701.1905333438326
-127.51666961699952,46.73333426799978,-5.937817573547363,3.9330772274865744,142.79025111283042,238.55823995390975,257.1603090887711,3194.1195576895275,8246.220214241319,-2722.0004837599386,-2680.9946100673637
-127.51666961699952,46.85000093699978,-8.574712753295898,3.905945202300867,130.52439259774377,239.38535945313853,258.0519249311588,3191.7212496966217,8168.588892032664,-2693.901557775748,-2664.5186781804205
-127.51666961699952,46.966667605999774,-6.712485313415527,3.8788131771151595,118.25853408265714,240.22114231034917,258.9528796746751,3189.314597405718,8091.494956981202,-2673.6976560484886,-2651.484040156362
-127.40000294799952,45.10000090199982,-9.867147445678713,4.9817229700661585,151.99493979042842,211.96827837050392,228.49694059322766,3281.1920787060662,11658.410768926948,-2990.6894621776746,-2899.386799402063
-127.40000294799952,45.21666757099982,-10.55217456817627,4.9174857797797245,152.4166982265611,213.34825871214602,229.984527738663,3276.1391679480016,11426.308233932568,-2936.4932546411255,-2899.3092904043315
-127.40000294799952,45.33333423999981,-9.289400100708008,4.853248589493295,152.83845666269372,214.75554713943345,231.50155237385562,3271.053144869359,11197.217983067809,-2877.8008490238644,-2871.9099972338654
-127.40000294799952,45.45000090899981,-4.03549337387085,4.789011399206859,153.26021509882645,216.19105635468654,233.04899837096553,3265.933349843732,10971.14001633263,-2902.2842338268656,-2847.3658278841067
-127.40000294799952,45.56666757799981,-4.792502403259277,4.724774208920426,153.68197353495913,217.65574234584494,234.62789626305704,3260.779101048887,10748.074333727069,-2820.2033447354333,-2833.434958587199
-127.40000294799952,45.683334246999806,-6.362067222595215,4.660537018633993,154.1037319710918,219.15060706212898,236.2393261284005,3255.589693406854,10528.020935251106,-2827.299214704137,-2817.2587805283783
-127.40000294799952,45.8000009159998,-8.764150619506836,4.5962998283475605,154.5254904072245,220.6767012946644,237.88442069571968,3250.364397458046,10310.979820904751,-2826.1013822077175,-2799.4281364651374
-127.40000294799952,45.9166675849998,-1.1174371242523191,4.532062638061126,154.9472488433572,222.23512778089096,239.56436869067298,3245.1024581643037,10096.950990687996,-2830.8043291030604,-2779.9577841941104
-127.40000294799952,46.0333342539998,-7.040185928344727,4.501608528541462,154.38488162674773,222.98558895783324,240.3733486205169,3242.5948052244435,9996.534960646588,-2786.9995580800983,-2758.780941898023
-127.40000294799952,46.150000922999794,-5.405885696411133,4.458746719063048,148.83115246988018,224.05480268748084,241.52593648858323,3239.051062569579,9856.354141235755,-2765.0004430399003,-2752.267889357524
-127.40000294799952,46.26666759199979,-3.5202107429504395,4.3884231826951385,142.16927572995897,225.84288273756607,243.45344575610724,3233.199727141353,9629.264181101888,-2768.2986851841697,-2747.3977108883664
-127.40000294799952,46.38333426099979,-6.184398651123047,4.31809964632723,135.5073989900378,227.67446720976378,245.4278517924846,3227.3013176635154,9405.784362798142,-2725.499332080154,-2730.1864312779066
-127.40000294799952,46.500000929999786,-6.637699127197266,4.285393263901924,154.63720584993814,228.54162849876369,246.36263176550972,3224.541699854457,9303.077330598036,-2728.199188896177,-2711.2491753858776
-127.40000294799952,46.61666759899978,-4.8069257736206055,4.243611229818246,150.4953167861961,229.663967965535,247.57248795925594,3221.000953988783,9173.006238491427,-2709.6002830079547,-2689.5255221817897
-127.40000294799952,46.73333426799978,-6.0763044357299805,4.216479204632538,138.22945827110945,230.40169916717016,248.3677452678007,3218.6923559962815,9089.224362331002,-2695.001898239714,-2669.329598905321
-127.40000294799952,46.85000093699978,-6.702265739440918,4.18934717944683,125.9635997560228,231.1465856144994,249.17071576703074,3216.376318342697,9005.979873327775,-2680.4006493918787,-2651.7073197756927
-127.40000294799952,46.966667605999774,-6.033424377441406,4.162215154261123,113.69774124093615,231.8987437248779,249.98152495218375,3214.0527686361756,8923.272771481745,-2666.2996906240865,-2638.6726817516346
-127.28333627899951,45.10000090199982,-7.839395523071289,5.19456698904387,154.18225989144432,207.58022737845005,223.76672230509863,3297.70574534591,12448.987064337469,-2867.800132607995,-2881.214272478691
-127.28333627899951,45.21666757099982,-10.204028129577637,5.130329798757437,154.60401832757702,208.8757473788192,225.16326314053558,3292.7580969928886,12206.903603066761,-2878.8000756479787,-2884.636480567671
-127.28333627899951,45.33333423999981,-12.5595064163208,5.066092608471008,155.02577676370964,210.1958303807576,226.58628232808036,3287.779375547303,11967.832425925673,-2897.800130368,-2860.0923134318714
-127.28333627899951,45.45000090899981,-10.726322174072266,5.0018554181845705,155.44753519984235,211.5412625152661,228.0366272989144,3282.768988097772,11731.773532914154,-2887.0017977596594,-2842.5328187666937
-127.28333627899951,45.56666757799981,-6.3886260986328125,4.937618227898138,155.86929363597505,212.91286559419288,229.51518394735402,3277.726322633818,11498.726924032262,-2829.2004109119534,-2830.046393189295
-127.28333627899951,45.683334246999806,-8.686875343322754,4.873381037611705,156.29105207210773,214.3114992197934,231.02287890490769,3272.650747173284,11268.69259927997,-2850.4997316000217,-2817.480734838306
-127.28333627899951,45.8000009159998,-10.34493923187256,4.809143847325272,156.7128105082404,215.73806304876024,232.56068198084773,3267.541608837818,11041.670558657279,-2813.0994973760935,-2799.650090775065
-127.28333627899951,45.9166675849998,-5.973881721496582,4.74490665703884,157.1345689443731,217.1934992242712,234.129608783903,3262.3982328725965,10817.660802164197,-2810.399796224021,-2774.9952263371697
-127.28333627899951,46.0333342539998,-5.502647399902344,4.6806694667524065,157.55632738050576,218.67879499099405,235.73072354117352,3257.2199216061144,10596.663329800715,-2792.698771552239,-2751.789484822829
-127.28333627899951,46.150000922999794,-1.2703030109405518,4.616432276465973,157.97808581663844,220.19498550953833,237.3651421320453,3252.005953345505,10378.678141566834,-2760.201291391762,-2741.1685737823877
-127.28333627899951,46.26666759199979,-2.0834264755249023,4.578503772936509,157.63345312029162,221.10515634147265,238.34628540552447,3248.910349898252,10251.384331559755,-2736.098566096259,-2734.655519947973
-127.28333627899951,46.38333426099979,-3.1839849948883057,4.5565418035668195,152.92308342861313,221.6373656049346,238.91999478030115,3247.11202034028,10178.156720792967,-2731.6002015359827,-2718.0866245439925
-127.28333627899951,46.500000929999786,-3.599548578262329,4.554145232149951,158.20038245956118,221.69567511044974,238.9828510893684,3246.91551793919,10170.187160362657,-2727.3984598243264,-2700.0057640376554
-127.28333627899951,46.61666759899978,-4.195791721343994,4.527013206964243,145.93452394447453,222.35903378397947,239.69793651905042,3244.68726177713,10080.254730250468,-2710.6002004159836,-2677.7203334116602
-127.28333627899951,46.73333426799978,-4.262265682220459,4.499881181778536,133.66866542938791,223.02838302984907,240.41947964826454,3242.4523181779896,9990.859687295475,-2679.6996587520393,-2654.1546679955873
-127.28333627899951,46.85000093699978,-4.982996940612793,4.472749156592829,121.4028069143013,223.70381355910638,241.14757826143912,3240.21062656694,9902.00203149768,-2669.0994923361,-2636.53238886596
-127.28333627899951,46.966667605999774,-3.527906656265259,4.44561713140712,109.13694839921463,224.38541801752447,241.88233222859174,3237.962125449113,9813.681762857072,-2645.599686575997,-2624.2613994078374
-127.16666960999952,45.10000090199982,-6.001690864562988,5.465030099628218,151.45564853345985,202.37850335449204,218.15938315783643,3318.2091341487558,13501.29220629248,-2856.301608799639,-2869.6945028197483
-127.16666960999952,45.21666757099982,-10.38893985748291,5.405270310474908,153.91990105511255,203.49416010461522,219.36203553636705,3313.723302501026,13264.185702195049,-2885.899858720023,-2869.9347610500627
-127.16666960999952,45.33333423999981,-14.277299880981444,5.345510521321601,156.38415357676507,204.6284735707862,220.58479942672957,3309.212604240626,13029.686197749377,-2886.70006496,-2852.3752663848863
-127.16666960999952,45.45000090899981,-13.609458923339844,5.285750732168287,158.8484060984179,205.78196960042095,221.82824168037317,3304.6766211905347,12797.793692955418,-2864.5007063998855,-2834.812834858475
-127.16666960999952,45.56666757799981,-12.478251457214355,5.225990943014978,161.3126586200706,206.95519502737594,223.09295177164833,3300.114923319978,12568.50818781322,-2892.4066035188753,-2822.615458312208
-127.16666960999952,45.683334246999806,-11.191949844360352,5.166231153861666,163.7769111417233,208.1487187612435,224.37954297204226,3295.5270682686128,12341.829682322757,-2816.499780720046,-2811.494242353799
-127.16666960999952,45.8000009159998,-6.687557220458984,5.106471364708356,166.24116366337597,209.36313294655653,225.68865359977505,3290.912600845867,12117.758176484043,-2813.900345279955,-2795.9064165796985
-127.16666960999952,45.9166675849998,-8.429305076599121,5.0331610124842925,166.12490326073532,210.88235703550197,227.32634230993568,3285.214762997567,11846.439068821046,-2820.2986154402874,-2769.222654817071
-127.16666960999952,46.0333342539998,-7.281376838684082,4.957051880104471,165.4756547950539,212.49510338497134,229.06484587112675,3279.25532100384,11568.912619847255,-2786.8006447998823,-2746.0169133027302
-127.16666960999952,46.150000922999794,-6.754721641540527,4.880942747724648,164.82640632937253,214.1454258137304,230.8438555836305,3273.2499509190216,11295.614768896528,-2745.800202319981,-2735.3960022622896
-127.16666960999952,46.26666759199979,-5.213109970092773,4.804833615344826,164.17715786369115,215.83480652902338,232.66496923284797,3267.1975742139316,11026.545515968885,-2730.900343039957,-2724.3573904164996
-127.16666960999952,46.38333426099979,-1.445778489112854,4.728724482965003,163.52790939800974,217.5648109041505,234.52987425528008,3261.0970694748553,10761.70486106431,-2710.499293600115,-2707.1944175570306
-127.16666960999952,46.500000929999786,-3.0481536388397217,4.6288385040068905,160.57139012202254,219.89970387616998,237.04683530634136,3253.0157480032167,10420.543252104513,-2747.1980137604287,-2689.755940863742
-127.16666960999952,46.61666759899978,-6.265089988708496,4.6688570772516,154.3634203942676,218.95525315570043,236.0287390995535,3256.2638375351034,10556.352638847857,-2680.402872959466,-2666.9754284786095
-127.16666960999952,46.73333426799978,-6.721988677978516,4.724032596536944,149.36948090045104,217.67282625201958,234.6463123219329,3260.7193918099997,10745.516650197405,-2691.2007646398924,-2642.8479866726548
-127.16666960999952,46.85000093699978,-7.718393325805664,4.699932154563468,126.9693647203507,218.23020699425226,235.24715597327938,3258.776441999898,10662.617223987356,-2656.200282559954,-2621.6621443957124
-127.16666960999952,46.966667605999774,-8.749149322509766,4.682237075371702,114.71962454371706,218.64218519788847,235.6912590241964,3257.3467117067544,10602.020570944655,-2642.0,-2609.9535715563266
-127.05000294099952,45.10000090199982,-7.077943801879883,5.691518937681617,139.73428195398063,198.3108912553965,213.77459064403044,3334.99165856073,14423.586553565796,-2855.000357647933,-2864.349623044382
-127.05000294099952,45.21666757099982,-5.014227867126465,5.650580913505045,143.7999185102014,199.02796838546666,214.5475833373239,3331.9832702070207,14254.10860092464,-2873.000564671907,-2851.780115518801
-127.05000294099952,45.33333423999981,-3.1410813331604004,5.591310079248062,146.30577204884497,200.08008817021098,215.68174432499524,3327.608291831279,14010.903166839855,-2877.0003587679303,-2834.217684091454
-127.05000294099952,45.45000090899981,-4.916982650756836,5.531550290094748,148.77002457049778,201.15796173442092,216.84366729602488,3323.1736818780146,13768.287743324263,-2846.000205343975,-2815.997773521557
-127.05000294099952,45.56666757799981,-5.213861465454102,5.471790500941439,151.23427709215048,202.253445318049,218.0245734639355,3318.7150519963134,13528.279319460431,-2829.000974239859,-2804.9330305179756
-127.05000294099952,45.683334246999806,-8.226167678833008,5.412030711788129,153.69852961380317,203.36702371706713,219.2249854276614,3314.2320075961434,13290.87789524834,-2864.0076174065553,-2794.6611752462713
-127.05000294099952,45.8000009159998,-2.984104871749878,5.352270922634817,156.16278213545584,204.49920062029153,220.4454461521898,3309.7241431640564,13056.083470687989,-2800.5012705117906,-2783.494361139082
-127.05000294099952,45.9166675849998,-7.411725044250488,5.292511133481508,158.62703465710854,205.65049956667667,221.68652000050116,3305.1910418350944,12823.896045779386,-2799.9997176640463,-2767.8613422100093
-127.05000294099952,46.0333342539998,-6.80452823638916,5.2327513443281966,161.0912871787612,206.82146496256925,222.94879383014612,3300.6322749428755,12594.31562052252,-2767.9999202080257,-2744.6556006956675
-127.05000294099952,46.150000922999794,-7.1768293380737305,5.172991555174886,163.5555397004139,208.012663163412,224.23287815929731,3296.0474015464933,12367.3421949174,-2744.49957649607,-2733.6169892752223
-127.05000294099952,46.26666759199979,-10.35440731048584,5.113231766021577,166.0197922220666,209.22468362477954,225.5394084075395,3291.4359679327463,12142.975768964028,-2725.000282335953,-2720.1604454821786
-127.05000294099952,46.38333426099979,-6.24522590637207,5.053471976868265,168.4840447437193,210.45814012805997,226.86904621712605,3286.7975070921125,11921.216342662392,-2705.999918528028,-2702.9974726227097
-127.05000294099952,46.500000929999786,-5.146489143371582,5.027043492205235,173.0949768141533,211.01063172175225,227.46461947852467,3284.7374260191373,11823.975689470895,-2686.499776800051,-2681.4717685793535
-127.05000294099952,46.61666759899978,-9.314369201660156,5.0100460853459134,158.43607659949816,211.368272807889,227.85014836351118,3283.409628135163,11761.705048710817,-2679.4997762400526,-2658.03466410489
-127.05000294099952,46.73333426799978,-7.2983856201171875,4.992351006154147,146.18633642286454,211.74253234755525,228.2535915601016,3282.0249345474112,11697.102527556637,-2657.499775680053,-2632.795610901607
-127.05000294099952,46.85000093699978,-6.077028274536133,4.97465592696238,133.93659624623095,212.11878700317234,228.65918544591023,3280.63778479708,11632.728580956607,-2644.9999162880304,-2610.0626574247367
-127.05000294099952,46.966667605999774,-7.009514808654785,4.956960847770613,121.68685606959734,212.49705456402833,229.0669491973815,3279.2481657674275,11568.583208910726,-2623.5003392319613,-2593.984716483057
