long,lat,FA,age,q_ihfc,q_ps,q_stein,ps_z,stein_z,bathy
-129.9666696659997,44.050000880999846,-29.585655212402344,2.0954560898952352,39.312845014439944,326.82959565569337,352.3148051998308,3006.649159687615,4202.691722007845,-3263.99971206403
-129.9666696659997,44.16666754999984,3.1491007804870605,1.6990091279468866,38.40669612900303,362.96337363709415,391.26618879503724,2956.2111552488536,3653.6206861490964,-2765.5458577552276
-129.9666696659997,44.28333421899984,-27.107563018798828,1.3938560389481984,40.29186386489495,400.72985427364074,431.977588391068,2913.215881557273,3309.134649919012,-3027.5809544508625
-129.9666696659997,44.40000088799984,-2.1012868881225586,1.2266614027469553,46.3951210508712,427.1676040604269,460.47687606226754,2887.6416152021116,3149.214841901032,-2309.9925023367136
-129.9666696659997,44.51666755699984,9.750396728515623,0.6961843695000637,80.11132569826285,567.020192076222,611.2347571061371,2792.031822347767,2776.9055268627135,-2681.019182653297
-129.9666696659997,44.63333422599983,-4.513768196105957,0.6042859590755629,66.56360403300519,608.610453221931,656.0681043566015,2772.0754123156967,2733.2839549225937,-2848.48480624153
-129.9666696659997,44.75000089499983,-10.102933883666992,0.5686883543557422,81.18136711344313,627.3696303231752,676.2900668532186,2763.939999637377,2718.0433521986424,-2757.51333201485
-129.9666696659997,44.86666756399983,-6.682040214538574,0.726130621476684,92.10350319966493,555.2048907750648,598.4981333987791,2798.246544206121,2792.451972997832,-2715.0019370556033
-129.9666696659997,44.98333423299982,-6.201231002807617,0.9263141694709919,102.20738433235233,491.56562509568886,529.8964651627435,2836.8582576695967,2913.1911483053977,-2763.4961846882975
-129.9666696659997,45.10000090199982,-2.550823211669922,1.126497717465312,112.31126546504034,445.7542585521082,480.51286314420787,2871.478088707128,3063.1839442209134,-2594.9921553287563
-129.9666696659997,45.21666757099982,-0.0335992276668548,1.3266812654596323,122.41514659772837,410.74980015048175,442.77886014441015,2903.1357773986388,3242.4303607443735,-2494.482786033992
-129.9666696659997,45.33333423999981,5.402774810791016,1.5268648134539402,132.51902773041576,382.87795841151933,412.7336542531793,2932.48229980903,3450.9303978757634,-2410.496421697094
-129.9666696659997,45.45000090899981,4.748456954956055,1.7270483614482723,142.62290886310436,360.00489794029863,388.0770198744142,2959.960242061652,3688.684055615124,-2382.0160502223466
-129.9666696659997,45.56666757799981,3.1678214073181152,1.9272319094425927,152.7267899957924,340.7953576402224,367.3695761827805,2985.8867243573523,3955.6913339624157,-2430.997303359959
-129.9666696659997,45.683334246999806,3.723914384841919,1.8776910726265141,153.66657139846689,345.26184601680166,372.18434817172727,2979.6010387778033,3886.8891739407777,-2405.0025735523727
-129.9666696659997,45.8000009159998,12.739927291870115,1.6840210344566613,149.3172642877549,364.5750156239517,393.00350187867167,2954.1944261227136,3635.1132982397567,-2127.9853289298994
-129.9666696659997,45.9166675849998,25.099245071411133,1.4903509962868082,144.96795717704293,387.53985984302204,417.75907703169344,2927.279764375911,3410.7183236285746,-1592.4922754729325
-129.85000299699968,44.050000880999846,-28.688268661499023,2.2930712737375263,44.73355709696476,312.429390867887,336.7917148429881,3030.0011613504703,4519.234191250688,-3245.700008688029
-129.85000299699968,44.16666754999984,17.969100952148438,1.8966243117891777,43.82740821152785,343.53421844250926,370.3220052860607,2982.0129440110236,3912.9720797254668,-2114.401181056586
-129.85000299699968,44.28333421899984,-28.7110595703125,1.5001773498408295,42.921259326090954,386.2685567940862,416.3886415142575,2928.6860452073306,3421.4442095560407,-3475.639012538205
-129.85000299699968,44.40000088799984,15.674046516418455,1.1037303878924793,42.01511044065405,450.3282159260262,485.44348424647154,2867.70500746771,3044.6505807424082,-2346.9215357729936
-129.85000299699968,44.51666755699984,-1.4015188217163086,0.8175215442699775,43.46840178723908,523.2521912396909,564.0538564359506,2816.4591429759494,2843.9446385011324,-2834.506353198999
-129.85000299699968,44.63333422599983,-13.899537086486816,0.7792828088374609,56.667594841267544,535.9362228512773,577.7269514854343,2808.9694873002654,2821.6578190946047,-2885.5944692646776
-129.85000299699968,44.75000089499983,-9.323467254638672,0.7436852041176403,71.28535792170547,548.61299233123,591.3922181236419,2801.8301467786328,2801.869704230576,-2733.7042427675333
-129.85000299699968,44.86666756399983,-4.053483486175537,0.7080875993978174,85.9031210021443,562.234076946223,606.0754348106559,2794.5177939042605,2783.0066376736518,-2697.39985529598
-129.85000299699968,44.98333423299982,-6.259477615356445,0.897549529232992,96.21226077447307,499.3803475229595,538.3205566350318,2831.5868171852458,2894.0422324606234,-2640.5987792638316
-129.85000299699968,45.10000090199982,-4.000527858734131,1.0977330772273122,106.31614190716108,451.5566928240553,486.7677541558513,2866.704652220756,3039.831536726215,-2399.5094204790657
-129.85000299699968,45.21666757099982,-8.73755168914795,1.2979166252216325,116.4200230398491,415.27640980164114,447.6584414879063,2898.741503470168,3214.87446159975,-2713.6029503036666
-129.85000299699968,45.33333423999981,-1.5383338928222656,1.4981001732159402,126.52390417253648,386.53625254036393,416.67721138662,2928.3891586150994,3419.171007081215,-2550.686082289013
-129.85000299699968,45.45000090899981,-0.0194444358348846,1.698283721210273,136.62778530522513,363.04088364409506,391.34974280416174,2956.1137531891122,3652.7211731706516,-2547.200036288326
-129.85000299699968,45.56666757799981,5.727469444274902,1.8724517213354244,145.7769776301501,345.7445512396711,372.70469332658695,2978.931452155305,3879.7175387871775,-2450.2918750728363
-129.85000299699968,45.683334246999806,2.025423049926758,1.678781683165571,141.4276705194381,365.1434780306262,393.616291310024,2953.4873274831198,3628.682398002263,-2401.902959535617
-129.85000299699968,45.8000009159998,7.437213897705078,1.4851116449957182,137.0783634087261,388.22286229683033,418.4953380058005,2926.5280489158663,3405.028158307189,-2037.2875391538505
-129.85000299699968,45.9166675849998,15.329435348510742,1.2914416068258652,132.72905629801411,416.31616273268554,448.77927129103944,2897.7456433905572,3208.754819701955,-1893.681439889588
-129.73333632799967,44.050000880999846,-12.648426055908203,2.4906864575798178,50.15426917948959,299.77894665881837,323.15482624277513,3052.3668084285364,4864.284445939598,-2647.2019236169226
-129.73333632799967,44.16666754999984,0.3681023716926574,2.094239495631469,49.248120294052676,326.9245134724666,352.41712442847756,3006.5020614122463,4200.831258747904,-2621.487223042629
-129.73333632799967,44.28333421899984,-26.81733703613281,1.69779253368312,48.34197140861578,363.0933954365311,391.40634931155495,2956.0477884785564,3652.112312912004,-3147.598931088163
-129.73333632799967,44.40000088799984,19.329011917114254,1.3013455717347704,47.43582252317887,414.72893806427305,447.0682795164475,2899.2678706551646,3218.1276084318993,-2461.9856460821725
-129.73333632799967,44.51666755699984,4.154425621032715,1.027941379417191,47.61388406860199,466.63411314891346,503.020867323315,2854.8560538846787,2985.682170024113,-2537.4345997079017
-129.73333632799967,44.63333422599983,-13.304818153381348,0.9749234257384416,57.859499305172285,479.15431778744824,516.5173606547645,2845.58373754122,2946.9236254095563,-2987.8999267519907
-129.73333632799967,44.75000089499983,-8.59610652923584,0.9186820538795384,61.38934872996782,493.6032864961038,532.0930173994225,2835.467661034925,2908.0515013839195,-2725.1010062078894
-129.73333632799967,44.86666756399983,-8.08913516998291,0.8830844491597154,76.00711181040663,503.45370408090525,542.7115415436751,2828.904005785982,2884.6409226869173,-2643.5074803195403
-129.73333632799967,44.98333423299982,-7.410157203674316,0.8687848889949924,90.21713721659381,507.58003309818616,547.159629548059,2826.230208444722,2875.4973219213052,-2694.3057515832543
-129.73333632799967,45.10000090199982,-2.604438066482544,1.0689684369893124,100.32101834928181,457.59178373274955,493.27344368373554,2861.8682543843697,3017.0831345369716,-2633.5044767990353
-129.73333632799967,45.21666757099982,-3.94455623626709,1.2691519849836326,110.42489948196985,419.9560500946848,452.70298635215363,2894.298260407645,3187.922567760582,-2601.900267552257
-129.73333632799967,45.33333423999981,-8.780770301818848,1.4693355329779405,120.52878061465724,390.3014532518805,420.7360113632712,2924.256529460417,3388.0156215921224,-2714.3983409922484
-129.73333632799967,45.45000090899981,-6.760111808776856,1.669519080972273,130.63266174734588,366.15499705114627,394.70668560542276,2952.2345491214746,3617.362296031634,-2698.501283519943
-129.73333632799967,45.56666757799981,1.6291723251342771,1.6735423318744815,133.53807675112128,365.71460787624903,394.23195617935966,2952.7791245791086,3622.2715368501954,-2246.392588353382
-129.73333632799967,45.683334246999806,-4.700138092041016,1.479872293704628,129.18876964040928,388.90948870852054,419.2355055233546,2925.7750062871432,3399.358032071228,-2531.299778463618
-129.73333632799967,45.8000009159998,-10.676965713500977,1.2862022555347754,124.8394625296973,417.1632339529121,449.69239463088195,2896.9380005781886,3203.8254283821016,-2566.0915108501677
-129.73333632799967,45.9166675849998,-2.586660623550415,1.0911547882920487,109.68236051113085,452.91580650069,488.2328475151823,2865.604241722899,3034.575851784623,-2377.654280182156
-129.61666965899963,44.050000880999846,-7.910901069641113,2.6883016414221568,55.57498126201572,288.5503865060551,311.05069603094785,3073.86143891554,5237.842486074667,-3035.9970508799697
-129.61666965899963,44.16666754999984,-32.74772644042969,2.2918546794738086,54.66883237657881,312.512303929318,336.8810932208183,3029.8605460265385,4517.198223216488,-3129.7164595485615
-129.61666965899963,44.28333421899984,-21.064228057861328,1.89540771752546,53.762683491141914,343.6444519061965,370.4408344306721,2981.8583250260067,3911.288201714102,-2888.222303389393
-129.61666965899963,44.40000088799984,10.761656761169434,1.49896075557711,52.85653460570501,386.4252776405783,416.5575829909064,2928.5121848421536,3420.11242156751,-2503.7104665105926
-129.61666965899963,44.51666755699984,9.839794158935549,1.2448103501013117,53.20425387738101,424.042184985069,457.10774600997394,2890.498742491459,3165.586774817563,-2640.3979191042695
-129.61666965899963,44.63333422599983,-6.349218368530273,1.2004329868469124,74.60343653733335,431.8090085592114,465.48020361760183,2883.474954708579,3125.9793649072226,-2777.803724767421
-129.61666965899963,44.75000089499983,-8.924999237060547,1.132325307206957,72.25059682310973,444.60572648641306,479.2747719297959,2872.4377130915345,3067.9886194895853,-2757.702083311755
-129.61666965899963,44.86666756399983,-12.095911979675291,1.0619639907672331,68.19652392986325,459.09838343495215,494.89752359464677,2860.680729827622,3011.635143955488,-2699.214217629936
-129.61666965899963,44.98333423299982,-8.517860412597656,1.0224836942018376,80.72886569910362,467.8778262439401,504.3615615034724,2853.9127753270927,2981.5976102916525,-2729.9962731202118
-129.61666965899963,45.10000090199982,-6.294925689697266,1.0402037967513058,94.32589479140111,463.8755066189655,500.0471527786705,2856.966336090723,2994.9387376531786,-2712.001436319821
-129.61666965899963,45.21666757099982,-5.490874290466309,1.240387344745626,104.42977592408911,424.79754252497304,457.92200410674644,2889.804373668818,3161.574679226863,-2676.5974082563916
-129.61666965899963,45.33333423999981,-5.134280204772949,1.440570892739934,114.53365705677652,394.17887098741363,424.91577871705704,2920.083246941177,3357.4642414084788,-2642.50400367903
-129.61666965899963,45.45000090899981,-6.7024335861206055,1.6407544407342665,124.63753818946518,369.3506475777275,398.1515235507148,2948.3217806330044,3582.6074241980637,-2692.6014580156752
-129.61666965899963,45.56666757799981,-8.374359130859375,1.4746329424134899,121.29917587208949,389.5997712392764,419.97961425337394,2925.020629435387,3393.7079449206394,-2704.7995756480154
-129.61666965899963,45.683334246999806,-8.137147903442383,1.2809629042436368,116.94986876137747,418.0154968666614,450.6111144972216,2896.1287111152706,3198.916076147627,-2683.2952898087997
-129.61666965899963,45.8000009159998,-3.818450689315796,1.0853804488725785,97.59506097122906,454.118988488759,489.5298500920023,2864.6355783338904,3029.9885123601166,-2499.3052792475028
-129.61666965899963,45.9166675849998,-13.64630126953125,0.8895075184095989,75.96108303638648,501.6327094736472,540.7485511387243,2830.0979718283284,2888.796623237129,-2682.400287263964
-129.50000298999964,44.050000880999846,3.685204982757568,2.8859168252644016,60.99569334453923,278.4958666486264,300.2121543198122,3094.5795246179346,5639.908311655619,-2680.69582088154
-129.50000298999964,44.16666754999984,-37.232303619384766,2.4894698633160526,60.089544459102314,299.8521881157948,323.2337788529126,3052.2318881196707,4862.072973130978,-3380.26751696264
-129.50000298999964,44.28333421899984,-2.6117560863494877,2.0930229013677035,59.18339557366541,327.0195140353702,352.5195328555544,3006.3549204042,4198.971875962134,-2455.510447679296
-129.50000298999964,44.40000088799984,1.168243646621704,1.6965759394193536,58.27724668822851,363.22355706651797,391.546660562197,2955.8843631655627,3650.6050201490816,-2807.299230080217
-129.50000298999964,44.51666755699984,0.877265214920044,1.4616793207853267,58.794623686157294,391.32230914760214,421.83647059590794,2923.149756937426,3379.8248494361806,-2813.3959176805465
-129.50000298999964,44.63333422599983,-8.378052711486816,1.3976153252041432,69.96362141914155,400.19055258467824,431.3962335443333,2913.772736339053,3312.9649379946013,-2807.200287039965
-129.50000298999964,44.75000089499983,-6.128379821777344,1.360088505115081,90.69576723428446,405.67390623060794,437.30716296225137,2908.1799136123645,3275.1918707373543,-2693.1033703195185
-129.50000298999964,44.86666756399983,-7.555074691772461,1.2897271886753572,86.64169434103798,416.5927727623575,449.07745055636786,2897.4815475122477,3207.1396207410808,-2685.7126308782817
-129.50000298999964,44.98333423299982,-7.516819953918457,1.2193658722356417,82.58762144779197,428.44358153144907,461.8523504994606,2886.4871528898034,3142.70139258614,-2752.9004280000154
-129.50000298999964,45.10000090199982,-7.572392463684082,1.1618829392438723,85.45061958780632,438.91403831645397,473.13926267508987,2877.2673588549296,3092.7397670446826,-2711.702507999751
-129.50000298999964,45.21666757099982,-6.245412826538086,1.211622704507633,98.43465236621132,429.8104373325487,463.3257896913262,2885.258071040939,3135.8307959986128,-2723.898855360101
-129.50000298999964,45.33333423999981,-5.024229049682617,1.4118062525019413,108.53853349889872,398.1741929860835,429.2226441612589,2915.8680871760753,3327.516866530305,-2642.701004639879
-129.50000298999964,45.45000090899981,-4.9253997802734375,1.4693935911224483,113.40958210377563,390.29374245126485,420.72769929712734,2924.264911243553,3388.0778968555796,-2667.2994316800305
-129.50000298999964,45.56666757799981,-10.743717193603516,1.2754790399161864,107.14173936618621,418.9131523863863,451.5787665512956,2895.279878554086,3193.7990751619136,-2675.8016470398215
-129.50000298999964,45.683334246999806,-12.107461929321287,1.0796061094532068,85.50776143134367,455.3318105541108,490.8372444509472,2863.6643348034254,3025.4255133225715,-2714.500219279953
-129.50000298999964,45.8000009159998,12.883122444152832,0.9018644624787183,69.99433235308719,498.1842828607648,537.0312263722014,2832.3829066808985,2896.87622066894,-2011.1710440049744
-129.50000298999964,45.9166675849998,-3.261615037918091,0.8255974967340292,88.73555185322269,520.6866888391995,561.2883037121974,2818.018385238839,2848.7880977139257,-2673.801148159862
-129.38333632099963,44.050000880999846,2.395256757736206,3.0835320091066913,66.41640542706403,269.42409234773896,290.4329897700968,3114.5996022741715,6070.481922682726,-2301.009498174492
-129.38333632099963,44.16666754999984,-12.537353515625,2.6870850471583427,65.51025654162713,288.6157005941855,311.1211031193583,3073.731573365888,5235.455508491613,-2511.5348234990242
-129.38333632099963,44.28333421899984,8.52087688446045,2.2906380852099946,64.60410765619024,312.5952830366536,336.97054279461815,3029.7198933759464,4515.163335656296,-2431.9920768328248
-129.38333632099963,44.40000088799984,-2.0498206615448,1.8941911232616446,63.69795877075333,343.7547915533764,370.5597780386524,2981.703656410818,3909.605404176772,-2699.0141296617944
-129.38333632099963,44.51666755699984,-4.437877655029297,1.6785482914693943,64.38499349493493,365.16886261263267,393.64365530699234,2953.455803474827,3628.3963938801103,-2786.487083154054
-129.38333632099963,44.63333422599983,-3.143333196640014,1.5965798479366937,66.24992080496042,374.425430097763,403.6220226693484,2942.2454424550297,3530.4095319557077,-2768.0142884773536
-129.38333632099963,44.75000089499983,-9.171368598937988,1.5752400331498047,99.6205964645576,376.9530735574684,406.346764323586,2939.279983678805,3505.7041241437964,-2802.4998565920177
-129.38333632099963,44.86666756399983,-2.050766944885254,1.5174903865835367,105.08686475221715,384.05876827585996,414.00654019393556,2931.152609126378,3440.51363178131,-2689.502510879619
-129.38333632099963,44.98333423299982,1.481366753578186,1.4471290701438213,101.03279185897117,393.28467623600494,423.95185729182253,2921.0383724705125,3364.3766291641923,-2667.9891573456553
-129.38333632099963,45.10000090199982,-8.269964218139648,1.3767677537041014,96.97871896572494,403.2090917499815,434.6501495058861,2910.6751146937836,3291.8536483883945,-2763.5020159196492
-129.38333632099963,45.21666757099982,-9.041242599487305,1.3064064372643822,92.92464607247872,413.92485290951834,446.2014941688931,2900.043483342607,3222.944689453923,-2748.994174624884
-129.38333632099963,45.33333423999981,-3.266148328781128,1.3830416122639415,102.54340994101946,402.2935183707278,433.6631824103549,2911.609763613951,3298.1734969575796,-2680.988052353834
-129.38333632099963,45.45000090899981,-6.740702629089356,1.2697047004967652,95.05443982629262,419.86463455145866,452.6044424940328,2894.3841094806608,3188.434759659207,-2686.499295152018
-129.38333632099963,45.56666757799981,-13.115939140319824,1.1532994456855294,100.24624020187998,440.54433129902196,474.8966811041638,2875.8712307379715,3085.4863581677705,-2703.498422512198
-129.38333632099963,45.683334246999806,-11.844712257385254,1.07703247994084,118.98745970201549,455.875506398477,491.4233360963856,2863.230613787925,3023.3996214393433,-2682.995908704532
-129.38333632099963,45.8000009159998,-2.427204370498657,1.0007655141961507,137.728679202151,472.9274183031585,509.8049058833257,2850.1339393561107,2965.559039257564,-2702.9992735041305
-129.38333632099963,45.9166675849998,-5.546473503112793,0.9244985484514614,156.46989870228649,492.04808075741045,530.4165412964118,2836.527966423749,2911.9646116224335,-2686.9959075845336
-129.26666965199962,44.050000880999846,-7.768378257751465,3.2811471929489837,71.83711750958886,261.184741849925,281.5511589806094,3133.9878004632665,6529.563319155903,-2685.400378895619
-129.26666965199962,44.16666754999984,5.67926025390625,2.8847002310006356,70.93096862415196,278.5545869195578,300.2754534245734,3094.4541851964523,5637.34582929832,-2407.894207297042
-129.26666965199962,44.28333421899984,6.156523704528809,2.488253269052286,70.02481973871505,299.9254832816819,323.31278936002354,3052.096934839259,4859.862580796527,-2434.699531967886
-129.26666965199962,44.40000088799984,2.3148281574249268,2.091806307103936,69.11867085327816,327.1145974646998,352.62203061073717,3006.207736626212,4197.113573650529,-2479.3285377884154
-129.26666965199962,44.51666755699984,-5.291996002197266,1.8954172621534622,69.97536330371258,343.6435866712288,370.43990172722914,2981.8595382617214,3911.301408149304,-2783.5976571044584
-129.26666965199962,44.63333422599983,14.808097839355469,1.8134488186207616,71.84029061373806,351.3241526994577,378.7193756794921,2971.3252383238596,3800.337765481318,-2201.0906829451637
-129.26666965199962,44.75000089499983,-8.124022483825684,1.7724223715070835,94.98078134636467,355.36696027551363,383.0774294865869,2965.9632394402133,3746.64058800186,-2812.8996416160335
-129.26666965199962,44.86666756399983,-3.000141143798828,1.7452535844917163,123.53203516339634,358.1223202970712,386.0476443696757,2962.378161357384,3711.7571770761324,-2741.401000575942
-129.26666965199962,44.98333423299982,-0.6494722366333008,1.6748922680520009,119.47796227015037,365.5671981275234,394.0730518524653,2952.961701290926,3623.921399996837,-2640.9909704012075
-129.26666965199962,45.10000090199982,-6.298620223999023,1.604530951612281,115.42388937690413,373.4965627683858,402.62072500060606,2943.3452848204256,3539.6996447588613,-2779.102155583658
-129.26666965199962,45.21666757099982,-9.986771583557127,1.5341696351725616,111.3698164836579,381.965349935806,411.74988325563663,2933.515605611423,3459.0919113622112,-2804.304802511357
-129.26666965199962,45.33333423999981,-5.422812461853027,1.425015131141279,101.5167531464139,396.3245006217556,427.2287182326404,2917.8089917232596,3341.1938652532826,-2759.5996391040644
-129.26666965199962,45.45000090899981,-6.318815231323242,1.3481248606005125,149.9698902422947,407.4699633246794,439.2432713001639,2906.380727180267,3263.36583351574,-2742.7998502720525
-129.26666965199962,45.56666757799981,-6.456138610839844,1.2626426914391187,168.36864756152818,421.0371568586807,453.86839463836856,2893.285811721313,3181.907296679287,-2739.7956105926596
-129.26666965199962,45.683334246999806,-7.217313766479492,1.1771605222777248,186.7674048807616,436.05655007246986,470.05895591149846,2879.7396002249716,3105.7830167513457,-2707.0989209441586
-129.26666965199962,45.8000009159998,-9.959954261779783,1.0996665659135831,205.46302605121483,451.1595434086207,486.3396361983777,2867.027457180541,3041.382293008683,-2725.7000471680876
-129.26666965199962,45.9166675849998,-10.754799842834473,1.0233996001688936,224.2042455513503,467.66841243530433,504.1358182226424,2854.071251333244,2982.2815606934355,-2709.5986441441573
-129.1500029829996,44.050000880999846,1.4520820379257202,3.4787623767912743,77.25782959211368,253.65783228981383,273.4373231754182,3152.8004221482483,7017.152501075144,-2185.702171376161
-129.1500029829996,44.16666754999984,7.365849494934082,3.082315414842926,76.35168070667677,269.4772581376976,290.49030127181373,3114.4783465007195,6067.743935551087,-2417.2962716644756
-129.1500029829996,44.28333421899984,6.276589393615723,2.685868452894578,75.44553182123987,288.68105905441354,311.19155803987184,3073.6016784141984,5233.069611382825,-2489.728204171564
-129.1500029829996,44.40000088799984,17.61081314086914,2.289421490946228,74.53938293580296,312.6783282776138,337.06006365894797,3029.57920336897,4513.1295285703545,-2138.7588123102873
-129.1500029829996,44.51666755699984,-1.697243094444275,2.11228623283753,75.56573311249024,325.52494541263576,350.9084221722637,3008.679725881224,4228.539892243762,-2822.2911996652115
-129.1500029829996,44.63333422599983,12.921687126159668,2.030317789304829,77.43066042251571,332.0310119633832,357.9218126360162,2998.712270943719,4104.599468832192,-2334.688046817651
-129.1500029829996,44.75000089499983,-8.28115177154541,1.9696047098643625,90.34096622817174,337.10960128695643,363.3964154015185,2991.199121495941,4015.960090288756,-2819.899498832079
-129.1500029829996,44.86666756399983,-4.004435062408447,1.950047079452744,124.63775639178282,338.7958724709475,365.21417704733886,2988.754301498167,3987.9795184099944,-2848.1041570073558
-129.1500029829996,44.98333423299982,-3.720072507858277,1.9026554659601804,137.92313268132955,342.9893083433849,369.73460470185324,2982.778722170025,3921.335705084075,-2776.897565872323
-129.1500029829996,45.10000090199982,-8.559361457824707,1.8322941495204608,133.86905978808332,349.5127808799753,376.7667584189741,2973.7679108131497,3825.4151753839215,-2809.899430672046
-129.1500029829996,45.21666757099982,-6.525546073913574,1.7619328330807413,129.81498689483712,356.42321614347145,384.21604907706234,2964.582363044908,3733.1086675250936,-2727.111089966573
-129.1500029829996,45.33333423999981,-5.915492057800293,1.579643921607582,109.64422548991332,376.4272531803922,405.77994202174386,2939.8936012229874,3510.7753454612,-2765.39927843213
-129.1500029829996,45.45000090899981,-5.981330871582031,1.4623839066984778,122.52737957408951,391.2280269949457,421.7348365985941,2923.2517319167914,3380.5768420583063,-2781.7975591043564
-129.1500029829996,45.56666757799981,-7.3633317947387695,1.3892069330893007,150.07147697898358,401.39983344225203,432.69981056254454,2912.526180143078,3304.412004574334,-2774.3011375838823
-129.1500029829996,45.683334246999806,-6.354745864868164,1.3160299594801228,177.61557438387766,412.4086549089543,444.5670675125757,2901.5142214620982,3232.1562218009776,-2739.4001521919445
-129.1500029829996,45.8000009159998,-10.19212818145752,1.2428529858709458,205.1596717887717,424.37596479598426,457.4675529877549,2890.191607763661,3163.809493738239,-2720.599350608104
-129.1500029829996,45.9166675849998,-9.715993881225586,1.1696760122617682,232.70376919366578,437.4494423504264,471.56046182802385,2878.53046310973,3099.3718203861163,-2724.3001431839807
-129.0333363139996,44.050000880999846,14.618427276611328,3.6763775606335676,82.67854167463851,246.7462753290095,265.98682335336855,3171.0858746670297,7533.249468440457,-2129.283425009693
-129.0333363139996,44.16666754999984,15.68674087524414,3.279930598685219,81.77239278920159,261.23317677698554,281.60337072066915,3133.8702535526804,6526.649827249927,-2409.9947283205283
-129.0333363139996,44.28333421899984,10.486214637756348,2.8834836367368695,80.8662439037647,278.61334434929796,300.33879258567794,3094.3288193418407,5634.7844274151885,-2441.691207072855
-129.0333363139996,44.40000088799984,3.8626086711883545,2.4870366747885195,79.96009501832779,299.9988322221542,323.3918578349034,3051.9619485631174,4857.653268936245,-2504.601904576071
-129.0333363139996,44.51666755699984,-13.349584579467772,2.329155203521598,81.15610292126787,309.99982209530594,334.1726954512032,3034.1549517053977,4580.111846163483,-2833.301139007798
-129.0333363139996,44.63333422599983,-3.9351439476013184,2.2471867599888973,83.02103023129337,315.6029654655813,340.21275544345957,3024.671686008155,4443.19464200833,-2824.299856928019
-129.0333363139996,44.75000089499983,-12.995952606201172,2.166787048221641,85.70115110997881,321.40493696807346,346.4671476002486,3015.200362390353,4313.662631004485,-2822.8995707840577
-129.0333363139996,44.86666756399983,-3.799204111099243,2.147229417810023,119.9979412735899,322.86534688302027,348.0414359802961,3012.8699676153087,4282.866873038701,-2802.5057996791434
-129.0333363139996,44.98333423299982,-6.093942642211914,2.1276717873984072,154.29473143719682,324.3458470110646,349.6373811491044,3010.528935474087,4252.350340735264,-2817.2979943682967
-129.0333363139996,45.10000090199982,-6.514573097229004,2.06005734742864,152.3142301992625,329.6256534992464,355.32889140124263,3002.3514955287865,4149.000240263575,-2830.6996441920337
-129.0333363139996,45.21666757099982,-3.359922170639038,1.9541746196892258,142.9502475648268,338.4378868610602,364.8282767736541,2989.2712855992368,3993.8614321466985,-2800.3984213442423
-129.0333363139996,45.33333423999981,-5.462383270263672,1.8028023721914004,124.546453917983,352.35999775686406,379.83599288450733,2969.9396669716725,3786.2851835103133,-2766.8934752649593
-129.0333363139996,45.45000090899981,-7.293041229248047,1.6939974495860943,104.41560067255604,363.4998892784971,391.844540346427,2955.5378003791743,3647.41398610953,-2815.799638768064
-129.0333363139996,45.56666757799981,-8.624028205871582,1.6136958921072062,122.42605401532622,372.434420900879,401.4757604376677,2944.609656646291,3550.4652677543404,-2796.699965471856
-129.0333363139996,45.683334246999806,-8.93272876739502,1.5405189184980288,149.9701514202203,381.1773978222365,410.90048895631656,2934.4117488236343,3466.2174664613726,-2776.000057520044
-129.0333363139996,45.8000009159998,-8.986175537109375,1.4673419448888514,177.51424882511435,390.566502656716,421.02172854027776,2923.9686170565983,3385.878719879022,-2764.300792127876
-129.0333363139996,45.9166675849998,-7.934155464172363,1.394164971279674,205.0583462300084,400.6854530479644,431.9297248885495,2913.261671319468,3309.449028007288,-2741.79952820797
-128.9166696449996,44.050000880999846,17.88581657409668,3.873992744475858,88.09925375716332,240.37055015880344,259.1139379072317,3188.886138050616,8077.8542212518305,-2106.823092476273
-128.9166696449996,44.16666754999984,2.627884864807129,3.477545782527509,87.19310487172642,253.70219858971134,273.48514902874854,3152.6862633452765,7014.063504394826,-2707.4872668017024
-128.9166696449996,44.28333421899984,-11.082892417907717,3.0810988205791614,86.28695598628951,269.53045541389645,290.5476467149752,3114.3570667949925,6065.0070288936195,-2825.7001504800182
-128.9166696449996,44.40000088799984,-20.934181213378903,2.684651858630811,85.3808071008526,288.74646193700613,311.2620608466752,3073.471754040488,5230.684794748202,-2830.7997895200597
-128.9166696449996,44.51666755699984,-12.009129524230955,2.5460241742056655,86.74647273004553,296.5032086634845,319.62365584372856,3058.4693020571444,4966.017269908469,-2831.4000707199825
-128.9166696449996,44.63333422599983,-10.117177963256836,2.464055730672965,88.611400040071,301.3945506850689,324.8964103139685,3049.405885486712,4816.123285009732,-2835.1902066413013
-128.9166696449996,44.75000089499983,-11.855409622192385,2.3820872871402594,90.4763273500966,306.53623809420293,330.43903136795603,3040.190422605475,4671.134042897663,-2847.4000718399784
-128.9166696449996,44.86666756399983,-11.360872268676758,2.344411756167302,115.35812615539697,308.98949440181445,333.0835853790069,3035.901520925715,4606.137266096241,-2838.5002840799825
-128.9166696449996,44.98333423299982,-9.581697463989258,2.324854125755686,149.6549163190039,310.2864459347548,334.48166937370996,3033.6615316893954,4572.805547705781,-2834.4997840800424
-128.9166696449996,45.10000090199982,-8.326332092285156,2.2878205453368197,170.7594006104417,312.7877104264257,337.17797510565674,3029.3940090365213,4510.454839397821,-2813.6996364800916
-128.9166696449996,45.21666757099982,-4.583536148071289,2.1645986130114996,155.17184472001026,321.56736805033,346.64224458003343,3014.940122823915,4310.202811739728,-2786.4001377600102
-128.9166696449996,45.33333423999981,-5.879003524780273,2.055793690406207,135.04099147458572,329.9672935184212,355.69717150317933,3001.8313731471562,4142.5950095926,-2779.1001429599805
-128.9166696449996,45.45000090899981,-4.933279991149902,1.9469887678009008,114.91013822915878,339.0618567461771,365.5009019931802,2988.3708878051702,3983.6293206091477,-2789.998570400195
-128.9166696449996,45.56666757799981,-5.931483268737793,1.8381848511251113,94.78063105166889,348.9523019842976,376.16257502929926,2974.5288655738723,3833.3070946206344,-2782.7999486401986
-128.9166696449996,45.683334246999806,-8.236231803894043,1.765007877515934,122.32472845656295,356.1125957107365,383.8812073775812,2964.987596604148,3737.067274808055,-2764.800209599988
-128.9166696449996,45.8000009159998,-6.043553352355957,1.691830903906757,149.868825861457,363.73256239757444,392.0953566302415,2955.2464011154593,3644.7365097060933,-2785.3992528002063
-128.9166696449996,45.9166675849998,-7.975963592529297,1.6186539302975795,177.41292326635107,371.86358848345776,400.86041618910895,2945.292158544762,3556.3147993147477,-2759.000107200094
-128.80000297599958,44.050000880999846,15.355279922485352,4.07160792831815,93.51996583968814,234.46481706724282,252.74769313817686,3206.237899874379,8650.966759509272,-2310.5295248435245
-128.80000297599958,44.16666754999984,-5.299177169799805,3.675160966369801,92.61381695425123,246.78711235178608,266.03084472693973,3170.9748269348866,7529.984966985797,-2702.002438495443
-128.80000297599958,44.28333421899984,-15.950241088867188,3.278714004421452,91.70766806881434,261.28163865982344,281.6556115184383,3133.752684839779,6523.737415818114,-2826.5003519839247
-128.80000297599958,44.40000088799984,-20.60544776916504,2.882267042473102,90.80151918337744,278.6721389770545,300.40217184539057,3094.2034270373697,5632.224106006224,-2829.499927424001
-128.80000297599958,44.51666755699984,-10.326534271240234,2.762893144889733,92.33684253882318,284.6286510568347,306.8231551986515,3081.768347582603,5386.256163478718,-2811.005428223231
-128.80000297599958,44.63333422599983,-21.622577667236328,2.6809247013570325,94.20176984884866,288.94710720074374,311.47835183729416,3073.0735344754953,5223.385397836397,-2851.0000713919794
-128.80000297599958,44.75000089499983,-11.345027923583984,2.5989562578243266,96.06669715887423,293.4682848936786,316.35207765445733,3064.2447532618094,5065.419374980743,-2810.5122414857024
-128.80000297599958,44.86666756399983,-6.205068588256836,2.541594094524581,110.71831103720406,296.76150343973916,319.9020916861061,3057.983222489047,4957.790697582612,-2813.502428415656
-128.80000297599958,44.98333423299982,-4.736845970153809,2.522036464112966,145.015101200811,297.9099291924313,321.14006829754015,3055.8322290528304,4921.643793105132,-2724.982839027096
-128.80000297599958,45.10000090199982,-8.75272274017334,2.4968346647182846,174.3498524692138,299.40963124128706,322.7567126964061,3053.0481411486617,4875.476920172687,-2819.50014284798
-128.80000297599958,45.21666757099982,-5.599267959594727,2.417589931226306,165.66638227661295,304.2771500381154,328.00378627696915,3044.201035073641,4733.330492581887,-2827.9998626879924
-128.80000297599958,45.33333423999981,-2.941872358322144,2.308785008621013,145.53552903118845,311.3643686539524,335.64364533268844,3031.8140309883465,4545.628198852093,-2786.4983539202485
-128.80000297599958,45.45000090899981,-1.9266456365585327,2.1999800860157066,125.4046757857615,318.97106184636135,343.84348606290706,3019.131544540422,4366.568018285971,-2775.499781840045
-128.80000297599958,45.56666757799981,-4.739668846130371,2.0911751634104077,105.27382254033574,327.16395744740646,352.67523953955856,3006.131363894567,4196.149950883559,-2764.9997901760153
-128.80000297599958,45.683334246999806,-1.5340508222579956,1.9894968365338395,94.6793054929056,335.42006017642035,361.5751288499092,2993.673335795438,4044.7056468410265,-2758.999428608081
-128.80000297599958,45.8000009159998,-7.4431657791137695,1.916319862924662,122.22340289779969,341.7642710136702,368.41404256819743,2984.5092189094767,3940.3828632194522,-2770.995394496963
-128.80000297599958,45.9166675849998,-5.480074882507324,1.8431428893154846,149.76750030269372,348.4826466150489,375.6562973172214,2975.1683953517395,3839.969134308495,-2769.507277214594
-128.68333630699956,44.050000880999846,7.2752580642700195,4.269223112160441,98.94067792221297,228.97403270889328,246.82875358276362,3223.1734447832373,9252.587083212782,-2635.5311893550997
-128.68333630699956,44.16666754999984,-1.2698321342468262,3.8727761502120925,98.03452903677606,240.40830220778585,259.1546337498357,3188.7779601591365,8074.414215022833,-2723.6090509424007
-128.68333630699956,44.28333421899984,-9.646685600280762,3.4763291882637435,97.12838015133914,253.74658817756364,273.53299998595975,3152.572084571742,7010.975588188677,-2829.2995717920626
-128.68333630699956,44.40000088799984,-12.18570613861084,3.079882226315394,96.22223126590224,269.5836842074263,290.6050261330964,3114.2357631428144,6062.271202710315,-2823.009768558491
-128.68333630699956,44.51666755699984,-9.27532958984375,2.979762115573801,97.92721234760083,274.07527708425675,295.4468601973056,3104.169561594914,5840.828526874232,-2796.991226401349
-128.68333630699956,44.63333422599983,-14.449827194213867,2.897793672041101,99.79213965762631,277.92456150303883,299.59630048113667,3095.8017495988365,5664.980980488328,-2848.699500288083
-128.68333630699956,44.75000089499983,-8.636387825012207,2.815825228508395,101.65706696765191,281.9407243197981,303.9256318490583,3087.314728652601,5494.038176889089,-2833.414201533924
-128.68333630699956,44.86666756399983,6.107273101806641,2.73877643288186,106.07849591901113,285.87907480764426,308.17108331177076,3079.2237158715343,5337.827167497815,-2753.1991910882807
-128.68333630699956,44.98333423299982,5.505302429199219,2.7192188024702437,140.37528608261803,286.9053070341561,309.27733810564257,3077.151889282713,5298.865076933313,-2622.8024446715317
-128.68333630699956,45.10000090199982,-11.992112159729004,2.6808472199070135,158.13189776663407,288.9512827238614,311.48285295541,3073.065253211717,5223.233763016355,-2827.89964553604
-128.68333630699956,45.21666757099982,-7.600493431091309,2.6209022544451797,156.92239320479356,292.23703086129564,315.0248140579638,3066.622031136749,5107.231948984876,-2843.6994349280585
-128.68333630699956,45.33333423999981,-0.5921834111213684,2.560957288983349,155.71288864295312,295.6374796777348,318.6904198607439,3060.104693696152,4993.853316138884,-2793.1992184481005
-128.68333630699956,45.45000090899981,-2.7879350185394287,2.452971404230513,135.89921334236422,302.07474412067,325.6296432308995,3048.1687669123785,4796.230079140005,-2785.099361744081
-128.68333630699956,45.56666757799981,-2.6572036743164062,2.344166481625214,115.76836009693851,309.00565905458257,333.1010105038023,3035.8734869342657,4605.7175201549235,-2791.600075983975
-128.68333630699956,45.683334246999806,-5.258827209472656,2.2353615590199145,95.63750685151275,316.4366439753965,341.1114417487667,3023.2893950577823,4423.847074333539,-2781.900142735979
-128.68333630699956,45.8000009159998,-4.413478851318359,2.1408088219425676,94.57797993414233,323.34914438967985,348.5629585920197,3012.1026075777827,4272.8177804191,-2768.0
-128.68333630699956,45.9166675849998,-5.306739807128906,2.06763184833339,122.1220773390364,329.02132912680344,354.67744359362405,3003.274181158581,4160.412032988532,-2764.498793040161
-128.56666963799955,44.050000880999846,11.912619590759276,4.466838296002733,104.36139000473777,223.85177558738388,241.3070779330187,3239.72136055432,9882.715192362357,-2504.698273536233
-128.56666963799955,44.16666754999984,8.263629913330078,4.070391334054384,103.45524111930087,234.49985389993012,252.7854620399138,3206.1323802387637,8647.351248505936,-2548.4939675210017
-128.56666963799955,44.28333421899984,-1.1670100688934326,3.6739443721060354,102.54909223386397,246.82796965711347,266.0748879646353,3170.8637608210697,7526.721546005308,-2813.4982103202406
-128.56666963799955,44.40000088799984,-8.448530197143555,3.2785995297905792,101.65265484635276,261.28620003698904,281.66052857836473,3133.741621166975,6523.4634300111975,-2839.9990737601483
-128.56666963799955,44.51666755699984,-7.484865188598633,3.196631086257869,103.51758215637847,264.6149638662427,285.24885960972955,3125.769372905537,6329.73436009501,-2836.899001632152
-128.56666963799955,44.63333422599983,-8.66955280303955,3.1146626427251682,105.38250946640396,268.0742823274314,288.9779255388194,3117.6942396799836,6140.910032965521,-2836.0078473587214
-128.56666963799955,44.75000089499983,-2.49397349357605,3.0326941991924627,107.24743677642955,271.67291876466595,292.85717304951595,3109.5121322837444,5956.990448622699,-2847.397858912342
-128.56666963799955,44.86666756399983,4.0731306076049805,2.950725755659752,109.11236408645526,275.42048279269886,296.8969610860353,3101.2186832329144,5777.975607066543,-2665.39033443367
-128.56666963799955,44.98333423299982,-0.2581430673599243,2.9164011408275226,135.73547096442513,277.0365238772078,298.63901629600315,3097.711585759697,5704.469399190328,-2815.6941524168897
-128.56666963799955,45.10000090199982,-8.945996284484863,2.864859775095742,141.91394306405437,279.5174812289045,301.31343139699334,3092.4063828565895,5595.708858800994,-2836.2997096640647
-128.56666963799955,45.21666757099982,-6.667681694030762,2.804914809633908,140.7044385022138,282.4885316696192,304.516155603041,3086.175796310419,5471.654687595822,-2839.7986233442884
-128.56666963799955,45.33333423999981,-5.193661689758301,2.7449698441720773,139.49493394037336,285.55638154679525,307.8232273805867,3079.8782681831417,5350.223697576139,-2805.0
-128.56666963799955,45.45000090899981,-3.140823602676392,2.68502487871024,138.2854293785328,288.72640402801767,311.2404388810028,3073.5115932934614,5231.415888741923,-2794.1996392160668
-128.56666963799955,45.56666757799981,-4.2403564453125,2.59715779984002,126.26289765354122,293.5698765339327,316.46159111168953,3064.0494929351526,5062.008452603497,-2787.899001632152
-128.56666963799955,45.683334246999806,-2.6718344688415527,2.4883528772347203,106.13204440811548,299.919480248208,323.3063182276748,3052.1079853264696,4860.043515199444,-2769.600285247957
-128.56666963799955,45.8000009159998,-4.861985206604004,2.379547954629421,86.00119116268975,306.69975442045006,330.61529821586237,3039.9024212226723,4666.720690959088,-2769.0
-128.56666963799955,45.9166675849998,-4.667392730712891,2.292120807351296,94.47665437537903,312.4941612009593,336.861535775922,3029.8913085723652,4517.643495354856,-2764.300142623978
-128.45000296899954,44.050000880999846,9.26817798614502,4.664453479845023,109.78210208726261,219.058583945598,236.14012732019756,3255.9071049282547,10541.351086957997,-2637.874766067954
-128.45000296899954,44.16666754999984,5.614226341247559,4.268006517896675,108.8759532018257,229.00666488095473,246.86393031551944,3223.070396602117,9248.796067435102,-2653.390774385365
-128.45000296899954,44.28333421899984,-0.8411543369293213,3.871559555948326,107.9698043163888,240.44607205010902,259.19534877325276,3188.6697652748157,8070.975289268002,-2825.3079830867546
-128.45000296899954,44.40000088799984,-3.917846918106079,3.4954685004746473,107.2430246551304,253.05094446317855,272.7831120229974,3154.3660224279256,7059.679513800825,-2835.1994299520898
-128.45000296899954,44.51666755699984,4.525507926940918,3.413500056941937,109.1079519651561,256.07117941755143,276.03885600625824,3146.6480936145927,6852.9736631410515,-2602.505563599335
-128.45000296899954,44.63333422599983,6.567592620849609,3.3315316134092363,110.97287927518161,259.2022037599531,279.41402840781535,3138.8369296171218,6651.17255526798,-2532.0967901765566
-128.45000296899954,44.75000089499983,-11.118962287902832,3.249563169876531,112.8378065852072,262.45096082938426,282.9161139878006,3130.9290675740617,6454.276190181573,-2860.0
-128.45000296899954,44.86666756399983,-10.301239967346191,3.16759472634382,114.7027338952329,265.8250188561961,286.5532711248838,3122.920824806105,6262.28456788183,-2844.792484689314
-128.45000296899954,44.98333423299982,-12.27077579498291,3.1088172957463045,126.90549292331512,268.32618701624216,289.2494730135493,3117.1143481794297,6127.631917090948,-2828.3988599041795
-128.45000296899954,45.10000090199982,-10.848078727722168,3.048872330284471,125.69598836147462,270.9511755082934,292.07915037913,3111.135713618381,5992.902207526606,-2837.399852064042
-128.45000296899954,45.21666757099982,-3.0723445415496826,2.988927364822637,124.48648379963407,273.65474213073685,294.99353316634364,3105.0980104006067,5860.795679147741,-2820.300848527887
-128.45000296899954,45.33333423999981,-5.703444480895996,2.928982399360806,123.27697923779363,276.44088713095914,297.99693355008947,3098.999452355091,5731.312331954366,-2810.300787647864
-128.45000296899954,45.45000090899981,-3.432048320770264,2.869037433898969,122.06747467595304,279.3139017896923,301.09397743253567,3092.8381614341506,5604.452165946457,-2794.299857488022
-128.45000296899954,45.56666757799981,-4.742822647094727,2.809092468437135,120.8579701141125,282.2783962228829,304.2896344128962,3086.612160957774,5480.2151811240365,-2775.9995625600923
-128.45000296899954,45.683334246999806,-3.4984326362609863,2.7413441954495266,116.62658196471821,285.74515481940693,308.02672063716795,3079.495180258272,5342.963319242557,-2793.1014140958023
-128.45000296899954,45.8000009159998,-1.9918427467346191,2.632539272844227,96.49572871929247,291.5904053192019,314.3277665600378,3067.878561774802,5129.546003419533,-2756.401111343735
-128.45000296899954,45.9166675849998,-2.363677263259888,2.523734350238928,76.36487547386673,297.8097002918618,321.03202384242064,3056.019296341655,4924.770800760205,-2763.90187918365
-128.33333629999953,44.050000880999846,-0.7963749766349792,4.862068663687316,115.20281416978742,214.56066921818203,231.29147844610839,3271.7534653642288,11228.494766999707,-2814.0960257606594
-128.33333629999953,44.16666754999984,-0.5117077827453613,4.465621701738967,114.29666528435051,223.8822661056443,241.339946012116,3239.6206179272067,9878.74867181034,-2831.497592000418
-128.33333629999953,44.28333421899984,-1.4256845712661743,4.0691747397906175,113.39051639891362,234.53490644431346,252.82324787849853,3206.026844832653,8643.736817976765,-2829.3000764000094
-128.33333629999953,44.40000088799984,-7.664278030395508,3.712337471158715,112.83339446390806,245.54830154798228,264.6954351042403,3174.3599485563645,7630.229067415716,-2850.699572800069
-128.33333629999953,44.51666755699984,-9.121387481689451,3.630369027626004,114.69832177393376,248.30488991699943,267.66697411770684,3166.873455675202,7410.546436012355,-2857.3002852799395
-128.33333629999953,44.63333422599983,-5.91600227355957,3.5484005840933035,116.56324908395925,251.15645121693493,270.74089177160414,3159.301957794325,7195.7685473957,-2848.100142399977
-128.33333629999953,44.75000089499983,-13.077522277832031,3.4664321405605985,118.42817639398486,254.1085672962053,273.9232051704529,3151.642491876238,6985.895401565709,-2865.499785200041
-128.33333629999953,44.86666756399983,-4.69499397277832,3.384463697027887,120.29310370401055,257.1672903591385,277.2204384516543,3143.891918636906,6780.926998522381,-2802.2945993608405
-128.33333629999953,44.98333423299982,-9.324359893798828,3.3077992715687308,118.68406996714987,260.13038599187337,280.41458755721817,3136.5574685503025,6593.660647661578,-2855.2994992800886
-128.33333629999953,45.10000090199982,-5.922931671142578,3.237127449772413,111.74437388241017,262.95459224837754,283.4590171019422,3129.720662355239,6424.832856015568,-2837.8005811198723
-128.33333629999953,45.21666757099982,-2.8857169151306152,3.1729399200113657,108.26852909705434,265.60101758911867,286.3118028985546,3123.4461806775244,6274.654923640632,-2829.899857600023
-128.33333629999953,45.33333423999981,-4.214304924011231,3.1129949545495355,107.05902453521388,268.1460788542908,289.05532054744384,3117.5288510930627,6137.119219273565,-2818.8016335997468
-128.33333629999953,45.45000090899981,-5.642650604248047,3.0530499890876976,105.8495199733733,270.76573323621693,291.8792478646979,3111.5542687801653,6002.206696091963,-2805.199790960024
-128.33333629999953,45.56666757799981,-4.914121627807617,2.993105023625864,104.64001541153277,273.4636971568412,294.78759106790113,3105.520739028952,5869.917354095849,-2792.6995728000693
-128.33333629999953,45.683334246999806,-1.9475401639938357,2.93316005816403,103.43051084969225,276.2439515402965,297.78464150192895,3099.4264818350066,5740.251193285218,-2777.698641520231
-128.33333629999953,45.8000009159998,-4.417767524719238,2.8732150927021958,102.22100628785174,279.1107665192219,300.87500227179044,3093.26962576557,5613.208213660066,-2795.8979414403207
-128.33333629999953,45.9166675849998,-4.964883804321289,2.776725668453734,86.85941303046948,283.9188135458712,306.0579666486461,3083.2228513918008,5414.22498481519,-2804.497372400412
-128.21666963099952,44.050000880999846,4.427494049072266,5.059683847529606,120.62352625231225,210.3289087083493,226.72973771181856,3287.2809354495867,11944.14623248748,-2776.009577118497
-128.21666963099952,44.16666754999984,3.772194623947144,4.6632368855812585,119.71737736687534,219.08715723527624,236.17092867087302,3255.8085197215655,10537.209061631642,-2820.4992828321033
-128.21666963099952,44.28333421899984,2.866153717041016,4.26678992363291,118.81122848143843,229.03931100868937,246.89912209217076,3222.9673337330196,9245.006132131597,-2856.0022766076286
-128.21666963099952,44.40000088799984,-0.0135523378849029,3.9292064418427826,118.4237642726857,238.6757166653616,257.28694628828066,3193.7779105201757,8235.11209085587,-2862.4995731360696
-128.21666963099952,44.51666755699984,-13.61664581298828,3.847237998310072,120.2886915827114,241.2049033936844,260.01335155067846,3186.5032081447134,8002.452678708925,-2891.0008547198527
-128.21666963099952,44.63333422599983,-17.621652603149414,3.7652695547773716,122.15361889273689,243.81623612660934,262.82830832124466,3179.150587469545,7774.698009348686,-2852.499713808059
-128.21666963099952,44.75000089499983,-17.35173225402832,3.6833011112446656,124.0185462027625,246.51426010189425,265.7367162619942,3171.717489818057,7551.848082775109,-2868.499785200041
-128.21666963099952,44.86666756399983,-9.280845642089844,3.6017324659020025,126.63825287453457,249.29004367181386,268.72894726161076,3164.2380801135955,7334.954015915369,-2872.000999871827
-128.21666963099952,44.98333423299982,-8.029973983764648,3.5289432525306776,122.30139361307036,251.84789288065284,271.4862500203609,3157.491861877398,7145.505775047356,-2859.9999263680193
-128.21666963099952,45.10000090199982,-9.322394371032717,3.45827143073436,115.36169752833067,254.40820895240694,274.24621200073284,3150.8749882004677,6965.269070351219,-2840.5015031677303
-128.21666963099952,45.21666757099982,-7.4395751953125,3.387599608938043,108.42200144359093,257.04823250364296,277.09209681514403,3144.190152125062,6788.678355324171,-2830.999356096114
-128.21666963099952,45.33333423999981,-7.793059349060059,3.3169277871417293,101.48230535885165,259.7721870091196,280.0284572724791,3137.4352154728053,6615.733629966219,-2819.4934717132
-128.21666963099952,45.45000090899981,-5.283980369567871,3.2462559653454077,94.54260927411153,262.5846160401592,283.06019123837405,3130.6079255407535,6446.434894277336,-2811.499933584001
-128.21666963099952,45.56666757799981,-4.378054618835449,3.1771175788145927,88.42206070895304,265.4263379624276,286.1235022689051,3123.8564766072304,6284.337780008635,-2824.9987088322305
-128.21666963099952,45.683334246999806,-4.886967658996582,3.117172613352759,87.21255614711252,267.96633288728555,288.86155851918005,3117.943075967126,6146.619262024311,-2835.99963843207
-128.21666963099952,45.8000009159998,-6.533028602600098,3.057227647890924,86.003051585272,270.5806712005166,291.6797552363548,3111.9725376735773,6011.523925225465,-2834.999068720163
-128.21666963099952,45.9166675849998,-7.658310890197754,2.9972826824290904,84.79354702343147,273.2730517443993,294.5820796875381,3105.9431727460615,5879.051769612102,-2816.5003487519552
-128.1000029619995,44.050000880999846,-4.092682361602783,5.257299031371899,126.04423833483708,206.33804858423431,222.42768206601167,3302.508025718782,12688.305483421325,-2943.997426240404
-128.1000029619995,44.16666754999984,-6.106368064880371,4.860852069423549,125.13808944940018,214.5875181064626,231.32042093164256,3271.6569046567165,11224.177236899008,-2917.10127958379
-128.1000029619995,44.28333421899984,-3.353271245956421,4.464405107475201,124.23194056396328,223.9127690865045,241.37282752560995,3239.5198615762206,9874.783231732492,-2883.6019172636734
-128.1000029619995,44.40000088799984,-4.065761089324951,4.146075412526851,124.01413408146337,232.34967021271922,250.46761335982788,3212.6669895782597,8874.32858412129,-2865.600070943984
-128.1000029619995,44.51666755699984,-13.561012268066406,4.06410696899414,125.87906139148907,234.68108847957637,252.98082875844932,3205.587063162146,8628.692391230757,-2865.701778447702
-128.1000029619995,44.63333422599983,-20.85708999633789,3.9821385254614396,127.74398870151455,237.08412625146588,255.5712483402273,3198.435372363848,8387.960941126938,-2855.0994293441054
-128.1000029619995,44.75000089499983,-10.22259521484375,3.900170081928734,129.60891601154015,239.56252709508087,258.242907584163,3191.2096896284584,8152.134233809776,-2857.399860896011
-128.1000029619995,44.86666756399983,-6.654017448425293,3.820759055288937,132.85841334373012,242.03926945920801,260.9127790252637,3184.1366707558473,7928.342911878929,-2891.6005687039064
-128.1000029619995,44.98333423299982,-5.7350358963012695,3.750087233492624,125.91871725899082,244.30928564300132,263.35980438717775,3177.7799687972833,7733.051304463593,-2872.102701343556
-128.1000029619995,45.10000090199982,-10.404295921325684,3.6794154116963065,118.97902117425113,246.64439321811133,265.87699677544674,3171.363082044878,7541.40568671733,-2835.0
-128.1000029619995,45.21666757099982,-12.911789894104004,3.608743589899989,112.03932508951142,249.04776362271355,268.46777492765693,3164.8842679464965,7353.406058640155,-2828.8002843519535
-128.1000029619995,45.33333423999981,-9.508238792419434,3.5380717681036753,105.09962900477214,251.5227889286178,271.1357954193903,3158.3416982029166,7169.052420232078,-2808.29957347207
-128.1000029619995,45.45000090899981,-13.403971672058104,3.467399946307354,98.15993292003199,254.0731019765846,273.88497436963314,3151.7334527417256,6988.344771493069,-2820.199279328137
-128.1000029619995,45.56666757799981,-8.197488784790039,3.3967281245110366,91.2202368352923,256.7025988040971,276.7195116173999,3145.057513135536,6811.283112423156,-2819.697145568489
-128.1000029619995,45.683334246999806,-7.210604667663574,3.3260563027147194,84.28054075055257,259.4154636805753,279.6439177091199,3138.3117554005667,6637.867443022333,-2847.2996265120933
-128.1000029619995,45.8000009159998,-7.770066261291504,3.255384480918402,77.34084466581287,262.2161971160295,282.66304409132243,3131.493942102776,6468.097763290596,-2838.5987072642347
-128.1000029619995,45.9166675849998,-6.730405807495117,3.1847126591220842,70.40114858107316,265.10964726973947,285.782116968473,3124.6017136883756,6301.974073227946,-2853.0998578240233
