num,long,lat,hcc
9757,-143.5,62.5,38.7102
9758,-142.5,62.5,34.2381
9759,-141.5,62.5,33.2604
9760,-140.5,62.5,32.8369
9761,-139.5,62.5,32.9835
9762,-138.5,62.5,33.7774
9763,-137.5,62.5,34.8104
9764,-136.5,62.5,38.0466
9765,-135.5,62.5,38.9296
9766,-134.5,62.5,38.8963
9767,-133.5,62.5,38.4864
9768,-132.5,62.5,37.3479
9769,-131.5,62.5,36.2678
9770,-130.5,62.5,39.1597
9771,-129.5,62.5,41.7731
9772,-128.5,62.5,42.2798
9773,-127.5,62.5,41.6066
9774,-126.5,62.5,40.3703
9775,-125.5,62.5,39.5301
9776,-124.5,62.5,39.2157
9777,-123.5,62.5,38.764
9778,-122.5,62.5,36.8783
10117,-143.5,61.5,32.8727
10118,-142.5,61.5,31.47
10119,-141.5,61.5,31.1191
10120,-140.5,61.5,31.3129
10121,-139.5,61.5,32.1774
10122,-138.5,61.5,33.5612
10123,-137.5,61.5,34.8328
10124,-136.5,61.5,37.8115
10125,-135.5,61.5,36.6826
10126,-134.5,61.5,37.9706
10127,-133.5,61.5,37.1744
10128,-132.5,61.5,37.1715
10129,-131.5,61.5,38.6174
10130,-130.5,61.5,40.3312
10131,-129.5,61.5,41.2024
10132,-128.5,61.5,41.4086
10133,-127.5,61.5,41.1043
10134,-126.5,61.5,40.4014
10135,-125.5,61.5,39.7797
10136,-124.5,61.5,39.0902
10137,-123.5,61.5,36.258
10138,-122.5,61.5,33.1575
10477,-143.5,60.5,30.8656
10478,-142.5,60.5,30.704
10479,-141.5,60.5,30.5093
10480,-140.5,60.5,31.2457
10481,-139.5,60.5,31.9299
10482,-138.5,60.5,32.4228
10483,-137.5,60.5,34.432
10484,-136.5,60.5,37.5392
10485,-135.5,60.5,37.9248
10486,-134.5,60.5,37.039
10487,-133.5,60.5,35.0572
10488,-132.5,60.5,36.3618
10489,-131.5,60.5,38.3351
10490,-130.5,60.5,38.1901
10491,-129.5,60.5,35.9262
10492,-128.5,60.5,36.6243
10493,-127.5,60.5,38.3274
10494,-126.5,60.5,39.1015
10495,-125.5,60.5,39.5719
10496,-124.5,60.5,39.7603
10497,-123.5,60.5,37.5223
10498,-122.5,60.5,35.9468
10837,-143.5,59.5,13.237
10838,-142.5,59.5,14.5135
10839,-141.5,59.5,20.8596
10840,-140.5,59.5,24.5285
10841,-139.5,59.5,30.853
10842,-138.5,59.5,32.3211
10843,-137.5,59.5,33.2116
10844,-136.5,59.5,36.4788
10845,-135.5,59.5,37.3916
10846,-134.5,59.5,36.7509
10847,-133.5,59.5,36.6731
10848,-132.5,59.5,37.2684
10849,-131.5,59.5,37.5519
10850,-130.5,59.5,37.0904
10851,-129.5,59.5,35.9181
10852,-128.5,59.5,36.0108
10853,-127.5,59.5,35.9997
10854,-126.5,59.5,36.6147
10855,-125.5,59.5,38.1947
10856,-124.5,59.5,35.1847
10857,-123.5,59.5,35.6854
10858,-122.5,59.5,38.205
11197,-143.5,58.5,7.4431
11198,-142.5,58.5,8.1695
11199,-141.5,58.5,11.9608
11200,-140.5,58.5,13.1155
11201,-139.5,58.5,15.5699
11202,-138.5,58.5,29.4708
11203,-137.5,58.5,31.1208
11204,-136.5,58.5,32.0728
11205,-135.5,58.5,30.9315
11206,-134.5,58.5,31.5033
11207,-133.5,58.5,33.2579
11208,-132.5,58.5,34.5114
11209,-131.5,58.5,35.6862
11210,-130.5,58.5,35.867
11211,-129.5,58.5,36.3873
11212,-128.5,58.5,37.916
11213,-127.5,58.5,39.4439
11214,-126.5,58.5,40.7317
11215,-125.5,58.5,39.475
11216,-124.5,58.5,36.9957
11217,-123.5,58.5,34.3544
11218,-122.5,58.5,37.0394
11557,-143.5,57.5,7.0111
11558,-142.5,57.5,6.756
11559,-141.5,57.5,6.9078
11560,-140.5,57.5,6.3241
11561,-139.5,57.5,7.8407
11562,-138.5,57.5,16.3325
11563,-137.5,57.5,22.6099
11564,-136.5,57.5,25.3933
11565,-135.5,57.5,26.2821
11566,-134.5,57.5,27.4107
11567,-133.5,57.5,29.7464
11568,-132.5,57.5,32.1547
11569,-131.5,57.5,34.1575
11570,-130.5,57.5,35.7591
11571,-129.5,57.5,31.435
11572,-128.5,57.5,31.3737
11573,-127.5,57.5,38.8517
11574,-126.5,57.5,44.0413
11575,-125.5,57.5,44.013
11576,-124.5,57.5,40.7685
11577,-123.5,57.5,39.1648
11578,-122.5,57.5,38.126
11917,-143.5,56.5,7.5845
11918,-142.5,56.5,7.5646
11919,-141.5,56.5,7.2177
11920,-140.5,56.5,6.5979
11921,-139.5,56.5,6.9017
11922,-138.5,56.5,11.1959
11923,-137.5,56.5,15.2069
11924,-136.5,56.5,18.7128
11925,-135.5,56.5,22.5278
11926,-134.5,56.5,25.9026
11927,-133.5,56.5,29.1983
11928,-132.5,56.5,31.5206
11929,-131.5,56.5,32.1583
11930,-130.5,56.5,32.1187
11931,-129.5,56.5,31.178
11932,-128.5,56.5,27.8876
11933,-127.5,56.5,33.27
11934,-126.5,56.5,43.5228
11935,-125.5,56.5,44.2051
11936,-124.5,56.5,40.5338
11937,-123.5,56.5,39.6524
11938,-122.5,56.5,37.38
12277,-143.5,55.5,7.1408
12278,-142.5,55.5,7.2846
12279,-141.5,55.5,7.3046
12280,-140.5,55.5,7.023
12281,-139.5,55.5,7.6262
12282,-138.5,55.5,8.892
12283,-137.5,55.5,10.9079
12284,-136.5,55.5,12.5332
12285,-135.5,55.5,14.592
12286,-134.5,55.5,18.7484
12287,-133.5,55.5,24.7934
12288,-132.5,55.5,26.8395
12289,-131.5,55.5,27.7345
12290,-130.5,55.5,30.2463
12291,-129.5,55.5,31.5268
12292,-128.5,55.5,25.5217
12293,-127.5,55.5,27.3455
12294,-126.5,55.5,35.5253
12295,-125.5,55.5,38.4217
12296,-124.5,55.5,39.7232
12297,-123.5,55.5,39.8482
12298,-122.5,55.5,39.01
12637,-143.5,54.5,7.1409
12638,-142.5,54.5,7.2435
12639,-141.5,54.5,7.1826
12640,-140.5,54.5,7.1606
12641,-139.5,54.5,7.5182
12642,-138.5,54.5,8.554
12643,-137.5,54.5,9.6107
12644,-136.5,54.5,7.8705
12645,-135.5,54.5,5.7218
12646,-134.5,54.5,10.1044
12647,-133.5,54.5,21.2445
12648,-132.5,54.5,25.7007
12649,-131.5,54.5,25.5216
12650,-130.5,54.5,26.823
12651,-129.5,54.5,28.7001
12652,-128.5,54.5,31.4935
12653,-127.5,54.5,33.98
12654,-126.5,54.5,36.6206
12655,-125.5,54.5,39.3318
12656,-124.5,54.5,41.2426
12657,-123.5,54.5,40.8214
12658,-122.5,54.5,38.8224
12997,-143.5,53.5,6.9976
12998,-142.5,53.5,7.1359
12999,-141.5,53.5,7.0593
13000,-140.5,53.5,7.1032
13001,-139.5,53.5,7.1407
13002,-138.5,53.5,6.7133
13003,-137.5,53.5,6.8923
13004,-136.5,53.5,7.1038
13005,-135.5,53.5,7.6223
13006,-134.5,53.5,9.3749
13007,-133.5,53.5,13.4631
13008,-132.5,53.5,25.026
13009,-131.5,53.5,24.4807
13010,-130.5,53.5,27.9424
13011,-129.5,53.5,29.5753
13012,-128.5,53.5,31.0221
13013,-127.5,53.5,33.2637
13014,-126.5,53.5,35.0115
13015,-125.5,53.5,38.047
13016,-124.5,53.5,38.3172
13017,-123.5,53.5,37.1512
13018,-122.5,53.5,37.0081
13357,-143.5,52.5,6.8369
13358,-142.5,52.5,6.609
13359,-141.5,52.5,6.3976
13360,-140.5,52.5,6.3366
13361,-139.5,52.5,6.9564
13362,-138.5,52.5,6.8958
13363,-137.5,52.5,6.9896
13364,-136.5,52.5,7.0535
13365,-135.5,52.5,6.9199
13366,-134.5,52.5,7.3432
13367,-133.5,52.5,8.5747
13368,-132.5,52.5,15.8817
13369,-131.5,52.5,19.9483
13370,-130.5,52.5,20.1301
13371,-129.5,52.5,24.6923
13372,-128.5,52.5,27.866
13373,-127.5,52.5,29.0997
13374,-126.5,52.5,34.2147
13375,-125.5,52.5,36.8097
13376,-124.5,52.5,35.0473
13377,-123.5,52.5,32.8726
13378,-122.5,52.5,31.0955
13717,-143.5,51.5,6.6819
13718,-142.5,51.5,6.5494
13719,-141.5,51.5,6.5612
13720,-140.5,51.5,6.6724
13721,-139.5,51.5,6.8632
13722,-138.5,51.5,7.1569
13723,-137.5,51.5,7.0833
13724,-136.5,51.5,7.0449
13725,-135.5,51.5,6.698
13726,-134.5,51.5,6.7024
13727,-133.5,51.5,7.1649
13728,-132.5,51.5,8.6638
13729,-131.5,51.5,12.8676
13730,-130.5,51.5,14.2182
13731,-129.5,51.5,15.9606
13732,-128.5,51.5,21.2608
13733,-127.5,51.5,31.3212
13734,-126.5,51.5,35.9969
13735,-125.5,51.5,35.1423
13736,-124.5,51.5,33.8968
13737,-123.5,51.5,33.0164
13738,-122.5,51.5,32.6494
14077,-143.5,50.5,6.6851
14078,-142.5,50.5,6.6414
14079,-141.5,50.5,6.5797
14080,-140.5,50.5,6.5893
14081,-139.5,50.5,6.6022
14082,-138.5,50.5,6.776
14083,-137.5,50.5,6.799
14084,-136.5,50.5,6.6522
14085,-135.5,50.5,6.517
14086,-134.5,50.5,6.5286
14087,-133.5,50.5,6.713
14088,-132.5,50.5,7.3389
14089,-131.5,50.5,7.8282
14090,-130.5,50.5,8.8085
14091,-129.5,50.5,13.2176
14092,-128.5,50.5,19.9715
14093,-127.5,50.5,28.753
14094,-126.5,50.5,35.9889
14095,-125.5,50.5,37.0328
14096,-124.5,50.5,35.4063
14097,-123.5,50.5,33.9569
14098,-122.5,50.5,33.6925
14437,-143.5,49.5,6.7581
14438,-142.5,49.5,6.713
14439,-141.5,49.5,6.5856
14440,-140.5,49.5,6.5665
14441,-139.5,49.5,6.5995
14442,-138.5,49.5,6.6437
14443,-137.5,49.5,6.66
14444,-136.5,49.5,6.7636
14445,-135.5,49.5,6.7494
14446,-134.5,49.5,6.6582
14447,-133.5,49.5,6.6901
14448,-132.5,49.5,6.9326
14449,-131.5,49.5,7.6282
14450,-130.5,49.5,8.4351
14451,-129.5,49.5,9.7677
14452,-128.5,49.5,16.167
14453,-127.5,49.5,24.4301
14454,-126.5,49.5,33.3959
14455,-125.5,49.5,40.1734
14456,-124.5,49.5,37.7963
14457,-123.5,49.5,32.7444
14458,-122.5,49.5,32.4905
14797,-143.5,48.5,6.7763
14798,-142.5,48.5,6.7043
14799,-141.5,48.5,6.6197
14800,-140.5,48.5,6.6598
14801,-139.5,48.5,6.731
14802,-138.5,48.5,6.7048
14803,-137.5,48.5,6.5816
14804,-136.5,48.5,6.7401
14805,-135.5,48.5,6.7728
14806,-134.5,48.5,6.7161
14807,-133.5,48.5,6.7107
14808,-132.5,48.5,6.8437
14809,-131.5,48.5,7.3497
14810,-130.5,48.5,8.7534
14811,-129.5,48.5,10.657
14812,-128.5,48.5,14.4626
14813,-127.5,48.5,18.7953
14814,-126.5,48.5,23.2537
14815,-125.5,48.5,25.8398
14816,-124.5,48.5,31.0828
14817,-123.5,48.5,32.2843
14818,-122.5,48.5,35.152
15157,-143.5,47.5,6.6164
15158,-142.5,47.5,6.5633
15159,-141.5,47.5,6.5718
15160,-140.5,47.5,6.5838
15161,-139.5,47.5,6.6798
15162,-138.5,47.5,6.8013
15163,-137.5,47.5,6.771
15164,-136.5,47.5,6.7603
15165,-135.5,47.5,6.8258
15166,-134.5,47.5,6.7817
15167,-133.5,47.5,6.77
15168,-132.5,47.5,6.8532
15169,-131.5,47.5,7.4283
15170,-130.5,47.5,8.5605
15171,-129.5,47.5,9.8547
15172,-128.5,47.5,11.2656
15173,-127.5,47.5,12.1047
15174,-126.5,47.5,12.909
15175,-125.5,47.5,15.33
15176,-124.5,47.5,17.7818
15177,-123.5,47.5,30.8812
15178,-122.5,47.5,36.9216
15517,-143.5,46.5,6.5124
15518,-142.5,46.5,6.4711
15519,-141.5,46.5,6.5619
15520,-140.5,46.5,6.5708
15521,-139.5,46.5,6.7636
15522,-138.5,46.5,6.618
15523,-137.5,46.5,6.6091
15524,-136.5,46.5,6.6905
15525,-135.5,46.5,6.7699
15526,-134.5,46.5,6.7882
15527,-133.5,46.5,6.7619
15528,-132.5,46.5,6.8253
15529,-131.5,46.5,7.1825
15530,-130.5,46.5,7.7926
15531,-129.5,46.5,8.0057
15532,-128.5,46.5,7.4464
15533,-127.5,46.5,6.4545
15534,-126.5,46.5,5.9759
15535,-125.5,46.5,9.1391
15536,-124.5,46.5,16.5829
15537,-123.5,46.5,28.0401
15538,-122.5,46.5,39.0793
15877,-143.5,45.5,6.2893
15878,-142.5,45.5,6.5909
15879,-141.5,45.5,6.6374
15880,-140.5,45.5,6.6688
15881,-139.5,45.5,6.5754
15882,-138.5,45.5,6.4917
15883,-137.5,45.5,6.553
15884,-136.5,45.5,6.5697
15885,-135.5,45.5,6.5881
15886,-134.5,45.5,6.7293
15887,-133.5,45.5,6.6268
15888,-132.5,45.5,6.4415
15889,-131.5,45.5,6.4494
15890,-130.5,45.5,6.9134
15891,-129.5,45.5,6.9973
15892,-128.5,45.5,6.5795
15893,-127.5,45.5,6.7844
15894,-126.5,45.5,7.6395
15895,-125.5,45.5,11.5767
15896,-124.5,45.5,17.2587
15897,-123.5,45.5,25.8867
15898,-122.5,45.5,36.055
16237,-143.5,44.5,6.6503
16238,-142.5,44.5,6.8698
16239,-141.5,44.5,6.9215
16240,-140.5,44.5,6.7984
16241,-139.5,44.5,6.716
16242,-138.5,44.5,6.6007
16243,-137.5,44.5,6.4304
16244,-136.5,44.5,6.4187
16245,-135.5,44.5,6.4636
16246,-134.5,44.5,6.4565
16247,-133.5,44.5,6.3005
16248,-132.5,44.5,5.9119
16249,-131.5,44.5,6.1733
16250,-130.5,44.5,6.7419
16251,-129.5,44.5,6.8513
16252,-128.5,44.5,6.5767
16253,-127.5,44.5,6.4195
16254,-126.5,44.5,7.2499
16255,-125.5,44.5,11.2198
16256,-124.5,44.5,20.1894
16257,-123.5,44.5,30.0672
16258,-122.5,44.5,40.1811
