-133,38,0.100000001
-132,38,0.07
-131,38,0.090000004
-130,38,0.100000001
-129,38,0.159999996
-128,38,0.239999995
-127,38,0.319999993
-126,38,0.439999998
-125,38,0.649999976
-124,38,0.600000024
-123,38,0.850000024
-122,38,2
-121,38,2
-120,38,1.5
-119,38,0
-133,39,0.100000001
-132,39,0.090000004
-131,39,0.090000004
-130,39,0.109999999
-129,39,0.159999996
-128,39,0.25999999
-127,39,0.349999994
-126,39,0.550000012
-125,39,0.810000002
-124,39,0.389999986
-123,39,2
-122,39,0.5
-121,39,3
-120,39,0
-119,39,0
-133,40,0.109999999
-132,40,0.090000004
-131,40,0.100000001
-130,40,0.150000006
-129,40,0.280000001
-128,40,0.360000014
-127,40,0.49000001
-126,40,0.779999971
-125,40,0.550000012
-124,40,2
-123,40,0.100000001
-122,40,2
-121,40,0.5
-120,40,0
-119,40,0.200000003
-133,41,0.07
-132,41,0.090000004
-131,41,0.090000004
-130,41,0.140000001
-129,41,0.189999998
-128,41,0.310000002
-127,41,0.409999996
-126,41,0.449999988
-125,41,0.629999995
-124,41,3
-123,41,0.200000003
-122,41,0.5
-121,41,0.01
-120,41,0.100000001
-119,41,0.100000001
-133,42,0.100000001
-132,42,0.090000004
-131,42,0.119999997
-130,42,0.150000006
-129,42,0.159999996
-128,42,0.170000002
-127,42,0.180000007
-126,42,0.180000007
-125,42,0.629999995
-124,42,2
-123,42,0.01
-122,42,0
-121,42,0.01
-120,42,0.100000001
-119,42,0
-133,43,0.109999999
-132,43,0.129999995
-131,43,0.159999996
-130,43,0.180000007
-129,43,0.340000004
-128,43,0.230000004
-127,43,0.189999998
-126,43,0.419999987
-125,43,0.74000001
-124,43,1.5
-123,43,0
-122,43,0.01
-121,43,0
-120,43,0.01
-119,43,0.01
-133,44,0.310000002
-132,44,0.25
-131,44,0.219999999
-130,44,0.219999999
-129,44,0.330000013
-128,44,0.409999996
-127,44,0.370000005
-126,44,0.649999976
-125,44,1.299999952
-124,44,1.600000024
-123,44,1.700000048
-122,44,0
-121,44,0.100000001
-120,44,0.100000001
-119,44,0
-133,45,0.349999994
-132,45,0.270000011
-131,45,0.209999993
-130,45,0.109999999
-129,45,0.119999997
-128,45,0.239999995
-127,45,0.5
-126,45,0.810000002
-125,45,1.559999943
-124,45,2.00999999
-123,45,1.200000048
-122,45,0.100000001
-121,45,0
-120,45,0.01
-119,45,0
-133,46,0.200000003
-132,46,0.200000003
-131,46,0.159999996
-130,46,0.100000001
-129,46,0.129999995
-128,46,0.270000011
-127,46,0.639999986
-126,46,1.299999952
-125,46,1.289999962
-124,46,1.99000001
-123,46,1
-122,46,0.899999976
-121,46,0.01
-120,46,0
-119,46,0.100000001
-133,47,0.189999998
-132,47,0.159999996
-131,47,0.109999999
-130,47,0.109999999
-129,47,0.100000001
-128,47,0.300000012
-127,47,0.790000021
-126,47,1.539999962
-125,47,1.950000048
-124,47,2.109999895
-123,47,1
-122,47,1.200000048
-121,47,0.01
-120,47,0
-119,47,0.100000001
-133,48,0.180000007
-132,48,0.180000007
-131,48,0.119999997
-130,48,0.100000001
-129,48,0.090000004
-128,48,0.300000012
-127,48,0.939999998
-126,48,1.590000033
-125,48,2.150000095
-124,48,4
-123,48,0.200000003
-122,48,1.700000048
-121,48,0.100000001
-120,48,0.100000001
-119,48,0.01
-133,49,0.159999996
-132,49,0.079999998
-131,49,0.07
-130,49,0.129999995
-129,49,0.129999995
-128,49,0.620000005
-127,49,1.090000033
-126,49,1.879999995
-125,49,4.5
-124,49,1
-123,49,0.5
-122,49,1.200000048
-121,49,0.01
-120,49,0.300000012
-119,49,0.01
-133,50,0.180000007
-132,50,0.109999999
-131,50,0.07
-130,50,0.100000001
-129,50,0.550000012
-128,50,1.110000014
-127,50,1.25
-126,50,1.200000048
-125,50,0
-124,50,0.5
-123,50,0.699999988
-122,50,0.300000012
-121,50,0.200000003
-120,50,0.200000003
-119,50,0
-133,51,0.469999999
-132,51,0.569999993
-131,51,0.550000012
-130,51,0.680000007
-129,51,0.639999986
-128,51,0.300000012
-127,51,0.100000001
-126,51,0.100000001
-125,51,0.100000001
-124,51,0
-123,51,0
-122,51,0.100000001
-121,51,0.01
-120,51,0
-119,51,0
-133,52,0.720000029
-132,52,0.889999986
-131,52,1.539999962
-130,52,1.639999986
-129,52,2.799999952
-128,52,0.899999976
-127,52,0.100000001
-126,52,0
-125,52,0
-124,52,0.01
-123,52,0.200000003
-122,52,0.200000003
-121,52,0.01
-120,52,0
-119,52,0
-133,53,1.320000052
-132,53,1.779999971
-131,53,2
-130,53,2.5
-129,53,0.699999988
-128,53,0.100000001
-127,53,0
-126,53,0.01
-125,53,0
-124,53,0
-123,53,0.01
-122,53,0
-121,53,0
-120,53,0.01
-119,53,0
-133,54,1.75999999
-132,54,0.5
-131,54,2.5
-130,54,1
-129,54,0.100000001
-128,54,0.01
-127,54,0.01
-126,54,0.01
-125,54,0
-124,54,0
-123,54,0
-122,54,0.01
-121,54,0
-120,54,0
-119,54,0
