lon,lat,FA
-123.57927,48.27489,50.4
-123.62183,48.27982,46.9
-123.67386,48.28585,45.4
-123.7448,48.29408,44.7
-123.80155,48.30066,44.1
-123.83939,48.30504,42.7
-123.89614,48.31162,43.1
-123.93398,48.31601,39.7
-124.00019,48.32369,33.0
-124.03996,48.33302,33.6
-124.07062,48.34071,38.8
-124.13631,48.35719,41.4
-124.202,48.37366,39.9
-124.2677,48.39014,29.4
-124.33339,48.40661,20.0
-124.39908,48.42309,15.5
-124.46363,48.43925,16.6
-124.52335,48.45358,18.1
-124.58248,48.46757,13.9
-124.6462,48.46703,3.4
-124.70567,48.46652,-2.6
-124.77385,48.4654,-5.0
-124.80677,48.46486,-8.9
-124.82213,48.46461,-11.9
-124.84027,48.45525,-17.1
-124.87445,48.43527,-22.3
-124.90864,48.41529,-32.4
-124.94282,48.39532,-49.6
-124.98892,48.36935,-54.9
-125.00639,48.35892,-67.9
-125.04852,48.33224,-58.3
-125.08941,48.30631,-53.0
-125.13029,48.28037,-47.7
-125.17194,48.25182,-40.3
-125.21411,48.22152,-39.6
-125.25627,48.19122,-34.9
-125.29843,48.16092,-21.2
-125.3406,48.13062,-16.5
-125.38276,48.10032,-10.7
-125.42405,48.07055,-4.5
-125.46584,48.042,4.2
-125.50806,48.0145,12.6
-125.55028,47.987,17.1
-125.5728,47.97233,18.4
-125.60658,47.95033,14.4
-125.63473,47.932,9.1
-125.67695,47.9045,3.6
-125.72039,47.8772,-9.9
-125.76433,47.8505,-15.0
-125.80827,47.82379,-10.6
-125.85043,47.79546,-6.3
-125.89195,47.76654,-2.7
-125.93346,47.73762,2.9
-125.97498,47.7087,8.5
-126.01649,47.67978,10.2
-126.05801,47.65086,16.8
-126.09331,47.62617,23.4
-126.13947,47.59389,12.3
-126.18021,47.5654,2.0
-126.22094,47.53691,-10.4
-126.26167,47.50842,-15.8
-126.30241,47.47993,-16.2
-126.34314,47.45145,-15.7
-126.38388,47.42296,-14.1
-126.41664,47.4005,-14.1
-127.17334,46.85879,6.6
-127.19326,46.84612,6.7
-127.21185,46.8343,5.8
-127.24803,46.81124,5.2
-127.28288,46.78902,6.2
-127.32365,46.76302,7.5
-127.34267,46.75088,7.6
-127.35356,46.74374,9.2
-127.37081,46.73227,7.2
-127.41205,46.70544,9.1
-127.45329,46.67861,10.6
-127.49452,46.65178,12.0
-127.53576,46.62495,12.4
-127.57699,46.59812,10.9
-127.618,46.57126,11.1
-127.65809,46.54423,10.6
-127.69818,46.51721,8.0
-127.73828,46.49019,8.5
-127.77802,46.46335,9.1
-127.81776,46.43652,7.6
-127.85751,46.40968,5.1
-127.89766,46.3825,2.1
-127.93893,46.35436,1.6
-127.9802,46.32623,2.2
-128.02147,46.29809,1.7
-128.05448,46.27558,1.8
-128.10322,46.2423,5.1
-128.14357,46.21472,6.3
-128.18307,46.18765,7.7
-128.22258,46.16058,9.3
-128.26209,46.13351,10.7
-128.3016,46.10643,11.2
-128.3411,46.07936,11.6
-128.38061,46.05229,11.1
-128.42,46.02523,12.6
-128.45939,45.99818,12.0
-128.49878,45.97112,12.5
-128.53817,45.94406,11.9
-128.57945,45.91763,10.5
-128.62074,45.8912,10.9
-128.66202,45.86476,9.3
-128.7033,45.83833,9.7
-128.74668,45.81072,8.3
-128.79006,45.7831,7.8
-128.83345,45.75548,7.3
-128.87683,45.72787,7.8
-128.92037,45.70011,7.0
-128.96102,45.67421,6.4
-128.90293,45.67385,10.4
-128.84194,45.67535,10.3
-128.78095,45.67684,11.1
-128.71997,45.67833,11.0
-128.66134,45.68073,9.7
-128.60272,45.68313,10.5
-128.54406,45.68553,10.3
-128.48539,45.68794,10.1
-128.42673,45.69035,9.8
-128.36807,45.69275,9.6
-128.30923,45.69518,10.7
-128.24797,45.69794,9.4
-128.18671,45.7007,8.2
-128.12545,45.70345,6.9
-128.06638,45.70756,5.6
-128.01125,45.7114,5.3
-127.86095,45.7216,0.5
-127.80968,45.72575,1.1
-127.78233,45.72797,2.9
-127.73271,45.73218,7.6
-127.70277,45.73475,9.3
-127.64291,45.73956,8.5
-127.58519,45.74419,7.0
-127.52748,45.74881,5.6
-127.46976,45.75344,6.2
-127.38126,45.76054,4.6
-127.25836,45.77077,3.9
-127.2287,45.77334,1.7
-127.1092,45.78342,6.7
-127.06132,45.78767,8.4
-127.01344,45.79191,8.0
-126.96557,45.79616,7.6
-126.91769,45.8004,7.2
-126.86981,45.80465,6.8
-126.82194,45.80884,7.4
-126.77524,45.81271,9.0
-126.72854,45.81658,8.7
-126.68185,45.82045,6.3
-126.63515,45.82432,6.0
-126.58845,45.82819,4.6
-126.54111,45.83148,3.4
-126.49321,45.83427,3.1
-126.44531,45.83707,2.9
-126.39774,45.83984,3.3
-126.35017,45.84261,3.0
-126.3026,45.84538,2.8
-126.25503,45.84815,1.6
-126.20786,45.85097,-2.7
-126.16148,45.8539,-4.0
-126.1151,45.85682,-5.3
-126.06872,45.85975,-8.5
-126.02311,45.86239,-11.4
-125.97747,45.86456,-12.6
-125.93183,45.86673,-12.8
-125.88619,45.86891,-12.0
-125.84056,45.87108,-11.2
-125.79492,45.87325,-11.4
-125.74928,45.87543,-11.6
-125.70364,45.8776,-10.8
-125.65745,45.87981,-9.5
-125.61126,45.88203,-9.7
-125.56508,45.88424,-10.9
-125.51889,45.88646,-12.0
-125.49117,45.88779,-8.1
-125.4727,45.88867,-6.2
-125.4281,45.89057,-8.9
-125.38587,45.89202,-13.0
-125.36898,45.89259,-12.0
-125.32969,45.89487,-2.6
-125.299,45.898,-0.9
-125.25993,45.90197,-7.3
-125.21808,45.90623,-11.6
-125.17623,45.91049,-13.0
-125.14833,45.91333,-14.3
-125.10954,45.91751,-24.3
-125.07593,45.92114,-27.6
-125.04491,45.92448,-20.9
-125.02422,45.92671,-20.1
-124.99104,45.93028,-25.0
-124.95538,45.9341,-12.4
-124.94264,45.93547,-12.5
-124.90444,45.93957,-18.8
-124.86878,45.9434,-26.2
-124.95735,45.91577,-16.0
-124.99625,45.90353,-4.1
-125.02301,45.89473,-18.2
-125.05464,45.88433,-14.3
-125.096,45.87073,-21.0
-125.13249,45.85873,-19.9
-125.18115,45.84273,-17.5
-125.21645,45.83108,-12.5
-125.25175,45.81944,-5.5
-125.27764,45.8109,-2.7
-125.31059,45.80003,-7.7
-125.3459,45.78839,-8.6
-125.3812,45.77675,-11.6
-125.40085,45.77028,-13.6
-125.43238,45.75994,-6.7
-125.44552,45.75563,-7.3
-125.47179,45.74701,-12.5
-125.51157,45.73407,-19.0
-125.5528,45.72109,-18.8
-125.59403,45.70812,-15.7
-125.63252,45.69601,-14.6
-125.67222,45.6823,-13.4
-125.71363,45.66921,-13.2
-125.74468,45.65939,-12.3
-125.77367,45.65023,-11.5
-125.81763,45.63637,-10.9
-125.85952,45.62317,-7.6
-125.90141,45.60997,-5.4
-125.9433,45.59677,-4.2
-126.01649,45.57365,-4.8
-126.04778,45.56374,-3.9
-126.07908,45.55384,-2.0
-126.11038,45.54393,-0.1
-126.14201,45.53357,-0.4
-126.17242,45.52278,0.6
-126.20849,45.51003,0.9
-126.25098,45.49536,3.2
-126.29347,45.48069,4.5
-126.33595,45.46602,5.8
-126.37844,45.45135,5.2
-126.42092,45.43668,4.5
-126.46341,45.42201,4.8
-126.50589,45.40735,7.2
-126.54838,45.39268,7.5
-126.59085,45.378,6.7
-126.63333,45.36333,8.1
-126.67332,45.35116,10.3
-126.71332,45.33898,10.4
-126.75641,45.32585,10.4
-126.80221,45.31186,11.7
-126.84844,45.29696,12.5
-126.89473,45.28192,13.8
-126.94102,45.26687,12.2
-126.98732,45.25183,12.6
-127.03361,45.23678,12.9
-127.07991,45.22174,11.3
-127.12622,45.20668,9.7
-127.17184,45.19267,9.8
-127.2171,45.17919,9.0
-127.26237,45.1657,9.3
-127.30764,45.15222,7.5
-127.35291,45.13874,5.7
-127.39818,45.12525,5.0
-127.44345,45.11177,5.2
-127.48811,45.09845,7.8
-127.53277,45.08514,6.0
-127.57743,45.07182,5.2
-127.62209,45.05851,2.5
-127.66675,45.04519,4.6
-127.71141,45.03188,8.8
-127.75597,45.01812,13.1
-127.80049,45.0042,15.4
-127.84441,44.99046,14.1
-127.88833,44.97671,13.3
-127.93226,44.96297,11.6
-127.97618,44.94923,10.8
-128.02011,44.93548,11.1
-128.06403,44.92174,9.3
-128.10796,44.90799,7.6
-128.15188,44.89425,7.8
-128.19469,44.88084,6.9
-128.2375,44.86743,7.2
-128.2803,44.85402,7.4
-128.32311,44.84061,10.6
-128.36567,44.82716,12.4
-128.40773,44.81363,7.6
-128.44979,44.8001,6.9
-128.49185,44.78657,12.2
-128.53536,44.77258,16.0
-128.57888,44.75859,17.3
-128.62239,44.74459,11.6
-128.66591,44.7306,5.9
-128.70966,44.71573,-2.1
-128.75356,44.70029,-6.7
-128.79746,44.68484,-6.3
-128.84136,44.6694,-5.9
-128.88469,44.65413,-0.1
-128.92801,44.63886,5.2
-128.97133,44.62359,7.6
-129.01466,44.60832,10.0
-129.05798,44.59305,20.3
-129.0877,44.58272,26.5
-129.1238,44.57026,28.6
-129.14787,44.56195,27.3
-129.19299,44.54636,19.8
-129.23718,44.53107,15.0
-129.28138,44.51577,9.4
-129.31084,44.50558,7.4
-129.34914,44.49232,6.6
-129.37045,44.48977,2.3
-129.42492,44.47129,6.9
-129.4794,44.4528,9.6
-129.53387,44.43432,14.2
-129.58644,44.41644,23.5
-129.63834,44.39886,27.3
-129.68837,44.38211,27.9
-129.7384,44.36536,28.4
-129.78843,44.34862,18.0
-129.83847,44.33187,-1.4
-129.8885,44.31512,-36.7
-129.92853,44.30172,-35.5
-129.95458,44.29298,-25.1
-129.98666,44.2822,-6.2
-130.0348,44.26604,20.1
-130.07651,44.25203,22.4
-130.13106,44.23371,5.1
-130.17919,44.21754,-3.4
-130.22685,44.20138,-5.2
-130.2741,44.18523,-4.7
-130.32135,44.16907,-4.2
-130.36976,44.15255,1.1
-130.41818,44.13602,13.5
-130.46724,44.11974,14.1
-130.51755,44.10397,3.6
-130.56786,44.0882,1.0
-130.61818,44.07243,-4.5
-130.66849,44.05666,-10.0
-130.71881,44.04088,-10.6
-130.76948,44.02499,-12.6
-130.81985,44.00909,-12.2
-130.91893,43.97729,-2.7
-130.96847,43.9614,-0.2
-131.01801,43.9455,2.2
-131.06755,43.9296,2.7
-131.11709,43.9137,2.1
-131.16825,43.89721,1.8
-131.21748,43.88041,1.3
-131.2667,43.86361,1.8
-131.31593,43.84682,3.3
-131.36515,43.83002,4.8
-131.41615,43.81473,4.0
-131.46759,43.79982,4.4
-131.51904,43.78491,1.8
-131.57064,43.76994,-1.1
-131.62224,43.75497,-1.7
-131.67334,43.73969,0.0
-131.72344,43.72378,1.5
-131.77294,43.70807,1.4
-131.82243,43.69236,0.8
-131.87192,43.67665,1.2
-131.92141,43.66094,-1.2
-131.97155,43.64501,-1.4
-132.02175,43.62913,-2.3
-132.07208,43.61335,-0.9
-132.12241,43.59758,0.6
-132.17274,43.58181,0.0
-132.22307,43.56604,-0.6
-132.2734,43.55027,-1.0
-132.32373,43.5345,-1.6
-132.37336,43.51893,-2.5
-132.42385,43.50295,-2.1
-132.47435,43.48697,-1.6
-132.52485,43.471,-1.2
-132.57534,43.45502,-1.7
-132.62584,43.43904,-3.3
-132.67634,43.42306,-3.8
-132.72683,43.40708,-2.4
-132.77617,43.39145,-1.0
-132.82551,43.37583,-1.6
-132.87444,43.36009,-0.3
-132.92173,43.34393,-0.8
-132.96901,43.32776,-0.4
-133.0163,43.3116,0.1
-133.06358,43.29543,1.5
-133.11087,43.27927,1.0
-133.15969,43.26198,-0.8
-133.2093,43.24423,-1.2
-133.25891,43.22648,-0.6
-133.30851,43.20873,0.0
-133.35812,43.19098,0.6
-133.40772,43.17323,-0.8
-133.45733,43.15549,-0.2
-133.48709,43.14484,-0.2
-133.49373,43.10236,1.1
-133.49374,43.07371,-0.3
-133.49375,43.04506,-0.7
-133.49377,43.00209,-0.8
-133.49379,42.95911,-1.9
-133.4938,42.91614,-2.0
-133.49383,42.8617,-4.1
-133.47362,42.78329,-1.4
-133.47325,42.7629,0.4
-133.47325,42.70608,6.0
-133.47331,42.66212,8.9
-133.47535,42.61865,6.5
-133.47789,42.57531,7.4
-133.48043,42.53196,9.3
-133.48297,42.48862,6.2
-133.48551,42.44527,2.1
-133.48805,42.40193,0.1
-133.4906,42.35858,-1.0
-133.49314,42.31459,-2.0
-133.4955,42.27145,-0.9
-133.49786,42.22836,0.0
-133.4988,42.21112,0.6
-133.50256,42.14218,14.3
-133.50491,42.0991,9.2
-133.50726,42.05601,1.1
-133.50961,42.01292,-1.0
-133.51197,41.96946,0.9
-133.51432,41.92599,5.8
-133.51668,41.88252,15.8
-133.51778,41.86223,16.6
-133.51904,41.83905,11.7
-133.52214,41.79576,5.4
-133.52573,41.75259,4.3
-133.52933,41.70943,6.2
-133.53292,41.66626,8.0
-133.53651,41.62325,9.9
-133.54009,41.58023,8.8
-133.54367,41.53722,9.6
-133.54724,41.49447,11.5
-133.55074,41.45343,12.3
-133.55418,41.41288,12.2
-133.55745,41.3737,9.7
-133.56072,41.33452,8.3
-133.56398,41.29534,7.8
-133.56725,41.25616,7.3
-133.57052,41.21698,6.9
-133.57379,41.17779,6.4
-133.57704,41.13872,5.9
-133.5803,41.09964,5.4
-133.58355,41.06056,6.0
-133.58681,41.02148,4.5
-133.59006,40.98241,3.1
-133.59332,40.94333,1.6
-133.59472,40.9037,4.0
-133.59612,40.86407,6.6
-133.59755,40.82445,12.1
-133.59897,40.78483,10.7
-133.60039,40.74521,6.2
-133.60181,40.70559,5.8
-133.60323,40.66597,5.4
-133.60563,40.62694,5.9
-133.60809,40.58794,6.3
-133.61056,40.54895,5.8
-133.61269,40.51551,4.9
-133.61547,40.47179,8.0
-133.61792,40.43321,4.5
-133.62037,40.39462,1.9
-133.62283,40.35604,1.4
-133.62433,40.31683,3.1
-133.62559,40.27747,6.6
-133.62686,40.2381,11.1
-133.62744,40.22002,13.8
-133.62851,40.18644,12.9
-133.62976,40.1477,15.3
-133.63067,40.11929,17.8
-133.63183,40.08314,14.1
-133.63216,40.0728,17.0
-133.63265,40.05731,27.3
-133.63307,40.04439,35.4
-133.63373,40.02373,37.3
-133.63431,40.00565,28.9
-133.63492,39.96691,-1.0
-133.63479,39.92818,-26.4
-133.63468,39.88969,-41.9
-133.63458,39.85121,-45.4
-133.63447,39.81273,-44.0
-133.63436,39.77425,-42.5
-133.63426,39.73577,-38.1
-133.63415,39.69729,-32.7
-133.63404,39.6588,-28.2
-133.63394,39.62032,-23.8
-133.63383,39.58189,-19.4
-133.63372,39.54346,-15.0
-133.63362,39.50503,-13.6
-133.63351,39.4666,-11.2
-133.6334,39.42817,-10.8
-133.63311,39.38914,-7.6
-133.63232,39.34842,-6.9
-133.63179,39.32128,-5.5
-133.63122,39.31445,-6.6
-133.62903,39.29695,-5.1
-133.62855,39.27637,-4.9
-133.62882,39.25199,-5.3
-133.62989,39.2277,-4.2
-133.63096,39.20341,-3.0
-133.63203,39.17912,-1.9
-133.6331,39.15482,0.3
-133.63418,39.13053,1.4
-133.63525,39.10624,2.6
-133.63632,39.08195,3.7
-133.63841,39.04603,6.2
-133.64009,39.01153,7.3
-133.64177,38.97702,8.3
-133.64345,38.94252,9.5
-133.64513,38.90802,10.5
-133.64682,38.87351,9.6
-133.6484,38.84009,9.7
-133.64999,38.80666,9.6
-133.65093,38.77195,10.4
-133.65186,38.73724,9.5
-133.6528,38.70252,10.5
-133.65374,38.66781,11.6
-133.65467,38.6331,12.7
-133.65561,38.59838,13.7
-133.65623,38.57524,14.8
-133.64337,38.51252,0.3
-133.64552,38.47955,-11.7
-133.64773,38.44348,-20.9
-133.64804,38.42795,-21.5
-133.64872,38.41063,-22.6
-133.65168,38.36299,-24.6
-133.65447,38.31968,-22.7
-133.65726,38.27637,-19.9
-133.66005,38.23306,-17.1
-133.66135,38.21285,-15.4
-133.66358,38.17821,-10.3
-133.66563,38.14645,-10.5
-133.66842,38.10314,-6.6
-133.67115,38.06037,-2.9
-133.67389,38.0176,-0.1
-133.67657,37.97564,2.6
-133.67922,37.93421,4.3
-133.68187,37.89278,4.9
-133.68452,37.85136,5.6
-133.68717,37.80993,3.2
-133.68981,37.7685,1.9
-133.69245,37.72713,0.5
-133.69363,37.68485,1.7
-133.69408,37.64212,0.5
-133.69453,37.5994,0.4
-133.69499,37.55667,0.2
-133.69544,37.51395,-0.1
-133.69589,37.47122,-0.3
-133.69635,37.4285,-0.6
-133.69748,37.38591,-3.2
-133.69997,37.34367,-3.5
-133.70279,37.2958,-4.3
-133.70495,37.2592,-1.0
-133.70743,37.21696,-0.2
-133.70992,37.17472,1.5
-133.71241,37.13248,2.2
-133.7149,37.09024,0.9
-133.71743,37.04762,0.6
-133.71997,37.005,-0.7
-133.72195,36.96298,-0.4
-133.72393,36.92097,-1.8
-133.72592,36.87896,-3.1
-133.7279,36.83694,-4.4
-133.72988,36.79493,-2.7
-133.73187,36.75291,-3.0
-133.73386,36.71073,-4.4
-133.73586,36.66854,-4.7
-133.73798,36.6262,-6.3
-133.74019,36.58375,-8.6
-133.7424,36.54131,-9.9
-133.7446,36.49887,-13.2
-133.74755,36.44227,-12.3
-133.74902,36.41398,-15.8
-133.7512,36.37177,-17.0
-133.7539,36.33037,-17.2
-133.75671,36.28918,-17.6
-133.75953,36.24799,-18.0
-133.76235,36.2068,-16.5
-133.76517,36.16561,-15.9
-133.76799,36.12441,-17.4
-133.77081,36.08322,-17.8
-133.77269,36.05576,-17.4
-133.76565,36.01301,-19.4
-133.76802,35.98424,-20.8
-133.77212,35.94199,-20.0
-133.77622,35.89974,-20.4
-133.78031,35.85748,-20.8
-133.78441,35.81523,-18.1
-133.78851,35.77297,-11.5
-133.79254,35.73146,-7.9
-133.79658,35.68996,-13.3
-133.799,35.66505,-15.2
-133.80196,35.63461,-13.0
-133.80465,35.60694,-12.7
-133.80868,35.56543,-11.1
-133.81226,35.52417,-7.6
-133.81457,35.48359,-5.0
-133.81689,35.44301,-7.5
-133.8174,35.40265,-8.9
-133.81791,35.36228,-9.4
-133.8187,35.32182,-10.6
-133.82058,35.28097,-10.1
-133.82247,35.24011,-10.6
-133.82435,35.19926,-9.1
-133.82624,35.1584,-7.6
-133.82812,35.11755,-8.1
-133.83002,35.07689,-8.6
-133.83186,35.03626,-9.7
-133.83337,34.99573,-10.2
-133.83489,34.9552,-9.8
-133.8364,34.91467,-9.3
-133.83791,34.87414,-10.8
-133.8396,34.83389,-12.7
-133.84137,34.79375,-14.3
-133.84313,34.75361,-15.9
-133.84489,34.71347,-12.5
-133.84665,34.67332,-12.1
-133.84841,34.63318,-13.6
-133.85018,34.59304,-11.2
-133.85194,34.5529,-8.8
-133.8537,34.51276,-10.4
-133.85546,34.47262,-13.0
-133.85724,34.43244,-13.6
-133.85862,34.3918,-11.0
-133.85941,34.35048,-10.5
-133.8602,34.30915,-10.0
-133.86099,34.26782,-9.5
-133.86178,34.2265,-10.0
-133.86258,34.18517,-9.4
-133.86337,34.14384,-8.0
-133.86353,34.10304,-8.4
-133.8642,34.06219,-8.9
-133.86486,34.02134,-7.5
-133.86526,33.99683,-5.4
-133.86634,33.92411,-7.1
-133.86702,33.88291,-5.7
-133.86792,33.82799,-6.1
-133.86859,33.78679,-5.6
-133.86927,33.7456,-2.1
-133.86963,33.72363,0.7
-133.87026,33.67687,-2.1
-133.8709,33.62175,-1.5
-133.87138,33.5804,3.9
-133.87187,33.53905,9.3
-133.87235,33.4977,7.8
-133.87283,33.45634,7.3
-133.87332,33.41499,8.7
-133.87353,33.37463,10.4
-133.87374,33.33426,9.8
-133.87397,33.29391,11.2
-133.87419,33.25357,12.5
-133.87441,33.21323,12.9
-133.87464,33.17288,11.3
-133.87486,33.13254,6.6
-133.87553,33.09179,0.6
-133.87686,33.05044,-4.9
-133.8782,33.00909,-11.4
-133.87954,32.96779,-18.0
-133.88088,32.92648,-21.5
-133.88159,32.90444,-19.7
-133.88266,32.8714,-9.0
-133.87478,32.91745,-20.4
-133.87392,32.89052,-15.2
-133.87307,32.84991,-4.0
-133.8726,32.80913,1.4
-133.87214,32.76834,-0.2
-133.87167,32.72755,0.2
-133.87121,32.68677,1.5
-133.87075,32.6461,0.9
-133.87029,32.60544,-0.8
-133.86999,32.56479,-7.0
-133.86999,32.52416,-9.6
-133.86999,32.48354,-10.3
-133.86999,32.44291,-8.9
-133.86999,32.40222,-8.6
-133.86999,32.36048,-7.1
-133.86999,32.31932,-6.7
-133.86999,32.27815,-3.4
-133.86999,32.23699,1.0
-133.86999,32.19583,1.3
-133.86999,32.15466,3.7
-133.86999,32.1135,3.1
-133.86999,32.07233,3.4
-133.86999,32.03123,4.8
-133.86999,31.99163,8.0
-133.86999,31.95203,9.2
-133.86999,31.91243,6.5
-133.86999,31.87283,5.8
-133.86999,31.83323,6.0
-133.86999,31.79363,5.2
-133.87004,31.75399,4.4
-133.87078,31.71393,4.7
-133.87153,31.6742,3.9
-133.87229,31.63448,4.1
-133.87304,31.59475,3.3
-133.87379,31.55502,3.6
-133.87454,31.5153,2.8
-133.87529,31.47557,2.0
-133.87594,31.44114,1.9
-133.8768,31.39612,4.6
-133.87756,31.35639,5.8
-133.87832,31.31666,7.0
-133.87814,31.27753,9.4
-133.87795,31.2384,9.5
-133.87777,31.19926,7.7
-133.87759,31.16013,6.8
-133.87741,31.121,7.0
-133.87722,31.08186,8.1
-133.87704,31.04274,8.2
-133.87686,31.00361,9.4
-133.87668,30.96449,9.6
-133.87539,30.9246,8.7
-133.87382,30.88453,4.9
-133.87277,30.85781,8.1
-133.8712,30.81773,16.2
-133.86963,30.77766,22.4
-133.86859,30.75082,19.5
-133.86755,30.72386,10.7
-133.866,30.68342,2.0
-133.86445,30.64298,3.2
-133.86306,30.60261,11.5
-133.86212,30.56241,17.7
-133.86118,30.5222,14.0
-133.86025,30.482,9.2
-133.85931,30.4418,7.4
-133.85838,30.40136,9.6
-133.85746,30.36092,12.8
-133.85653,30.32048,14.0
-133.85561,30.28003,14.2
-133.85468,30.23959,12.4
-133.85375,30.19915,10.6
-133.85451,30.15874,8.5
-133.85527,30.11832,5.7
-133.85603,30.07791,3.9
-133.85679,30.03749,0.2
-133.85754,29.99708,-3.6
-133.8583,29.95666,-7.4
-133.859,29.91454,-11.0
-133.85969,29.87241,-12.7
-133.86006,29.84994,-10.9
-133.86085,29.80219,0.7
-133.86155,29.76006,32.8
-133.86201,29.73197,46.9
-133.86233,29.71231,46.4
-133.8627,29.68984,31.3
-133.86317,29.66176,9.6
-133.86501,29.62139,-15.3
-133.83115,29.64526,-5.9
-133.79713,29.67202,13.8
-133.76311,29.69879,40.6
-133.73136,29.72377,48.6
-133.77826,29.7257,51.1
-133.82744,29.72584,53.1
-133.87661,29.72598,46.1
-133.92579,29.72612,39.1
-133.98152,29.72628,34.2
-133.9492,29.69117,19.6
-133.91293,29.6556,1.5
-133.8978,29.66561,5.2
-133.8672,29.69357,27.8
-133.85607,29.68913,20.2
-133.85918,29.63497,-13.4
-133.86151,29.59436,-22.1
-133.86384,29.55374,-21.9
-133.86617,29.51312,-19.7
-133.86813,29.47365,-15.1
-133.87004,29.43421,-11.1
-133.87194,29.39477,-9.1
-133.87385,29.35533,-7.0
-133.87499,29.31539,-2.3
-133.87499,29.2747,-0.2
-133.87498,29.23401,6.9
-133.87497,29.19332,15.0
-133.87496,29.15263,15.1
-133.87498,29.11181,2.4
-133.87498,29.07643,-8.7
-133.87525,29.01638,11.6
-133.87557,28.98894,20.7
-133.87579,28.96973,19.2
-133.87604,28.94778,14.9
-133.87652,28.90662,7.1
-133.87699,28.86546,2.3
-133.87747,28.82429,0.5
-133.87794,28.78349,0.6
-133.8784,28.74268,3.7
-133.87887,28.70188,4.8
-133.87934,28.66107,4.9
-133.87981,28.62027,3.1
-133.88027,28.57954,5.3
-133.88073,28.53885,8.3
-133.88119,28.49817,12.4
-133.88165,28.45748,19.4
-133.88211,28.41679,26.5
-133.88233,28.39766,27.9
-133.88276,28.36213,24.6
-133.88308,28.33479,21.7
-133.88396,28.2948,15.5
-133.88531,28.25509,13.6
-133.88666,28.21539,13.6
-133.88802,28.17568,9.6
-133.88937,28.13598,6.6
-133.89072,28.09627,3.7
-133.89207,28.05656,1.7
-133.89343,28.01686,1.7
-133.89478,27.97699,3.7
-133.89614,27.93712,9.6
-133.8975,27.89725,18.6
-133.89917,27.85735,22.4
-133.90018,27.83871,23.8
-133.90133,27.81741,19.4
-133.90349,27.77746,11.4
-133.90564,27.73752,6.5
-133.9078,27.69757,4.5
-133.90998,27.65708,4.4
-133.91216,27.61659,5.4
-133.91365,27.57649,28.5
-133.9142,27.54477,31.8
-133.9148,27.51041,18.5
-133.91536,27.47869,12.9
-133.91596,27.44432,9.7
-133.91642,27.41789,10.6
-133.91711,27.37824,9.6
-133.9178,27.33887,9.5
-133.9189,27.29947,7.2
-133.92115,27.25998,9.1
-133.9234,27.22049,16.0
-133.92565,27.181,19.8
-133.9279,27.14151,17.8
-133.93015,27.10202,10.7
-133.9324,27.06253,6.8
-133.93463,27.02359,4.6
-133.93685,26.98465,4.5
-133.93878,26.9509,5.0
-133.94768,26.93909,4.9
-133.94913,26.90041,7.8
-133.95059,26.86174,11.6
-133.95204,26.82307,16.4
-133.95349,26.7844,18.2
-133.95495,26.74573,14.0
-133.9564,26.70705,6.9
-133.95785,26.66838,5.7
-133.95882,26.6426,7.6
-133.9602,26.60406,14.8
-133.96112,26.5736,17.0
-133.96214,26.54056,14.4
-133.96332,26.50244,10.2
-133.9645,26.46432,7.0
-133.96567,26.4262,6.7
-133.96685,26.38809,6.5
-133.96764,26.36267,5.3
-133.96882,26.32455,4.1
-133.97,26.28643,2.8
-133.97116,26.24899,1.6
-133.97233,26.21154,0.3
-133.97349,26.17409,-1.0
-133.97466,26.13665,-2.4
-133.9753,26.09811,-0.6
-133.97574,26.05917,3.3
-133.97618,26.02023,6.1
-133.97663,25.9813,7.8
-133.977,25.94942,9.0
-133.97743,25.91332,21.5
-133.97789,25.87444,27.2
-133.97826,25.84389,17.5
-133.97841,25.81617,9.0
-133.97857,25.77462,5.0
-133.97874,25.73306,5.9
-133.9789,25.69151,9.8
-133.97906,25.64995,12.8
-133.97922,25.60868,10.7
-133.97941,25.55915,6.2
-133.97954,25.52614,5.0
-133.9797,25.48487,5.9
-133.97986,25.4436,7.8
-133.98036,25.4025,6.8
-133.9818,25.36187,5.6
-133.98324,25.32123,5.5
-133.98469,25.28061,6.3
-133.98613,25.23999,7.2
-133.98758,25.19937,6.0
-133.98902,25.15875,3.9
-133.99008,25.11803,3.4
-133.99038,25.07712,3.2
-133.99072,25.03576,4.1
-133.99105,24.9944,3.2
-133.99138,24.95386,2.0
-133.9917,24.91332,3.8
-133.99203,24.87278,13.5
-133.99236,24.83225,20.3
-133.99268,24.79171,24.1
-133.99301,24.75117,23.9
-133.99332,24.71067,21.9
-133.99349,24.67068,18.7
-133.9937,24.63123,15.3
-133.99391,24.59178,14.1
-133.99412,24.55234,11.8
-133.99433,24.51289,6.5
-133.99453,24.47345,-1.7
-133.99474,24.434,-2.9
-133.99495,24.39455,3.7
-133.99594,24.35427,7.0
-133.99714,24.31363,2.8
-133.99834,24.27299,0.5
-133.99955,24.23234,0.3
-134.00075,24.1917,3.0
-134.00196,24.15106,6.8
-134.00316,24.11042,6.5
-134.00574,24.06952,1.9
-134.00854,24.02858,1.7
-134.01133,23.98765,1.4
-134.01412,23.94672,-0.8
-134.01692,23.90579,-2.1
-134.01971,23.86486,-3.2
-134.0225,23.82394,-2.5
-134.02529,23.78301,-2.7
-134.02809,23.74208,-4.0
-134.03088,23.70115,-2.3
-134.03365,23.66018,0.5
-134.03643,23.61921,2.2
-134.03865,23.58644,-0.6
-134.03994,23.56732,-4.3
-134.04745,23.55618,-0.3
-134.04673,23.51729,-1.8
-134.04785,23.47663,-0.1
-134.04897,23.43597,2.6
-134.05009,23.39531,6.2
-134.0512,23.35465,8.9
-134.05232,23.31399,7.7
-134.05344,23.27333,3.4
-134.05456,23.23267,-0.9
-134.05568,23.19203,-0.3
-134.0568,23.15139,3.4
-134.05792,23.11075,7.0
-134.05897,23.07283,10.5
-134.05857,23.02951,11.7
-134.05808,22.98889,12.4
-134.0576,22.94828,12.0
-134.05712,22.90767,9.7
-134.05664,22.86706,8.3
-134.05616,22.82645,7.0
-134.05568,22.78584,6.6
-134.0552,22.74523,6.4
-134.05473,22.70475,5.0
-134.05454,22.68856,4.0
-134.05394,22.6373,5.3
-134.05344,22.59412,4.1
-134.0506,22.54287,6.8
-134.0479,22.50241,5.4
-134.04519,22.46194,5.0
-134.0425,22.42196,4.5
-134.0399,22.38391,3.9
-134.0373,22.34587,4.3
-134.0347,22.30782,4.7
-134.0321,22.26977,4.2
-134.0295,22.23172,5.6
-134.02689,22.19367,7.0
-134.02429,22.15562,8.5
-134.02169,22.11758,7.9
-134.01911,22.07994,8.2
-134.01653,22.04231,7.6
-134.01396,22.00467,8.0
-134.01138,21.96703,8.4
-134.0088,21.9294,8.7
-134.00622,21.89176,7.1
-134.00364,21.85413,7.4
-134.00106,21.81649,9.8
-133.99995,21.77864,8.9
-133.99884,21.74078,8.2
-133.99774,21.70372,8.5
-133.99664,21.66666,8.8
-133.99677,21.62876,8.3
-133.99691,21.59086,8.6
-133.99704,21.55296,8.1
-133.99717,21.51506,6.4
-133.99731,21.47716,5.8
-133.99744,21.43926,5.1
-133.99757,21.40136,5.5
-133.99771,21.36346,5.8
-133.99784,21.32517,7.1
-133.99798,21.28689,8.5
-133.99812,21.2486,7.8
-133.99826,21.21031,7.2
-133.99816,21.17327,7.0
-133.99791,21.13706,6.3
-133.99766,21.10085,3.5
-133.9974,21.06464,3.7
-133.99716,21.02865,4.8
-133.99691,20.99266,5.0
-133.99667,20.95666,5.3
-133.99642,20.92067,5.5
-133.99618,20.88468,5.7
-133.99594,20.84868,3.8
-133.99569,20.81269,3.0
-133.99545,20.7767,3.2
-133.9952,20.74096,2.3
-133.99488,20.70514,4.4
-133.99407,20.66872,2.6
-133.99325,20.6323,3.7
-133.99392,20.59641,3.5
-133.99458,20.56051,-0.3
-133.99525,20.52462,-0.2
-133.99591,20.48873,-1.0
-133.99658,20.45284,-0.9
-133.99724,20.41694,1.2
-133.99795,20.37866,1.5
-133.99813,20.35707,2.6
-133.99824,20.33607,2.0
-133.99834,20.31507,2.2
-133.99845,20.29406,1.5
-133.99856,20.27306,1.7
-133.99867,20.25206,2.9
-133.99882,20.22266,4.7
-133.99944,20.17715,5.8
-133.99986,20.14804,6.5
-134.00309,20.11762,1.6
-134.00774,20.08655,1.4
-134.01239,20.05547,0.2
-134.01698,20.02518,1.1
-134.02126,19.99691,1.7
-134.0631,19.94672,1.0
-134.06545,19.90594,-0.7
-134.0678,19.86516,-1.3
-134.07016,19.82437,-1.9
-134.07251,19.78359,-1.6
-134.07476,19.74381,-1.0
-134.07697,19.70489,-0.8
-134.07918,19.66598,0.5
-134.08139,19.62706,0.7
-134.08367,19.58793,1.2
-134.08639,19.5474,1.5
-134.08911,19.50687,1.8
-134.09104,19.46639,2.3
-134.09298,19.42591,3.6
-134.09492,19.38543,1.9
-134.09686,19.34496,3.2
-134.0988,19.30448,2.5
-134.10073,19.264,2.8
-134.10268,19.2235,3.1
-134.10526,19.18323,1.8
-134.10816,19.14308,1.1
-134.11107,19.10293,0.3
-134.11395,19.06396,-0.4
-134.11682,19.02601,-0.2
-134.11968,18.98806,-1.1
-134.12255,18.95012,-1.0
-134.12471,18.91148,-0.3
-134.1266,18.87259,0.9
-134.1285,18.83371,1.0
-134.12938,18.81556,0.0
-134.1304,18.79482,-3.6
-134.13022,18.77169,-4.8
-134.13013,18.75884,-6.1
-134.12982,18.71772,-4.0
-134.12954,18.67917,-2.9
-134.12925,18.64062,-2.7
-134.12897,18.60207,-0.6
-134.12868,18.56352,0.5
-134.12839,18.52497,1.6
-134.12811,18.48642,3.7
-134.128,18.47107,1.5
-134.12783,18.44806,-2.2
-134.1277,18.43017,-1.3
-134.12755,18.40971,-2.1
-134.12727,18.37136,-3.0
-134.12699,18.33301,-2.9
-134.12672,18.29466,-2.8
-134.12644,18.25631,-1.7
-134.12616,18.21796,-0.7
-134.12588,18.17961,-0.6
-134.12561,18.14146,0.4
-134.12533,18.10331,1.5
-134.12506,18.06516,2.5
-134.12478,18.02701,5.5
-134.12451,17.98886,5.5
-134.12423,17.95071,4.6
-134.12396,17.91256,4.6
-134.12368,17.87441,5.6
-134.12341,17.8361,6.6
-134.12269,17.79714,8.8
-134.12175,17.75786,9.8
-134.12081,17.71859,8.9
-134.11988,17.67931,10.0
-134.11894,17.64003,11.1
-134.118,17.60075,14.1
-134.11706,17.56147,15.2
-134.11613,17.52234,17.2
-134.11519,17.48322,17.2
-134.11401,17.43365,15.8
-134.11663,17.42181,14.9
-134.11663,17.40685,16.7
-134.11663,17.37003,12.6
-134.11663,17.33058,9.7
-134.11663,17.29113,8.7
-134.11663,17.25168,3.8
-134.11663,17.21223,-0.2
-134.11663,17.17279,-6.1
-134.11663,17.13334,-10.1
-134.11663,17.09389,-14.0
-134.11758,17.05531,-19.6
-134.11916,17.01696,-21.7
-134.12074,16.9786,-21.7
-134.12231,16.94024,-20.8
-134.12389,16.90188,-14.8
-134.12547,16.86352,-6.9
-134.12705,16.82516,9.9
-134.12863,16.7868,31.6
-134.13021,16.74885,38.4
-134.1318,16.7109,26.4
-134.13339,16.67295,15.4
-134.13497,16.635,6.4
-134.13717,16.59904,4.2
-134.13937,16.56307,6.9
-134.14157,16.52711,15.6
-134.14376,16.49115,19.4
-134.14449,16.47909,20.0
-134.14596,16.45498,17.2
-134.14815,16.41882,16.9
-134.15034,16.38266,17.7
-134.15254,16.3465,15.5
-134.15473,16.31033,13.3
-134.15692,16.27417,13.1
-134.15912,16.23801,12.8
-134.16131,16.20185,12.6
-134.1635,16.16509,12.4
-134.16569,16.12832,12.2
-134.16788,16.09156,14.0
-134.17007,16.0548,15.8
-134.17226,16.01804,16.5
-134.17445,15.98128,16.3
-134.17664,15.94452,15.1
-134.17883,15.90775,13.8
-134.18087,15.87135,12.1
-134.18276,15.83495,11.8
-134.18466,15.79855,8.6
-134.18655,15.76215,5.3
-134.18837,15.72588,8.0
-134.1891,15.68915,10.7
-134.18984,15.65242,10.4
-134.19053,15.61813,9.0
-134.18987,15.57962,8.3
-134.18917,15.54355,8.0
-134.18846,15.50749,8.6
-134.18775,15.47142,8.3
-134.18705,15.43536,10.0
-134.18634,15.3993,10.7
-134.18564,15.36323,11.4
-134.18493,15.32717,12.1
-134.18421,15.2909,12.8
-134.1835,15.25464,14.4
-134.18278,15.21838,14.1
-134.18206,15.18211,14.8
-134.18135,15.14585,15.4
-134.18063,15.10958,16.1
-134.17991,15.07332,16.7
-134.17919,15.03706,18.4
-134.17851,15.0014,17.9
-134.17782,14.96573,17.6
-134.17713,14.93007,15.2
-134.17645,14.89441,13.8
-134.17576,14.85875,12.4
-134.17507,14.82309,11.0
-134.17405,14.78776,10.3
-134.17297,14.75248,9.9
-134.17333,14.71819,8.0
-134.1737,14.6839,7.5
-134.17407,14.64961,8.0
-134.17443,14.61532,9.5
-134.17481,14.57987,10.1
-134.17492,14.54371,10.5
-134.17482,14.50691,12.2
-134.17471,14.47011,10.8
-134.17466,14.45294,10.6
-134.17453,14.40878,7.9
-134.17439,14.35972,7.0
-134.17428,14.32292,7.6
-134.17417,14.28606,7.2
-134.17407,14.2492,5.9
-134.17396,14.21234,6.4
-134.17385,14.17548,7.0
-134.17376,14.14599,9.3
-134.17367,14.11404,13.6
-134.17359,14.08701,15.8
-134.17354,14.07397,8.3
-134.1735,14.03224,6.1
-134.17346,13.99051,6.8
-134.17342,13.94877,8.6
-134.17338,13.90704,10.3
-134.17334,13.8653,13.1
-134.1733,13.82357,14.8
-134.1749,13.78675,12.2
-134.17674,13.75049,12.7
-134.17858,13.71424,10.2
-134.18041,13.67799,11.7
-134.18225,13.64174,13.3
-134.18409,13.60549,13.8
-134.18593,13.56924,12.3
-134.18777,13.53299,11.8
-134.1896,13.49716,13.3
-134.19164,13.45926,15.4
-134.19372,13.42084,12.0
-134.19581,13.38241,10.6
-134.1979,13.34399,10.1
-134.19998,13.30557,11.7
-134.20207,13.26714,12.3
-134.20416,13.22872,11.8
-134.20648,13.18998,10.7
-134.20898,13.15106,11.2
-134.21149,13.11214,12.8
-134.21399,13.07321,12.3
-134.21649,13.03429,11.9
-134.21899,12.99537,11.4
-134.22149,12.95645,11.0
-134.22399,12.91752,10.5
-134.22648,12.87922,12.0
-134.22871,12.84052,13.0
-134.23091,12.8018,13.6
-134.23311,12.76307,15.1
-134.23532,12.72434,16.7
-134.23752,12.68562,18.1
-134.23972,12.64689,17.7
-134.24194,12.60809,18.0
-134.24437,12.56859,18.3
-134.24681,12.52909,16.8
-134.24924,12.48959,15.3
-134.25167,12.45009,15.0
-134.25442,12.41031,13.0
-134.2577,12.37126,12.5
-134.26055,12.33741,12.8
-134.26428,12.29315,13.5
-134.26684,12.25432,10.2
-134.2694,12.21549,7.7
-134.27196,12.17666,8.1
-134.27453,12.13783,7.6
-134.27709,12.099,8.0
-134.27965,12.06018,6.5
-134.28297,12.02085,4.5
-134.28755,11.96833,2.5
-134.28984,11.94209,3.5
-134.29327,11.90273,4.9
-134.2967,11.86337,6.3
-134.30004,11.82451,6.1
-134.30328,11.78608,7.4
-134.30653,11.74765,8.8
-134.30978,11.70923,11.3
-134.3139,11.67054,10.0
-134.31811,11.63164,10.4
-134.32232,11.59275,9.8
-134.32653,11.55385,9.2
-134.33074,11.51495,10.5
-134.3335,11.47669,10.4
-134.33627,11.43843,12.8
-134.33772,11.39969,14.7
-134.33896,11.36088,14.1
-134.34021,11.32207,14.5
-134.34146,11.28326,13.8
-134.34271,11.24445,14.2
-134.34396,11.20563,13.5
-134.34525,11.16792,13.7
-134.34653,11.13021,14.0
-134.34791,11.08999,14.4
-134.36066,11.04137,20.0
-134.35853,11.00144,19.4
-134.3564,10.96152,16.7
-134.35427,10.92159,16.1
-134.35213,10.88167,16.4
-134.35,10.84174,15.8
-134.34789,10.80223,14.1
-134.34577,10.76272,12.4
-134.34366,10.72322,14.7
-134.34155,10.68371,14.0
-134.33943,10.6442,10.5
-134.33732,10.60469,9.8
-134.33521,10.56518,10.1
-134.33309,10.52567,9.3
-134.331,10.48656,9.6
-134.32891,10.44745,7.9
-134.32682,10.40835,6.1
-134.32473,10.36924,6.4
-134.32264,10.33013,6.6
-134.32055,10.29102,5.9
-134.31846,10.25192,5.2
-134.31637,10.21281,4.4
-134.31431,10.17478,5.5
-134.31224,10.13675,4.8
-134.31018,10.09872,4.9
-134.30812,10.06069,7.1
-134.30619,10.02519,5.2
-134.31273,9.98418,5.1
-134.3194,9.9457,7.3
-134.32607,9.90722,9.5
-134.33274,9.86875,11.6
-134.33941,9.83027,12.8
-134.34608,9.79179,11.0
-134.35275,9.75332,10.2
-134.35927,9.7156,10.5
-134.36579,9.67788,10.7
-134.37232,9.64017,9.8
-134.37884,9.60245,10.9
-134.38536,9.56474,10.0
-134.39189,9.52702,8.2
-134.39841,9.4893,7.3
-134.40493,9.45159,4.4
-134.408,9.41393,11.8
-134.41048,9.36352,9.3
-134.41369,9.33829,8.5
-134.41592,9.32316,8.9
-134.4211,9.28784,6.0
-134.42666,9.25,6.1
-134.42996,9.22456,6.9
-134.43492,9.18642,7.9
-134.43987,9.14827,8.0
-134.44467,9.11078,10.3
-134.44947,9.07329,12.4
-134.45427,9.03581,14.4
-134.45907,8.99832,15.5
-134.4634,8.96108,18.3
-134.46719,8.92411,18.3
-134.47097,8.88714,16.3
-134.4745,8.85263,16.3
-134.48035,8.81458,15.1
-134.48595,8.779,12.1
-134.49154,8.74341,13.1
-134.49714,8.70783,12.1
-134.50273,8.67224,11.0
-134.50833,8.63666,9.0
-134.51414,8.59961,7.6
-134.51957,8.56503,6.6
-134.52717,8.5277,9.0
-134.5344,8.49284,9.9
-134.54162,8.45797,11.9
-134.54884,8.42311,13.8
-134.55606,8.38825,15.7
-134.56328,8.35338,17.5
-134.5705,8.31852,19.4
-134.57772,8.28366,19.3
-134.5846,8.24967,17.8
-134.59149,8.21567,16.7
-134.59837,8.18168,18.6
-134.60525,8.14769,21.4
-134.61213,8.1137,22.3
-134.61901,8.07971,23.1
-134.62707,8.0442,20.8
-134.63524,8.00866,19.7
-134.64342,7.97312,19.6
-134.65159,7.93759,19.5
-134.65976,7.90205,18.4
-134.66793,7.86651,15.3
-134.67593,7.83143,12.5
-134.68393,7.79634,11.3
-134.69095,7.76079,12.2
-134.69782,7.72516,11.1
-134.70469,7.68954,10.9
-134.71156,7.65391,10.8
-134.71844,7.61829,11.6
-134.7257,7.58199,12.1
-134.73326,7.54541,15.1
-134.74082,7.50883,15.9
-134.74838,7.47225,15.8
-134.75595,7.43567,14.6
-134.76346,7.39922,14.6
-134.77098,7.36277,13.4
-134.78006,7.32671,7.3
-134.79094,7.29109,6.1
-134.80616,7.24123,5.3
-134.77302,7.18735,3.4
-134.78362,7.14838,5.2
-134.79373,7.11027,8.2
-134.80311,7.07347,8.0
-134.8125,7.03666,9.8
-134.82333,6.99834,9.5
-134.8345,6.95952,11.3
-134.84566,6.92069,12.2
-134.85682,6.88186,14.0
-134.86799,6.84303,14.8
-134.87915,6.8042,13.6
-134.89032,6.76537,11.5
-134.90148,6.72655,10.3
-134.91242,6.68828,9.5
-134.92337,6.65001,7.3
-134.93431,6.61175,5.1
-134.94525,6.57348,4.9
-134.95619,6.53522,5.7
-134.96713,6.49695,7.5
-134.97807,6.45869,9.2
-134.98901,6.42042,14.0
-134.99973,6.38273,19.2
-135.01044,6.34504,23.9
-135.02256,6.30291,22.3
-135.03431,6.26034,24.0
-135.04364,6.22101,19.9
-135.05297,6.18168,16.6
-135.06229,6.14235,18.4
-135.06727,6.12137,18.8
-135.071,6.10564,15.1
-135.07719,6.06439,10.8
-135.08163,6.02367,13.1
-135.0858,5.98243,13.9
-135.08996,5.94119,15.6
-135.09413,5.89995,15.4
-135.09829,5.85871,15.1
-135.10246,5.81747,14.9
-135.10662,5.77624,14.7
-135.1114,5.73294,13.4
-135.11617,5.68963,13.1
-135.18194,5.262,9.6
-135.19557,5.21951,10.3
-135.20919,5.17702,11.0
-135.22282,5.13453,13.6
-135.23645,5.09204,14.3
-135.25021,5.04905,14.7
-135.26398,5.00605,13.4
-135.27813,4.96329,9.6
-135.29384,4.92141,11.2
-135.30955,4.87953,11.9
-135.32526,4.83765,11.5
-135.34097,4.79577,13.1
-135.35668,4.75389,10.8
-135.37244,4.71184,9.3
-135.3882,4.6698,9.9
-135.40396,4.62775,15.5
-135.41972,4.58571,17.1
-135.43548,4.54366,16.7
-135.45124,4.50162,15.3
-135.46699,4.45957,16.9
-135.48275,4.41753,19.5
-135.49848,4.37556,20.1
-135.5142,4.33358,20.7
-135.52992,4.29161,20.2
-135.5467,4.24684,18.8
-135.60931,4.19575,21.4
-135.61692,4.15371,23.1
-135.62453,4.11167,24.6
-135.63215,4.06962,26.1
-135.63976,4.02758,28.6
-135.64902,3.9852,23.9
-135.66313,3.93103,24.5
-135.66991,3.89917,24.7
-135.67896,3.85567,26.2
-135.68914,3.8125,21.6
-135.70157,3.77001,22.1
-135.714,3.72751,22.6
-135.72644,3.68502,22.1
-135.73889,3.64206,22.6
-135.75135,3.5991,23.1
-135.76381,3.55614,22.6
-135.77627,3.51318,22.0
-135.78873,3.47022,21.5
-135.80119,3.42726,22.0
-135.81365,3.3843,20.5
-135.82611,3.34133,19.9
-135.8386,3.29758,20.3
-135.8511,3.25382,19.7
-135.8636,3.21006,20.2
-135.87609,3.1663,19.6
-135.88859,3.12254,20.1
-135.90109,3.07878,19.5
-135.91358,3.03502,19.9
-135.92608,2.99126,21.3
-135.9386,2.9467,22.7
-135.95113,2.90214,23.1
-135.96365,2.85758,23.5
-135.97618,2.81302,23.9
-135.9887,2.76847,23.3
-136.00122,2.72391,24.6
-136.01375,2.67935,24.0
-136.02627,2.63479,24.4
-136.03885,2.58943,26.7
-136.05142,2.54408,26.0
-136.064,2.49873,25.4
-136.07658,2.45337,23.8
-136.08915,2.40802,24.1
-136.10155,2.36222,23.8
-136.11393,2.31638,24.1
-136.12541,2.27364,25.5
-136.13349,2.22754,23.9
-136.14083,2.18446,24.2
-136.14817,2.14139,23.5
-136.15551,2.09831,23.8
-136.16398,2.05446,24.3
-136.17287,2.01031,24.6
-136.18206,1.96588,21.2
-136.19241,1.92033,19.5
-136.20257,1.87567,19.1
-136.2122,1.83236,19.3
-136.22183,1.78905,20.6
-136.22931,1.74649,23.9
-136.23665,1.704,24.2
-136.24349,1.66433,24.4
-136.24763,1.61962,21.3
-136.25055,1.57696,21.8
-136.25239,1.53314,21.0
-136.25424,1.48931,20.2
-136.25608,1.44548,21.4
-136.25793,1.40166,22.6
-136.25982,1.35831,23.7
-136.26172,1.31495,26.9
-136.26381,1.2717,24.7
-136.26869,1.2298,24.8
-136.27357,1.18789,24.0
-136.27845,1.14599,21.2
-136.28333,1.10409,20.3
-136.28821,1.06218,20.5
-136.29341,1.01749,19.6
-136.2839,1.0244,21.0
-136.26107,1.05096,26.7
-136.22994,1.08621,26.6
-136.20193,1.11794,25.5
-136.34533,1.13633,21.9
-136.32134,1.16034,22.8
-136.28936,1.19235,26.7
-136.26538,1.21635,28.6
-136.24139,1.24036,28.5
-136.2174,1.26437,27.4
-136.19342,1.28837,26.3
-136.16991,1.31202,24.3
-136.1464,1.33566,23.2
-136.1229,1.3593,24.1
-136.09939,1.38294,24.0
-136.07588,1.40659,23.9
-136.05238,1.43023,24.8
-136.02887,1.45387,21.7
-136.00693,1.47594,19.6
-135.98094,1.49917,19.2
-135.95651,1.52082,20.1
-135.93208,1.54248,21.0
-135.90765,1.56413,21.9
-135.88322,1.58578,21.8
-135.85879,1.60744,21.7
-135.83436,1.62909,19.6
-135.80993,1.65075,19.5
-135.78558,1.67234,21.2
-135.76123,1.69393,21.1
-135.73757,1.71594,16.2
-135.71531,1.73879,15.1
-135.69008,1.76469,14.9
-135.67237,1.78688,16.2
-135.65208,1.81272,17.1
-135.6318,1.83855,19.0
-135.61152,1.86439,18.9
-135.59088,1.88974,22.1
-135.56925,1.91376,23.0
-135.54762,1.93779,22.8
-135.526,1.96182,20.7
-135.50437,1.98585,19.6
-135.48274,2.00987,18.4
-135.46112,2.0339,22.2
-135.43904,2.05828,24.9
-135.41697,2.08266,20.7
-135.39489,2.10703,19.6
-135.37278,2.13118,21.6
-135.3506,2.15497,23.4
-135.32842,2.17876,23.3
-135.30624,2.20255,23.1
-135.28445,2.22654,20.3
-135.26411,2.25081,19.4
-135.24378,2.27508,21.3
-135.22344,2.29935,22.1
-135.20311,2.32362,23.9
-135.18185,2.3477,26.4
-135.15999,2.37166,26.3
-135.13813,2.39561,25.1
-135.11627,2.41957,24.9
-135.09474,2.44325,25.1
-135.07322,2.46693,24.9
-135.0517,2.49061,24.7
-135.02924,2.51434,27.7
-135.00597,2.5381,28.5
-134.9827,2.56187,29.3
-134.95942,2.58564,29.1
-134.93615,2.6094,31.9
-134.91274,2.63328,33.9
-134.88932,2.65717,33.7
-134.86591,2.68105,32.5
-134.84405,2.70334,32.3
-134.86426,2.71724,32.7
-134.83411,2.74883,32.5
-134.8115,2.77252,30.3
-134.78889,2.79622,31.1
-134.76628,2.81991,29.9
-134.74367,2.84361,28.7
-134.72106,2.8673,27.5
-134.69845,2.891,26.3
-134.67588,2.91466,27.0
-134.65332,2.93833,24.8
-134.6298,2.96315,25.2
-134.60629,2.98798,25.0
-134.58277,3.0128,24.8
-134.55926,3.03762,25.5
-134.53575,3.06245,24.3
-134.51223,3.08727,23.1
-134.48874,3.11206,23.8
-134.46525,3.13685,21.5
-134.44147,3.16176,26.0
-134.41367,3.18818,25.8
-134.38588,3.21461,26.5
-134.35808,3.24103,27.2
-134.33028,3.26746,27.9
-134.30249,3.29389,30.6
-134.27436,3.32057,29.9
-134.24624,3.34725,30.7
-134.21811,3.37394,29.4
-134.18999,3.40062,29.1
-134.16186,3.42731,28.8
-134.13374,3.45399,29.5
-134.10561,3.48067,30.2
-134.07749,3.50736,31.9
-134.04936,3.53404,30.6
-134.02124,3.56073,30.3
-133.99414,3.58847,26.2
-133.96705,3.61621,23.9
-133.93995,3.64396,22.6
-133.91286,3.6717,21.3
-133.88576,3.69944,21.9
-133.85867,3.72719,23.6
-133.83151,3.75497,24.4
-133.80616,3.78091,21.1
-133.7772,3.81055,20.7
-133.75004,3.83834,20.4
-133.72288,3.86612,20.1
-133.69573,3.89391,17.7
-133.66857,3.9217,15.4
-133.64322,3.94763,15.1
-133.61613,3.97957,14.3
-133.59084,4.00965,13.9
-133.56555,4.03973,14.6
-133.54026,4.06982,14.2
-133.51497,4.0999,13.8
-133.48969,4.12999,14.4
-133.4644,4.16007,13.0
-133.43911,4.19015,12.5
-133.41382,4.22023,12.1
-133.38853,4.25032,10.7
-133.36324,4.2804,9.3
-133.33795,4.31048,8.9
-133.31265,4.34056,10.5
-133.28736,4.37065,12.1
-133.26207,4.40073,12.6
-133.23678,4.43081,13.2
-133.21168,4.46069,11.5
-133.18344,4.49035,18.0
-133.15442,4.51996,20.6
-133.12539,4.54958,22.2
-133.09637,4.57919,24.7
-133.06928,4.60683,25.3
-133.03923,4.6396,25.2
-133.01111,4.67041,25.7
-132.98299,4.70121,26.2
-132.95487,4.73201,24.8
-132.92675,4.76281,24.3
-132.89863,4.79361,24.9
-132.87051,4.82441,24.4
-132.84239,4.85522,24.9
-132.81427,4.88602,23.5
-132.78615,4.91682,22.0
-132.75803,4.94762,20.5
-132.72991,4.97842,19.1
-132.70366,5.00717,18.6
-132.66423,5.04841,21.8
-132.64837,5.06561,19.6
-132.6325,5.0828,18.3
-132.61663,5.09999,18.0
-132.59923,5.11888,19.5
-132.58183,5.13777,18.2
-132.56443,5.15666,16.9
-132.55283,5.16926,16.7
-132.53543,5.18815,15.4
-132.50469,5.22166,14.1
-132.48101,5.2475,13.7
-132.45733,5.27333,13.3
-132.43365,5.29916,13.9
-132.40997,5.32499,14.4
-132.38565,5.35136,15.1
-132.36294,5.37598,16.7
-132.33808,5.40552,15.2
-132.31485,5.4333,16.7
-132.29161,5.46108,16.3
-132.26837,5.48887,14.8
-132.24513,5.51665,13.3
-132.22189,5.54443,12.9
-132.20485,5.56481,11.5
-132.14394,5.62705,8.4
-132.11795,5.66165,10.7
-132.09196,5.69624,13.1
-132.06597,5.73084,16.4
-132.03998,5.76543,18.8
-132.01398,5.80003,21.1
-131.98799,5.83463,23.5
-131.962,5.86922,22.8
-131.93611,5.90368,22.0
-131.91021,5.93814,22.4
-131.88432,5.97261,23.7
-131.85843,6.00707,27.0
-131.83227,6.04125,27.9
-131.80606,6.07539,26.3
-131.77986,6.10952,26.6
-131.75366,6.14366,26.9
-131.72745,6.17779,28.2
-131.70125,6.21192,28.6
-131.67505,6.24605,26.9
-131.64779,6.28023,26.3
-131.62045,6.31441,25.6
-131.59312,6.34859,25.9
-131.56578,6.38277,26.2
-131.54027,6.41467,25.6
-131.55417,6.3668,21.5
-131.56203,6.34172,22.0
-131.57365,6.30414,24.3
-131.58507,6.26658,24.1
-131.59648,6.22903,23.8
-131.6079,6.19148,24.6
-131.61932,6.15392,24.3
-131.63073,6.11637,25.0
-131.64237,6.07809,25.3
-131.65402,6.03982,27.0
-131.66566,6.00154,28.7
-131.6773,5.96327,29.4
-131.69438,5.90713,30.5
-131.70208,5.88142,34.4
-131.70491,5.87194,34.5
-131.71663,5.83335,31.2
-131.72271,5.81333,25.7
-131.73277,5.77997,26.7
-131.74058,5.7543,26.2
-131.75229,5.7158,22.9
-131.76391,5.67735,20.4
-131.77521,5.63913,17.1
-131.78651,5.6009,14.8
-131.79782,5.56268,13.5
-131.80922,5.52413,10.9
-131.82063,5.48558,9.6
-131.83204,5.44702,9.3
-131.84344,5.40847,9.0
-131.85421,5.37031,9.9
-131.86487,5.33222,10.6
-131.87553,5.29413,11.2
-131.88619,5.25604,11.8
-131.89692,5.21776,14.3
-131.90764,5.17948,16.9
-131.91836,5.1412,19.5
-131.92908,5.10292,24.1
-131.9398,5.06464,26.7
-131.94981,5.02891,25.3
-131.94385,5.02127,22.7
-131.9533,4.98333,22.3
-131.96673,4.93196,20.0
-131.9768,4.89343,20.6
-131.98687,4.85491,19.2
-131.99694,4.81638,18.8
-132.00701,4.77786,21.3
-132.01708,4.73933,21.9
-132.02716,4.7008,22.5
-132.03726,4.66218,22.0
-132.04736,4.62356,21.5
-132.05746,4.58494,22.1
-132.06756,4.54631,24.6
-132.07766,4.50769,25.2
-132.08776,4.46907,24.7
-132.09786,4.43045,23.3
-132.10797,4.39182,23.8
-132.11816,4.35283,24.2
-132.12835,4.31385,22.7
-132.13855,4.27486,20.3
-132.14948,4.23492,14.4
-132.16106,4.19416,12.9
-132.17264,4.1534,14.5
-132.18422,4.11264,15.1
-132.1958,4.07188,15.6
-132.20737,4.03117,16.1
-132.21894,3.99047,14.6
-132.23051,3.95025,14.1
-132.2421,3.91103,14.6
-132.25369,3.87181,15.1
-132.26527,3.83259,15.5
-132.27686,3.79337,18.0
-132.28845,3.75414,20.4
-132.30023,3.71417,22.5
-132.30966,3.68219,22.9
-132.31988,3.64754,19.3
-132.3356,3.59424,16.0
-132.34738,3.55427,12.4
-132.35917,3.51429,11.9
-132.37096,3.47432,15.3
-132.38275,3.43434,18.7
-132.39458,3.39419,21.0
-132.40641,3.35404,23.4
-132.41825,3.31389,24.8
-132.43008,3.27373,24.3
-132.44191,3.23358,24.7
-132.45375,3.19343,24.1
-132.4656,3.1536,23.4
-132.4775,3.1144,20.8
-132.48936,3.07547,14.3
-132.50122,3.03654,9.7
-132.50992,3.00799,10.0
-132.52099,2.97166,15.3
-132.53285,2.93273,20.6
-132.54866,2.88082,23.0
-132.56052,2.8419,24.4
-132.57238,2.80297,25.7
-132.5842,2.76424,26.1
-132.59666,2.7249,22.2
-132.60916,2.68552,18.6
-132.62167,2.64613,20.9
-132.63417,2.60675,22.2
-132.64668,2.56736,22.5
-132.65918,2.52797,23.9
-132.67169,2.48859,25.2
-132.68418,2.44923,26.5
-132.69667,2.40988,22.8
-132.70916,2.37052,22.1
-132.72174,2.33113,24.7
-132.73886,2.27846,26.1
-132.74742,2.25212,22.3
-132.76026,2.21262,20.6
-132.7731,2.17312,21.9
-132.78573,2.13395,22.6
-132.79777,2.0954,23.8
-132.80981,2.05684,24.1
-132.82185,2.01829,25.3
-132.8339,1.97974,25.6
-132.84594,1.94118,26.8
-132.85798,1.90263,28.0
-132.87002,1.86408,28.2
-132.88191,1.82614,25.8
-132.89379,1.78819,24.0
-132.90568,1.75025,22.2
-132.91756,1.71231,21.5
-132.92945,1.67437,18.7
-132.94173,1.63623,14.6
-132.95435,1.59793,14.8
-132.96613,1.56217,15.9
-132.99381,1.56774,15.3
-132.9984,1.55341,15.4
-133.0053,1.5319,15.5
-133.01219,1.5104,15.6
-133.01908,1.48889,16.7
-133.02597,1.46739,17.8
-133.03286,1.44588,17.9
-133.03975,1.42438,18.0
-133.04664,1.40288,19.1
-133.05353,1.38137,19.2
-133.05813,1.36703,18.2
-133.06119,1.35628,14.4
-133.07159,1.31756,16.2
-133.08139,1.28027,17.3
-133.09119,1.24297,19.4
-133.101,1.20568,21.6
-133.1108,1.16839,20.7
-133.1206,1.13109,20.9
-133.1303,1.09429,21.2
-133.14,1.05749,20.3
-133.1497,1.02069,19.4
-133.16161,0.98248,16.5
-133.17409,0.94393,18.6
-133.19071,0.89252,19.8
-133.23617,0.90834,26.1
-133.24449,0.8682,21.4
-133.25281,0.82807,19.6
-133.26112,0.78794,22.7
-133.26944,0.7478,23.8
-133.27776,0.70767,23.9
-133.28686,0.66773,21.5
-133.29598,0.62821,23.6
-133.30511,0.58869,25.6
-133.31423,0.54917,26.7
-133.32336,0.50964,24.8
-133.33248,0.47012,24.8
-133.34161,0.4306,25.9
-133.35073,0.39107,27.9
-133.35986,0.35155,28.0
-133.36894,0.31226,25.5
-133.37833,0.27126,28.5
-133.38772,0.23026,32.5
-133.39398,0.20292,32.6
-133.40338,0.16192,28.6
-133.4159,0.10725,27.7
-133.42529,0.06625,27.7
-133.43469,0.02525,26.7
-133.4439,-0.01472,26.0
-133.45312,-0.0547,25.0
-133.46234,-0.09467,25.0
-133.47169,-0.13473,24.5
-133.48116,-0.17486,23.5
-133.49063,-0.21499,22.5
-133.50011,-0.25512,20.5
-133.50958,-0.29525,18.5
-133.51905,-0.33536,17.5
-133.52852,-0.37548,17.4
-133.53799,-0.41559,20.3
-133.54746,-0.45571,24.2
-133.55693,-0.49582,26.2
-133.56577,-0.53326,27.1
-133.60384,-0.56022,24.4
-133.61307,-0.59084,23.4
-133.62482,-0.62981,21.3
-133.63321,-0.65765,21.2
-133.64579,-0.69941,21.2
-133.65822,-0.74029,22.5
-133.67057,-0.78073,23.4
-133.68292,-0.82118,25.3
-133.69524,-0.86147,27.2
-133.70757,-0.90176,29.0
-133.7199,-0.94206,29.9
-133.73222,-0.98235,26.8
-133.74455,-1.02264,24.7
-133.75687,-1.06294,24.6
-133.7692,-1.10323,22.5
-133.78134,-1.14446,20.9
-133.7933,-1.18546,20.8
-133.80526,-1.22646,22.7
-133.81704,-1.2672,30.2
-133.82628,-1.29955,32.0
-133.8363,-1.33459,27.9
-133.84632,-1.36963,25.8
-133.85557,-1.40198,25.6
-133.86945,-1.4505,24.4
-133.88259,-1.49653,27.1
-133.89421,-1.53728,29.9
-133.9058,-1.57727,26.8
-133.92124,-1.63052,25.5
-133.93282,-1.67046,25.3
-133.94441,-1.7104,26.1
-133.95599,-1.75034,28.8
-133.96807,-1.79007,29.5
-133.98059,-1.83108,29.7
-133.99311,-1.87208,26.5
-134.00563,-1.91309,25.2
-134.01815,-1.9541,22.0
-134.03067,-1.9951,20.8
-134.04319,-2.03611,22.5
-134.05571,-2.07711,23.2
-134.06823,-2.11812,22.9
-134.0813,-2.16167,19.7
-134.09436,-2.20521,18.4
-134.10743,-2.24876,19.1
-134.12069,-2.29345,20.4
-134.13395,-2.33822,21.1
-134.14722,-2.383,21.7
-134.16049,-2.42777,24.4
-134.17376,-2.47255,25.0
-134.18637,-2.51419,26.9
-134.19897,-2.55583,23.6
-134.21157,-2.59747,22.2
-134.22418,-2.63911,23.9
-134.23678,-2.68075,24.5
-134.24938,-2.72239,26.1
-134.26199,-2.76403,25.8
-134.27375,-2.8029,24.5
-134.28524,-2.84931,24.6
-134.29589,-2.89294,23.2
-134.30653,-2.93658,21.8
-134.31718,-2.98021,20.4
-134.32783,-3.02385,18.1
-134.33847,-3.06748,17.6
-134.34912,-3.11112,18.2
-134.35977,-3.15475,19.8
-134.37049,-3.19876,18.9
-134.38137,-3.24257,19.5
-134.39225,-3.28638,23.0
-134.40313,-3.3302,25.5
-134.4137,-3.37199,28.6
-134.42427,-3.41379,27.1
-134.43484,-3.45559,28.7
-134.44541,-3.49738,29.2
-134.45598,-3.53918,29.7
-134.46655,-3.58097,28.3
-134.47713,-3.62277,28.8
-134.4877,-3.66457,29.3
-134.49835,-3.7069,27.7
-134.50871,-3.74963,27.2
-134.51881,-3.7927,26.7
-134.52892,-3.83577,29.1
-134.53902,-3.87884,27.6
-134.54912,-3.92191,26.1
-134.55923,-3.96498,23.6
-134.56933,-4.00805,21.1
-134.57949,-4.05154,19.5
-134.58965,-4.09502,17.9
-134.59642,-4.12401,17.6
-134.62715,-4.17267,24.7
-134.63732,-4.21363,26.2
-134.64748,-4.25459,27.6
-134.65765,-4.29555,29.0
-134.66782,-4.33651,30.5
-134.67799,-4.37747,30.9
-134.68815,-4.41843,29.3
-134.69832,-4.45938,27.8
-134.70849,-4.50034,27.2
-134.71865,-4.5413,27.6
-134.72894,-4.58211,26.7
-134.73929,-4.62302,25.2
-134.74964,-4.66392,23.6
-134.75999,-4.70483,23.0
-134.77034,-4.74574,20.4
-134.78069,-4.78664,17.8
-134.79035,-4.82482,16.2
-134.82081,-4.86095,10.7
-134.85059,-4.89435,12.2
-134.88036,-4.92775,13.6
-134.90999,-4.96086,15.4
-134.93957,-4.99385,16.9
-134.96916,-5.02685,17.4
-134.99874,-5.05984,17.9
-135.02778,-5.0922,21.2
-135.05543,-5.12357,28.9
-135.08217,-5.15571,31.3
-135.1089,-5.18785,30.8
-135.13564,-5.21999,27.3
-135.16237,-5.25213,24.8
-135.18911,-5.28427,24.3
-135.21584,-5.31641,21.8
-135.24258,-5.34855,22.2
-135.26931,-5.38069,23.7
-135.29595,-5.4127,22.4
-135.32259,-5.44471,22.8
-135.34923,-5.47672,24.2
-135.37589,-5.50834,24.6
-135.40256,-5.53962,25.1
-135.42924,-5.5709,25.5
-135.45592,-5.60218,26.0
-135.48082,-5.63137,26.5
-135.5122,-5.66257,25.7
-135.5418,-5.69168,27.1
-135.57153,-5.72082,28.2
-135.6053,-5.75388,28.6
-135.63113,-5.77915,31.5
-135.66094,-5.80831,32.9
-135.69074,-5.83747,31.4
-135.72055,-5.86664,28.0
-135.75021,-5.89564,25.8
-135.77987,-5.92464,25.3
-135.80953,-5.95365,26.7
-135.8392,-5.98265,26.2
-135.86886,-6.01165,25.6
-135.89852,-6.04066,25.1
-135.92802,-6.06972,27.4
-135.95718,-6.09891,22.9
-135.98616,-6.12787,20.7
-136.01513,-6.15684,21.2
-136.04411,-6.18581,21.6
-136.07309,-6.21478,24.0
-136.10207,-6.24375,22.5
-136.1311,-6.27274,22.5
-136.16029,-6.30178,22.0
-136.18948,-6.33082,23.4
-136.21907,-6.36024,23.1
-136.24866,-6.38966,22.5
-136.27824,-6.41908,23.8
-136.30783,-6.4485,25.2
-136.33742,-6.47792,28.6
-136.36701,-6.50733,28.0
-136.3966,-6.53675,25.4
-136.4263,-6.56627,23.1
-136.45591,-6.59559,24.2
-136.48553,-6.62492,26.6
-136.51515,-6.65425,27.9
-136.54476,-6.68357,29.3
-136.57438,-6.7129,27.7
-136.604,-6.74223,27.1
-136.63362,-6.77155,27.5
-136.66323,-6.80088,27.8
-136.69286,-6.8302,27.3
-136.72248,-6.85953,25.6
-136.75211,-6.88885,25.0
-136.78173,-6.91818,24.4
-136.81136,-6.9475,23.8
-136.83901,-6.97487,23.2
-136.87061,-7.00615,23.5
-136.90023,-7.03547,21.8
-136.92913,-7.06407,21.5
-136.95804,-7.09266,22.9
-136.98116,-7.11554,21.4
-137.00651,-7.11636,22.4
-137.03176,-7.13482,23.0
-137.05069,-7.14866,23.7
-137.06963,-7.1625,23.4
-137.08856,-7.17634,25.0
-137.1075,-7.19018,26.7
-137.12644,-7.20402,26.4
-137.15547,-7.22524,24.9
-137.16678,-7.23415,24.7
-137.19191,-7.25411,24.2
-137.21704,-7.27407,24.7
-137.2416,-7.29454,27.6
-137.26653,-7.31601,30.1
-137.29145,-7.33747,30.6
-137.31637,-7.35894,30.1
-137.3413,-7.3804,30.6
-137.37619,-7.41045,30.9
-137.42724,-7.45642,33.6
-137.45789,-7.485,34.9
-137.48855,-7.51357,35.2
-137.5192,-7.54215,35.6
-137.55784,-7.57815,36.1
-137.59973,-7.61711,33.4
-137.63962,-7.65423,32.5
-137.66954,-7.68206,31.9
-137.69946,-7.70989,32.2
-137.72938,-7.73773,31.5
-137.75956,-7.76577,28.6
-137.79077,-7.79465,27.9
-137.82212,-7.82364,27.0
-137.85348,-7.85264,27.3
-137.88484,-7.88164,25.6
-137.90574,-7.90097,24.1
-137.9371,-7.92996,26.4
-137.97264,-7.96283,27.5
-138.10128,-8.08594,26.3
-138.13275,-8.11501,25.5
-138.16421,-8.14409,25.8
-138.19568,-8.17317,26.1
-138.22714,-8.20225,24.3
-138.2586,-8.23133,24.6
-138.29007,-8.26041,22.9
-138.32153,-8.28948,22.1
-138.35262,-8.31859,23.8
-138.38327,-8.34773,23.1
-138.41403,-8.37698,22.2
-138.4448,-8.40622,20.4
-138.47556,-8.43546,17.7
-138.50633,-8.4647,15.9
-138.53709,-8.49395,15.1
-138.56786,-8.52319,13.4
-138.59862,-8.55243,11.6
-138.62939,-8.58168,10.9
-138.66041,-8.61037,9.3
-138.69165,-8.63878,7.6
-138.7229,-8.66719,5.8
-138.75415,-8.6956,5.0
-138.7854,-8.72401,3.3
-138.81664,-8.75242,1.5
-138.8484,-8.78081,-0.4
-138.87821,-8.80731,-1.1
-138.91123,-8.83866,-3.1
-138.94213,-8.86812,-3.9
-138.97303,-8.89758,-3.7
-139.00393,-8.92704,-3.5
-139.03483,-8.9565,-3.4
-139.06367,-8.98399,-3.1
-139.09582,-9.01138,-1.1
-139.1241,-9.04187,0.0
-139.16377,-9.08087,-0.3
-139.19389,-9.10981,1.8
-139.224,-9.13875,4.0
-139.25412,-9.16769,3.2
-139.28424,-9.19664,3.3
-139.30976,-9.22109,5.8
-139.34313,-9.25308,1.0
-139.37258,-9.28129,-1.8
-139.40202,-9.30951,-2.6
-139.43153,-9.3386,-2.8
-139.46117,-9.3694,-1.7
-139.49081,-9.4002,-3.6
-139.52044,-9.43101,-3.5
-139.55048,-9.46222,-2.2
-139.58053,-9.49344,-1.1
-139.61057,-9.52465,0.9
-139.64061,-9.55587,5.9
-139.67065,-9.58708,22.8
-139.69565,-9.61423,41.6
-139.72792,-9.64975,62.2
-139.7564,-9.6811,52.4
-139.7842,-9.7117,32.9
-139.81199,-9.7423,16.2
-139.83979,-9.7729,7.3
-139.86758,-9.8035,-1.5
-139.89575,-9.83339,-2.3
-139.92406,-9.86301,-1.2
-139.95237,-9.89264,-4.1
-139.98068,-9.92226,-7.9
-140.00928,-9.95218,-9.3
-140.03787,-9.98209,-9.2
-140.06647,-10.012,-9.2
-140.09507,-10.04191,-9.1
-140.12367,-10.07183,-7.1
-140.15227,-10.10174,-6.0
-140.18087,-10.13165,-4.0
-140.20947,-10.16156,-2.9
-140.23808,-10.19147,0.1
-140.2667,-10.22138,0.2
-140.29531,-10.25129,2.2
-140.32393,-10.28119,2.3
-140.35254,-10.3111,1.3
-140.38116,-10.34101,2.3
-140.40944,-10.36949,4.1
-140.43768,-10.39775,5.2
-140.46593,-10.42601,6.3
-140.49418,-10.45426,9.3
-140.52243,-10.48251,10.4
-140.55068,-10.51077,12.6
-140.57894,-10.53902,12.6
-140.60719,-10.56727,11.7
-140.63544,-10.59553,13.8
-140.66369,-10.62378,19.8
-140.69195,-10.65202,21.8
-140.72021,-10.68025,17.9
-140.74846,-10.70849,17.0
-140.77658,-10.73785,16.5
-140.80458,-10.7682,18.4
-140.83258,-10.79856,18.4
-140.86058,-10.82891,19.4
-140.88858,-10.85926,19.4
-140.91741,-10.89047,18.9
-140.94625,-10.92168,18.8
-140.97554,-10.95235,16.2
-141.00534,-10.98238,15.2
-141.03514,-11.01241,17.1
-141.07687,-11.05445,20.7
-141.09729,-11.06902,19.8
-141.13187,-11.09257,21.0
-141.16645,-11.11613,22.2
-141.20103,-11.13968,24.3
-141.23559,-11.16317,24.9
-141.26998,-11.18577,22.1
-141.30441,-11.20838,21.3
-141.33884,-11.231,22.5
-141.37327,-11.25361,23.7
-141.40769,-11.27623,24.9
-141.44212,-11.29884,24.2
-141.47655,-11.32146,17.4
-141.51098,-11.34407,13.7
-141.54541,-11.36669,12.9
-141.5798,-11.38927,11.3
-141.6142,-11.41185,8.5
-141.6486,-11.43443,4.7
-141.683,-11.45701,1.0
-141.71739,-11.47959,0.2
-141.74032,-11.49465,2.6
-141.76555,-11.51121,3.0
-141.80798,-11.53101,7.1
-141.8282,-11.54612,11.5
-141.85381,-11.56526,12.8
-141.88747,-11.59062,9.8
-141.91978,-11.61497,11.0
-141.9521,-11.63933,11.1
-141.98441,-11.66368,11.2
-142.01675,-11.68777,13.2
-142.04913,-11.71156,12.4
-142.08151,-11.73535,12.5
-142.11389,-11.75914,17.5
-142.14722,-11.78364,19.0
-142.1761,-11.80487,18.2
-142.21388,-11.83263,14.3
-142.24721,-11.85713,12.4
-142.28057,-11.88161,10.7
-142.31438,-11.9057,11.8
-142.3482,-11.92979,13.9
-142.38201,-11.95389,16.0
-142.41579,-11.97795,17.2
-142.44957,-12.00201,17.3
-142.48335,-12.02607,16.4
-142.51713,-12.05012,11.6
-142.54965,-12.07626,12.2
-142.58198,-12.10271,10.2
-142.6143,-12.12917,8.2
-142.64663,-12.15562,6.3
-142.67929,-12.18231,3.8
-142.71194,-12.209,1.8
-142.7446,-12.23569,0.8
-142.77725,-12.26238,0.8
-142.80991,-12.28907,-0.2
-142.84256,-12.31576,-2.2
-142.87592,-12.3426,-2.8
-142.90326,-12.3642,-3.6
-142.94424,-12.39657,-9.6
-142.97838,-12.42353,-13.6
-143.01253,-12.4505,-13.7
-143.04667,-12.47746,-12.7
-143.07626,-12.50083,-13.6
-143.11496,-12.5314,-21.7
-143.14911,-12.55836,-26.7
-143.18325,-12.58533,-28.7
-143.21742,-12.61229,-28.7
-143.25158,-12.63925,-26.7
-143.28575,-12.66622,-21.9
-143.31991,-12.69318,-15.0
-143.35515,-12.71911,-10.9
-143.39038,-12.74504,-5.0
-143.42562,-12.77097,-0.1
-143.46085,-12.7969,-0.1
-143.49609,-12.82283,3.8
-143.53132,-12.84876,7.7
-143.56656,-12.87469,13.6
-143.6007,-12.90076,20.3
-143.63408,-12.92672,25.7
-143.66747,-12.95269,28.6
-143.70085,-12.97865,30.6
-143.73423,-13.00461,32.5
-143.76761,-13.03057,35.4
-143.80099,-13.05654,36.4
-143.83438,-13.0825,38.3
-143.86791,-13.10838,36.3
-143.90138,-13.13289,32.3
-143.93485,-13.1574,21.4
-143.96832,-13.18192,14.5
-144.00179,-13.20643,14.5
-144.03526,-13.23094,12.6
-144.06873,-13.25545,9.6
-144.10226,-13.27987,9.1
-144.13665,-13.30301,14.1
-144.17198,-13.32678,18.5
-144.2073,-13.35055,22.5
-144.24262,-13.37432,24.5
-144.27795,-13.39809,26.5
-144.31327,-13.42186,29.5
-144.3486,-13.44562,30.5
-144.38392,-13.46939,29.5
-144.41925,-13.49316,28.6
-144.45457,-13.51691,24.7
-144.49011,-13.54091,21.3
-144.52571,-13.56496,20.3
-144.56131,-13.58901,18.3
-144.59691,-13.61306,17.4
-144.6325,-13.63711,19.3
-144.6681,-13.66116,14.4
-144.7037,-13.68521,13.3
-144.7394,-13.70906,11.9
-144.78962,-13.74255,10.5
-144.84843,-13.76406,10.7
-144.88488,-13.78782,30.4
-144.92133,-13.81157,47.2
-144.95049,-13.83057,45.5
-144.96993,-13.84324,34.1
-145.00638,-13.86699,12.3
-145.04283,-13.89074,-0.5
-145.07928,-13.9145,-4.5
-145.11561,-13.93831,-3.2
-145.15014,-13.96301,-5.2
-145.18485,-13.9878,-7.5
-145.21955,-14.01259,-10.5
-145.25426,-14.03739,-14.5
-145.28897,-14.06218,-18.5
-145.32367,-14.08698,-20.6
-145.35838,-14.11177,-24.6
-145.39308,-14.13657,-29.6
-145.42779,-14.16136,-32.6
-145.46235,-14.18604,-33.4
-145.49691,-14.21071,-31.5
-145.53147,-14.23539,-25.6
-145.56603,-14.26006,-12.8
-145.59721,-14.28853,14.5
-145.62839,-14.317,39.9
-145.65957,-14.34547,59.5
-145.66789,-14.35306,61.1
-145.70114,-14.38342,69.7
-145.72193,-14.4024,64.9
-145.75103,-14.42897,54.9
-145.78933,-14.45399,41.4
-145.82555,-14.47711,29.5
-145.86177,-14.50022,21.6
-145.89798,-14.52334,14.6
-145.9342,-14.54646,11.6
-145.97042,-14.56958,10.5
-146.00648,-14.59259,8.9
-146.0423,-14.61544,8.7
-146.0779,-14.63813,8.7
-146.11351,-14.66083,8.7
-146.14911,-14.68353,7.7
-146.18472,-14.70623,5.7
-146.22032,-14.72892,4.7
-146.25592,-14.75162,1.8
-146.29153,-14.77432,-0.2
-146.32713,-14.79701,-2.2
-146.36274,-14.81971,-3.2
-146.39834,-14.84241,-3.2
-146.43409,-14.86517,-3.3
-146.46983,-14.88793,-3.4
-146.50558,-14.9107,-5.4
-146.54133,-14.93346,-6.4
-146.57708,-14.95622,-10.4
-146.61282,-14.97898,-14.4
-146.64857,-15.00174,-19.3
-146.68438,-15.02423,-23.4
-146.71772,-15.04497,-20.1
-146.75106,-15.06571,-19.1
-146.78439,-15.08645,-5.2
-146.81773,-15.10719,14.6
-146.84885,-15.12654,25.6
-146.88419,-15.1566,24.7
-146.91731,-15.18528,15.5
-146.93939,-15.2044,14.6
-146.97252,-15.23307,19.2
-147.00564,-15.26175,32.8
-147.03434,-15.2866,37.6
-147.07188,-15.3191,28.2
-147.10059,-15.34395,26.0
-147.14916,-15.38601,28.0
-147.18081,-15.41341,36.5
-147.21054,-15.43965,37.2
-147.24027,-15.46589,39.0
-147.27,-15.49213,39.7
-147.28388,-15.50438,39.2
-147.31361,-15.53062,31.0
-147.32946,-15.54461,35.3
-147.34929,-15.56211,48.4
-147.37505,-15.58485,49.3
-147.38893,-15.59709,34.9
-147.41866,-15.62333,7.9
-147.44839,-15.64957,-7.1
-147.47853,-15.67593,-17.6
-147.50969,-15.70293,-22.8
-147.53047,-15.72093,-23.6
-147.56164,-15.74793,-20.0
-147.59286,-15.77498,-17.9
-147.62441,-15.80238,-17.2
-147.65597,-15.82978,-26.4
-147.68753,-15.85717,-33.6
-147.72219,-15.88628,-40.5
-147.7408,-15.90187,-39.3
-147.81105,-15.9228,-40.9
-147.84932,-15.955,-39.5
-147.88504,-15.98506,-36.0
-147.92061,-16.00547,-28.0
-147.9565,-16.03919,-25.6
-147.99239,-16.07291,-18.3
-148.01631,-16.09539,-8.5
-148.04024,-16.11787,9.2
-148.07613,-16.15159,31.3
-148.09627,-16.17033,35.2
-148.13085,-16.20233,17.8
-148.16327,-16.23233,8.5
-148.19136,-16.25833,6.2
-148.2281,-16.29233,10.5
-148.26051,-16.32233,15.0
-148.29293,-16.35233,16.5
-148.31886,-16.37633,15.3
-148.34627,-16.40171,13.9
-148.38811,-16.44046,13.0
-148.42019,-16.4704,12.3
-148.45237,-16.50047,10.8
-148.48455,-16.53055,10.3
-148.51674,-16.56062,8.8
-148.54892,-16.5907,9.3
-148.5811,-16.62077,8.8
-148.61329,-16.65085,6.4
-148.64547,-16.68093,5.9
-148.67765,-16.711,5.4
-148.70983,-16.74108,3.9
-148.74108,-16.77027,4.1
-148.77243,-16.7993,1.4
-148.80385,-16.82824,2.0
-148.83527,-16.85719,2.5
-148.86668,-16.88613,2.0
-148.8981,-16.91508,1.6
-148.92951,-16.94402,4.0
-148.95883,-16.97104,6.6
-148.98987,-16.99795,7.4
-149.01756,-17.02094,7.3
-149.04526,-17.04394,10.1
-149.07296,-17.06693,10.9
-149.10188,-17.09082,10.4
-149.13098,-17.11484,12.1
-149.18918,-17.16289,16.6
-149.21828,-17.18691,21.3
-149.24738,-17.21094,28.0
-149.27648,-17.23496,36.7
-149.30558,-17.25898,46.3
-149.33309,-17.28456,66.7
-149.36082,-17.30767,74.8
-149.38854,-17.33077,84.5
-149.41626,-17.35387,95.2
-149.44398,-17.37698,105.8
-149.4717,-17.40008,109.6
-149.52624,-17.44887,111.2
