long,lat,z
-130.3919271,44.67473958,-2385.620605
-130.1252604,44.67473958,-2718.626953
-129.8585937,44.67473958,-2723.618408
-129.5919271,44.67473958,-2749.691406
-129.3252604,44.67473958,-2770.177002
-129.0585937,44.67473958,-2832.617432
-128.7919271,44.67473958,-2740.783936
-128.5252604,44.67473958,-2829.906738
-128.2585937,44.67473958,-2862.515869
-127.9919271,44.67473958,-2851.722412
-127.7252604,44.67473958,-2872.894043
-127.4585937,44.67473958,-2937.57251
-127.1919271,44.67473958,-2876.835938
-126.9252604,44.67473958,-2879.84668
-126.6585937,44.67473958,-2860.551514
-126.3919271,44.67473958,-2840.203857
-126.1252604,44.67473958,-2862.586182
-125.8585937,44.67473958,-2840.933838
-125.5919271,44.67473958,-2794.080078
-125.3252604,44.67473958,-1623.373291
-125.0585937,44.67473958,-706.3343506
-124.7919271,44.67473958,-329.1280212
-124.5252604,44.67473958,-147.3496094
-130.3919271,44.94140625,-2437.089844
-130.1252604,44.94140625,-2557.362305
-129.8585937,44.94140625,-2645.859619
-129.5919271,44.94140625,-2706.01416
-129.3252604,44.94140625,-2751.902832
-129.0585937,44.94140625,-2820.231201
-128.7919271,44.94140625,-2764.838379
-128.5252604,44.94140625,-2833.506592
-128.2585937,44.94140625,-2856.279785
-127.9919271,44.94140625,-2851.655518
-127.7252604,44.94140625,-2891.170166
-127.4585937,44.94140625,-2914.132568
-127.1919271,44.94140625,-2861.733887
-126.9252604,44.94140625,-2861.485596
-126.6585937,44.94140625,-2825.645508
-126.3919271,44.94140625,-2772.908691
-126.1252604,44.94140625,-2756.786865
-125.8585937,44.94140625,-2764.739014
-125.5919271,44.94140625,-2544.138428
-125.3252604,44.94140625,-1578.753052
-125.0585937,44.94140625,-885.0626831
-124.7919271,44.94140625,-462.8831787
-124.5252604,44.94140625,-283.7816162
-130.3919271,45.20807292,-2494.719482
-130.1252604,45.20807292,-2424.91626
-129.8585937,45.20807292,-2662.952148
-129.5919271,45.20807292,-2674.046631
-129.3252604,45.20807292,-2752.218018
-129.0585937,45.20807292,-2800.426514
-128.7919271,45.20807292,-2814.312744
-128.5252604,45.20807292,-2819.445557
-128.2585937,45.20807292,-2829.693115
-127.9919271,45.20807292,-2905.192383
-127.7252604,45.20807292,-2872.244873
-127.4585937,45.20807292,-2908.696533
-127.1919271,45.20807292,-2875.158691
-126.9252604,45.20807292,-2833.662354
-126.6585937,45.20807292,-2788.379883
-126.3919271,45.20807292,-2719.435303
-126.1252604,45.20807292,-2613.579834
-125.8585937,45.20807292,-2621.029785
-125.5919271,45.20807292,-2418.331787
-125.3252604,45.20807292,-1671.06604
-125.0585937,45.20807292,-1135.092651
-124.7919271,45.20807292,-497.2777405
-124.5252604,45.20807292,-307.6763
-130.3919271,45.47473958,-2647.210205
-130.1252604,45.47473958,-2324.872314
-129.8585937,45.47473958,-2532.724365
-129.5919271,45.47473958,-2693.577393
-129.3252604,45.47473958,-2739.931885
-129.0585937,45.47473958,-2775.825439
-128.7919271,45.47473958,-2786.67041
-128.5252604,45.47473958,-2789.171387
-128.2585937,45.47473958,-2840.460938
-127.9919271,45.47473958,-2887.665771
-127.7252604,45.47473958,-2869.392578
-127.4585937,45.47473958,-2846.06958
-127.1919271,45.47473958,-2835.022705
-126.9252604,45.47473958,-2792.016846
-126.6585937,45.47473958,-2726.677979
-126.3919271,45.47473958,-2649.584229
-126.1252604,45.47473958,-2543.289307
-125.8585937,45.47473958,-2412.483398
-125.5919271,45.47473958,-2264.523926
-125.3252604,45.47473958,-1641.721802
-125.0585937,45.47473958,-1358.317871
-124.7919271,45.47473958,-436.736084
-124.5252604,45.47473958,-201.9257507
-130.3919271,45.74140625,-2087.692627
-130.1252604,45.74140625,-1877.42395
-129.8585937,45.74140625,-2379.013672
-129.5919271,45.74140625,-2522.608154
-129.3252604,45.74140625,-2717.710693
-129.0585937,45.74140625,-2750.777344
-128.7919271,45.74140625,-2756.292236
-128.5252604,45.74140625,-2786.141846
-128.2585937,45.74140625,-2838.534424
-127.9919271,45.74140625,-2859.35791
-127.7252604,45.74140625,-2824.917969
-127.4585937,45.74140625,-2809.095459
-127.1919271,45.74140625,-2809.602783
-126.9252604,45.74140625,-2771.127197
-126.6585937,45.74140625,-2715.424072
-126.3919271,45.74140625,-2657.057617
-126.1252604,45.74140625,-2537.339111
-125.8585937,45.74140625,-2269.833984
-125.5919271,45.74140625,-1971.845947
-125.3252604,45.74140625,-1607.734619
-125.0585937,45.74140625,-1089.357666
-124.7919271,45.74140625,-287.4633484
-124.5252604,45.74140625,-149.1086731
-130.3919271,46.00807292,-2222.980225
-130.1252604,46.00807292,-2193.998047
-129.8585937,46.00807292,-2279.592529
-129.5919271,46.00807292,-2624.30957
-129.3252604,46.00807292,-2712.328613
-129.0585937,46.00807292,-2730.760254
-128.7919271,46.00807292,-2717.797119
-128.5252604,46.00807292,-2791.484863
-128.2585937,46.00807292,-2818.918213
-127.9919271,46.00807292,-2795.960938
-127.7252604,46.00807292,-2782.666992
-127.4585937,46.00807292,-2764.591797
-127.1919271,46.00807292,-2748.611328
-126.9252604,46.00807292,-2745.499756
-126.6585937,46.00807292,-2727.963867
-126.3919271,46.00807292,-2681.053467
-126.1252604,46.00807292,-2602.183105
-125.8585937,46.00807292,-2451.84082
-125.5919271,46.00807292,-1969.934937
-125.3252604,46.00807292,-1524.268555
-125.0585937,46.00807292,-1055.303955
-124.7919271,46.00807292,-438.5895386
-124.5252604,46.00807292,-150.5385132
-130.3919271,46.27473958,-2341.855469
-130.1252604,46.27473958,-2539.567383
-129.8585937,46.27473958,-2395.359375
-129.5919271,46.27473958,-2549.041016
-129.3252604,46.27473958,-2668.679199
-129.0585937,46.27473958,-2723.203125
-128.7919271,46.27473958,-2780.438721
-128.5252604,46.27473958,-2781.342285
-128.2585937,46.27473958,-2794.643799
-127.9919271,46.27473958,-2767.959473
-127.7252604,46.27473958,-2753.902588
-127.4585937,46.27473958,-2753.459961
-127.1919271,46.27473958,-2724.334961
-126.9252604,46.27473958,-2714.741943
-126.6585937,46.27473958,-2745.202881
-126.3919271,46.27473958,-2683.7771
-126.1252604,46.27473958,-2602.621582
-125.8585937,46.27473958,-2353.070801
-125.5919271,46.27473958,-2058.932373
-125.3252604,46.27473958,-1822.751831
-125.0585937,46.27473958,-1304.970947
-124.7919271,46.27473958,-723.6669312
-124.5252604,46.27473958,-123.7379913
-130.3919271,46.54140625,-2691.977051
-130.1252604,46.54140625,-2491.416992
-129.8585937,46.54140625,-2667.349854
-129.5919271,46.54140625,-2575.202393
-129.3252604,46.54140625,-2620.507324
-129.0585937,46.54140625,-2705.690674
-128.7919271,46.54140625,-2752.971924
-128.5252604,46.54140625,-2748.853516
-128.2585937,46.54140625,-2752.94165
-127.9919271,46.54140625,-2736.546143
-127.7252604,46.54140625,-2728.743896
-127.4585937,46.54140625,-2710.174805
-127.1919271,46.54140625,-2684.475586
-126.9252604,46.54140625,-2664.039551
-126.6585937,46.54140625,-2645.549072
-126.3919271,46.54140625,-2647.834961
-126.1252604,46.54140625,-2612.88501
-125.8585937,46.54140625,-2086.600098
-125.5919271,46.54140625,-1942.178467
-125.3252604,46.54140625,-1358.781494
-125.0585937,46.54140625,-782.7055664
-124.7919271,46.54140625,-318.2807007
-124.5252604,46.54140625,-90.26630402
-130.3919271,46.80807292,-2728.060059
-130.1252604,46.80807292,-2627.912109
-129.8585937,46.80807292,-2689.349365
-129.5919271,46.80807292,-2623.811035
-129.3252604,46.80807292,-2571.366211
-129.0585937,46.80807292,-2662.704102
-128.7919271,46.80807292,-2728.811523
-128.5252604,46.80807292,-2689.361816
-128.2585937,46.80807292,-2721.201904
-127.9919271,46.80807292,-2701.066406
-127.7252604,46.80807292,-2687.845459
-127.4585937,46.80807292,-2664.012695
-127.1919271,46.80807292,-2629.327148
-126.9252604,46.80807292,-2604.479004
-126.6585937,46.80807292,-2582.909668
-126.3919271,46.80807292,-2589.438721
-126.1252604,46.80807292,-2442.467529
-125.8585937,46.80807292,-1852.415894
-125.5919271,46.80807292,-1846.046997
-125.3252604,46.80807292,-1285.698364
-125.0585937,46.80807292,-430.7340393
-124.7919271,46.80807292,-117.3201904
-124.5252604,46.80807292,-60.91529083
-130.3919271,47.07473958,-2845.584229
-130.1252604,47.07473958,-2697.497559
-129.8585937,47.07473958,-2736.506348
-129.5919271,47.07473958,-2698.546631
-129.3252604,47.07473958,-2554.69751
-129.0585937,47.07473958,-2626.030273
-128.7919271,47.07473958,-2696.932129
-128.5252604,47.07473958,-2712.074707
-128.2585937,47.07473958,-2699.205078
-127.9919271,47.07473958,-2690.695068
-127.7252604,47.07473958,-2665.125488
-127.4585937,47.07473958,-2634.219238
-127.1919271,47.07473958,-2602.564697
-126.9252604,47.07473958,-2566.064453
-126.6585937,47.07473958,-2532.505859
-126.3919271,47.07473958,-2504.866455
-126.1252604,47.07473958,-2063.302002
-125.8585937,47.07473958,-1692.397095
-125.5919271,47.07473958,-1664.602173
-125.3252604,47.07473958,-1353.028076
-125.0585937,47.07473958,-457.4564819
-124.7919271,47.07473958,-104.0042725
-124.5252604,47.07473958,-42.20707321
-130.3919271,47.34140625,-2649.854004
-130.1252604,47.34140625,-2753.746582
-129.8585937,47.34140625,-2722.405762
-129.5919271,47.34140625,-2675.507324
-129.3252604,47.34140625,-2638.60083
-129.0585937,47.34140625,-2638.197021
-128.7919271,47.34140625,-2689.821289
-128.5252604,47.34140625,-2684.868408
-128.2585937,47.34140625,-2680.115479
-127.9919271,47.34140625,-2684.68042
-127.7252604,47.34140625,-2654.807373
-127.4585937,47.34140625,-2594.339355
-127.1919271,47.34140625,-2550.333252
-126.9252604,47.34140625,-2490.023193
-126.6585937,47.34140625,-2414.299072
-126.3919271,47.34140625,-2304.255615
-126.1252604,47.34140625,-1672.879395
-125.8585937,47.34140625,-1500.579712
-125.5919271,47.34140625,-1335.966553
-125.3252604,47.34140625,-949.2271729
-125.0585937,47.34140625,-659.0881348
-124.7919271,47.34140625,-89.06468201
-124.5252604,47.34140625,-2.182764053
-130.3919271,47.60807292,-2864.131836
-130.1252604,47.60807292,-2827.780518
-129.8585937,47.60807292,-2677.848389
-129.5919271,47.60807292,-2599.035645
-129.3252604,47.60807292,-2603.603516
-129.0585937,47.60807292,-2577.613037
-128.7919271,47.60807292,-2664.657959
-128.5252604,47.60807292,-2668.308105
-128.2585937,47.60807292,-2650.546875
-127.9919271,47.60807292,-2654.368408
-127.7252604,47.60807292,-2651.839111
-127.4585937,47.60807292,-2608.625244
-127.1919271,47.60807292,-2541.223145
-126.9252604,47.60807292,-2377.744141
-126.6585937,47.60807292,-2271.939697
-126.3919271,47.60807292,-1938.457886
-126.1252604,47.60807292,-1570.182861
-125.8585937,47.60807292,-1295.681396
-125.5919271,47.60807292,-1008.190796
-125.3252604,47.60807292,-603.9396362
-125.0585937,47.60807292,-122.2574081
-124.7919271,47.60807292,-49.10531998
-124.5252604,47.60807292,89.74623108
-130.3919271,47.87473958,-2597.647705
-130.1252604,47.87473958,-2585.218262
-129.8585937,47.87473958,-2650.257324
-129.5919271,47.87473958,-2556.735107
-129.3252604,47.87473958,-2413.50415
-129.0585937,47.87473958,-2438.469238
-128.7919271,47.87473958,-2592.296387
-128.5252604,47.87473958,-2616.100342
-128.2585937,47.87473958,-2622.967529
-127.9919271,47.87473958,-2620.833008
-127.7252604,47.87473958,-2654.031494
-127.4585937,47.87473958,-2623.399658
-127.1919271,47.87473958,-2557.141602
-126.9252604,47.87473958,-2434.336426
-126.6585937,47.87473958,-2236.514893
-126.3919271,47.87473958,-1770.395142
-126.1252604,47.87473958,-1494.806152
-125.8585937,47.87473958,-817.3471069
-125.5919271,47.87473958,-358.7436829
-125.3252604,47.87473958,-214.811676
-125.0585937,47.87473958,-98.9912262
-124.7919271,47.87473958,19.33139801
-124.5252604,47.87473958,176.3486023
-130.3919271,48.14140625,-2820.84082
-130.1252604,48.14140625,-2657.68042
-129.8585937,48.14140625,-2561.114258
-129.5919271,48.14140625,-2565.601074
-129.3252604,48.14140625,-2374.762451
-129.0585937,48.14140625,-2480.973633
-128.7919271,48.14140625,-2524.177246
-128.5252604,48.14140625,-2563.646484
-128.2585937,48.14140625,-2609.794922
-127.9919271,48.14140625,-2592.250732
-127.7252604,48.14140625,-2621.197754
-127.4585937,48.14140625,-2622.619873
-127.1919271,48.14140625,-2603.729004
-126.9252604,48.14140625,-2543.463135
-126.6585937,48.14140625,-2074.732666
-126.3919271,48.14140625,-1350.041992
-126.1252604,48.14140625,-759.3971558
-125.8585937,48.14140625,-325.2497864
-125.5919271,48.14140625,-130.9806671
-125.3252604,48.14140625,-161.5077515
-125.0585937,48.14140625,-162.3003235
-124.7919271,48.14140625,59.8457756
-124.5252604,48.14140625,93.48809814
-130.3919271,48.40807292,-2795.558594
-130.1252604,48.40807292,-2670.935547
-129.8585937,48.40807292,-2567.26123
-129.5919271,48.40807292,-2417.11377
-129.3252604,48.40807292,-2624.010742
-129.0585937,48.40807292,-2638.477295
-128.7919271,48.40807292,-2456.546631
-128.5252604,48.40807292,-2515.430176
-128.2585937,48.40807292,-2561.729492
-127.9919271,48.40807292,-2573.697754
-127.7252604,48.40807292,-2590.742188
-127.4585937,48.40807292,-2580.411621
-127.1919271,48.40807292,-2435.331787
-126.9252604,48.40807292,-1904.016113
-126.6585937,48.40807292,-1349.318237
-126.3919271,48.40807292,-688.4596558
-126.1252604,48.40807292,-148.9689941
-125.8585937,48.40807292,-94.18223572
-125.5919271,48.40807292,-121.1534348
-125.3252604,48.40807292,-128.6194458
-125.0585937,48.40807292,-121.9611435
-124.7919271,48.40807292,-34.80430603
-124.5252604,48.40807292,115.6693649
